loadstring(game:HttpGet("https://raw.githubusercontent.com/BloodStillCool/666blood666/main/basefix1"))()local Player = "LocalPlayer"

local Remote = game.ReplicatedStorage.PlaceStructure.ClientPlacedStructure
local Plr = game:GetService("Players").LocalPlayer
local Check = true

local BpRecive = { [1] = "Wall2Tall", [2] = "Door1", [3] = "Floor2", [4] = "Floor1Small", [5] = "Post", [6] = "Wedge10", [7] = "Wall3Tall", [8] = "Wall1Tall", [9] = "Wall1", [10] = "Wall1Short", [11] = "Wall2", [12] = "Wall2Short", [13] = "Wall1TallCorner", [14] = "Wall1Corner", [15] = "Wall1ShortCorner", [16] = "Wall1Thin", [17] = "Wall1TallThin", [18] = "Wall1ShortThin", [19] = "Wall2TallThin", [20] = "Wall2Thin", [21] = "Wall2ShortThin", [22] = "Wall2TallCorner", [23] = "Wall2Corner", [24] = "Wall2ShortCorner", [25] = "Wall3Thin", [26] = "Wall3TallThin", [27] = "Wall3Corner", [28] = "Wall3TallCorner", [29] = "Floor1Large", [30] = "Floor1", [31] = "Floor2Large", [32] = "Floor2Small", [33] = "Stair1", [34] = "Stair2", [35] = "Wedge1_Thin", [36] = "Wedge9_Thin", [37] = "Wedge4_Thin", [38] = "Wedge7_Thin", [39] = "Chair1", [40] = "Table1", [41] = "Table2", [42] = "Ladder1", [43] = "Cabinet1Thin", [44] = "Cabinet1", [45] = "Cabinet1CornerTight", [46] = "Cabinet1CornerWide", [47] = "CounterTop1Thin", [48] = "CounterTop1", [49] = "CounterTop1Sink", [50] = "Floor2Tiny", [51] = "Floor1Tiny", [52] = "Wedge1", [53] = "Wedge2", [54] = "Wedge3", [55] = "Wedge4", [56] = "Wedge8", [57] = "Wedge7", [58] = "Wedge6", [59] = "Wedge2_Thin", [60] = "Wedge3_Thin", [61] = "Wedge10_Thin", [62] = "Wedge9", [63] = "Wedge6_Thin", [64] = "Wedge8_Thin", [65] = "Wedge5", [66] = "Wedge5_Thin", [67] = "Wall3", [68] = "Door2", [69] = "Door3" }

local MaxVal = 48
local ManyC = 0

local function ToFill(v)
    ManyC = ManyC + 1
    Remote:FireServer(v.ItemName.Value, v.PrimaryPart.CFrame, Plr, nil, v, true)
    ManyC = ManyC - 2
end

local function SpawnBp(Name, cframe)
    game:GetService("ReplicatedStorage").PlaceStructure.ClientPlacedBlueprint:FireServer(Name, cframe, Plr)
    ManyC = ManyC + 1
end

local V1 = game.Workspace.PlayerModels.ChildAdded:connect(function(v)
    if v:WaitForChild("Owner", 1) and v:WaitForChild("ItemName", 1) and v:WaitForChild("Type", 1) and v.Type.Value == "Blueprint" and v.Owner.Value == Plr then 
        ToFill(v)
    end
end)

local LDR = game.ReplicatedStorage.LoadSaveRequests
local RS = LDR.RequestSave

local MainTable = {}

local function Start()
    for i, v in pairs(game.Workspace.PlayerModels:GetChildren()) do
        if v:FindFirstChild("Owner") and v.Owner.Value == game.Players.LocalPlayer and v:FindFirstChild("Type") and v.Type.Value == "Blueprint" then
            game.ReplicatedStorage.Interaction.DestroyStructure:FireServer(v)
        end
    end
    RS.Parent = nil
    local ToWait = 1
    for i, v in pairs(MainTable) do
        if ManyC > MaxVal then repeat wait() until ManyC < MaxVal end
        SpawnBp(v.Name, v.CFrame)
        if ToWait > 2 then wait() ToWait = 1 else ToWait = ToWait + 1 end
    end
    MainTable = {}
    RS.Parent = LDR
    wait(5)
    V1:Disconnect()
end

local Base
for i, v in pairs(game.Workspace.Properties:GetChildren()) do
    if v.Owner.Value == game.Players[Player] then
        Base = v.OriginSquare.CFrame
    end
end

local function Sbp(A_1, A_2, A_3, A_4, A_5, A_6, A_7)
    MainTable[#MainTable + 1] = {
    ["Name"] = BpRecive[A_1],
    ["CFrame"] = Base * CFrame.Angles(A_2, A_3, A_4) + Vector3.new(A_5, A_6, A_7)
    }
end

Sbp(19, -1.5707963705062866, -1.5707963705062866, 0, 89.5, 57.100032806396484, -11.100006103515625)
Sbp(19, -1.5707963705062866, -1.5707963705062866, 0, 89.5, 57.100032806396484, -43.100006103515625)
Sbp(19, -1.5707963705062866, -1.5707963705062866, 0, 89.5, 57.100032806396484, -27.100006103515625)
Sbp(19, -1.5707963705062866, -1.5707963705062866, 0, 89.5, 57.1002197265625, -51.100006103515625)
Sbp(19, -1.5707963705062866, -1.5707963705062866, 0, 89.5, 57.100032806396484, -19.100006103515625)
Sbp(19, -1.5707963705062866, -1.5707963705062866, 0, 89.5, 57.100032806396484, -35.100006103515625)
Sbp(1, 3.1415927410125732, -0, 1.5707963705062866, 1.899993896484375, 25.100000381469727, 1.5)
Sbp(1, -0, 0, -0, -3, 8.199999809265137, 12.5)
Sbp(1, -1.5707963705062866, 0, 1.5707963705062866, -4.100006103515625, 32.60000228881836, 4)
Sbp(1, -1.5707963705062866, 0, -3.1415927410125732, 13, 6.599999904632568, -1.899993896484375)
Sbp(1, -0, -1.5707963705062866, 0, -10.5, 8.199999809265137, 10)
Sbp(1, 1.5707963705062866, -0, -3.1415927410125732, 81, 17.600000381469727, -36.100006103515625)
Sbp(1, 1.5707963705062866, -0, -3.1415927410125732, 81, 17.600000381469727, -28.100006103515625)
Sbp(1, 0, 0, 1.5707963705062866, 89.89999389648438, 46.10000228881836, -62.5)
Sbp(1, -0, -0, -1.5707963705062866, 66.10000610351562, 47.10000228881836, -61.5)
Sbp(1, -0, -0, -1.5707963705062866, 66.10000610351562, 46.10000228881836, -62.5)
Sbp(1, 0, 0, 1.5707963705062866, 81.89999389648438, 46.10000228881836, -62.5)
Sbp(1, 0, 0, 1.5707963705062866, 57.899993896484375, 46.10000228881836, -62.5)
Sbp(1, -0, -1.5707963705062866, 0, -10.5, 16.200000762939453, 10)
Sbp(1, 0, 0, 1.5707963705062866, 65.89999389648438, 46.10000228881836, -62.5)
Sbp(1, 1.5707963705062866, -0, -3.1415927410125732, 51, 58.60000228881836, -16.100006103515625)
Sbp(1, 1.5707963705062866, -0, -3.1415927410125732, 51, 58.60000228881836, -24.100006103515625)
Sbp(1, 1.5707963705062866, -0, -3.1415927410125732, 51, 58.60000228881836, -0.100006103515625)
Sbp(1, 1.5707963705062866, -0, -3.1415927410125732, 51, 58.60000228881836, -8.100006103515625)
Sbp(1, 1.5707963705062866, -0, -3.1415927410125732, 51, 58.60000228881836, -56.100006103515625)
Sbp(1, 1.5707963705062866, -0, -3.1415927410125732, 51, 58.60000228881836, -32.100006103515625)
Sbp(1, 1.5707963705062866, 0, 1.5707963705062866, 76.89999389648438, 58.60000228881836, -2)
Sbp(1, 1.5707963705062866, 0, -0, 93, 58.60000228881836, -23.899993896484375)
Sbp(1, 1.5707963705062866, 0, 1.5707963705062866, 60.899993896484375, 58.60000228881836, -2)
Sbp(1, 1.5707963705062866, 0, 1.5707963705062866, 68.89999389648438, 58.60000228881836, -2)
Sbp(1, -1.5707963705062866, 0, -1.5707963705062866, 59.100006103515625, 58.60000228881836, -62)
Sbp(1, 1.5707963705062866, 0, 1.5707963705062866, 84.89999389648438, 58.60000228881836, -2)
Sbp(1, -1.5707963705062866, 0, -1.5707963705062866, 67.10000610351562, 58.60000228881836, -62)
Sbp(1, -1.5707963705062866, 0, -1.5707963705062866, 83.10000610351562, 58.60000228881836, -62)
Sbp(1, -1.5707963705062866, 0, -1.5707963705062866, 75.10000610351562, 58.60000228881836, -62)
Sbp(1, 1.5707963705062866, 0, -0, 93, 58.60000228881836, -55.899993896484375)
Sbp(1, 1.5707963705062866, 0, -0, 93, 58.60000228881836, -47.899993896484375)
Sbp(1, 1.5707963705062866, 0, -0, 93, 58.60000228881836, -39.899993896484375)
Sbp(1, 1.5707963705062866, -0, -3.1415927410125732, 51, 58.60000228881836, -48.100006103515625)
Sbp(1, 1.5707963705062866, 0, -0, 93, 58.60000228881836, -31.899993896484375)
Sbp(1, 1.5707963705062866, 0, -0, 93, 58.60000228881836, -15.899993896484375)
Sbp(1, 1.5707963705062866, 0, -0, 93, 58.60000228881836, -7.899993896484375)
Sbp(1, -1.5707963705062866, 0, -3.1415927410125732, 12, 28.600000381469727, -1.899993896484375)
Sbp(1, -1.5707963705062866, 0, -1.5707963705062866, -10.899993896484375, 27.600000381469727, 15)
Sbp(1, -1.5707963705062866, 0, -3.1415927410125732, -4, 27.600000381469727, 33.100006103515625)
Sbp(1, -1.5707963705062866, 0, -3.1415927410125732, 12, 28.600000381469727, -9.899993896484375)
Sbp(1, -3.1415927410125732, 0, -1.5707963705062866, -5.899993896484375, 57.10000228881836, 38.5)
Sbp(1, -3.1415927410125732, 0, -1.5707963705062866, 2.100006103515625, 57.10000228881836, 38.5)
Sbp(1, -1.5707963705062866, 1.5707963705062866, 0, -11.5, 66.0999984741211, 8.899993896484375)
Sbp(1, 1.5707963705062866, -1.5707963705062866, 0, -11.5, 57.10000228881836, -8.899993896484375)
Sbp(1, -1.5707963705062866, 0, -3.1415927410125732, 13, 6.599999904632568, 30.100006103515625)
Sbp(1, 1.5707963705062866, -1.5707963705062866, 0, -11.5, 57.10000228881836, 7.100006103515625)
Sbp(1, 1.5707963705062866, -1.5707963705062866, 0, -11.5, 57.10000228881836, -0.899993896484375)
Sbp(1, -1.5707963705062866, 0, -3.1415927410125732, 12, 28.600000381469727, 6.100006103515625)
Sbp(1, -1.5707963705062866, 0, -3.1415927410125732, -4, 26.600000381469727, 17.100006103515625)
Sbp(1, -1.5707963705062866, -0, -0, -5, 6.599999904632568, 41.899993896484375)
Sbp(1, -3.1415927410125732, 0, -0, -3, 24, 14.5)
Sbp(1, -3.1415927410125732, 0, -0, -3, 24, 13.5)
Sbp(1, -3.1415927410125732, 0, -0, -3, 16, 14.5)
Sbp(1, 1.5707963705062866, 0, -1.5707963705062866, -2.899993896484375, 27.600000381469727, -7)
Sbp(1, 1.5707963705062866, 0, 1.5707963705062866, 0.899993896484375, 6.599999904632568, -8)
Sbp(1, -1.5707963705062866, -0, -0, 13, 6.599999904632568, -2.100006103515625)
Sbp(1, 1.5707963705062866, 0, -0, -13, 26.600000381469727, -6.899993896484375)
Sbp(1, -1.5707963705062866, 0, -3.1415927410125732, -14, 6.599999904632568, 10.100006103515625)
Sbp(1, -0, -1.5707963705062866, 0, 79.5, 31.80000114440918, -57)
Sbp(1, -0, -1.5707963705062866, 0, 74.5, 31.80000114440918, -57)
Sbp(1, -0, 0, -0, 76, 51.79999923706055, -56.5)
Sbp(1, -3.1415927410125732, 0, -3.1415927410125732, 77, 26.80000114440918, -55.5)
Sbp(1, -3.1415927410125732, 0, -3.1415927410125732, 77, 34.79999923706055, -55.5)
Sbp(1, 1.5707963705062866, 0, -0, 95, 1.600000023841858, -28.899993896484375)
Sbp(1, -1.5707963705062866, -0, -0, 95, 0.6000000238418579, -21.100006103515625)
Sbp(1, 1.5707963705062866, -0, -3.1415927410125732, 89, 4.599999904632568, -4.100006103515625)
Sbp(1, 1.5707963705062866, -0, -3.1415927410125732, 89, 4.599999904632568, -12.100006103515625)
Sbp(1, 1.5707963705062866, -0, -3.1415927410125732, 89, 4.599999904632568, -20.100006103515625)
Sbp(1, 1.5707963705062866, 0, -1.5707963705062866, 79.10000610351562, 4.599999904632568, -5)
Sbp(1, -1.5707963705062866, 0, 1.5707963705062866, 79.89999389648438, 4.599999904632568, -62)
Sbp(1, -1.5707963705062866, 0, -1.5707963705062866, 55.100006103515625, 4.599999904632568, -5)
Sbp(1, -1.5707963705062866, -1.5707963705062866, 0, 88.5, 15.100000381469727, -6.100006103515625)
Sbp(1, -1.5707963705062866, -1.5707963705062866, 0, 61.5, 19.100000381469727, -12.100006103515625)
Sbp(1, -1.5707963705062866, -1.5707963705062866, 0, 61.5, 19.100000381469727, -20.100006103515625)
Sbp(1, 3.1415927410125732, -0, 1.5707963705062866, 51.899993896484375, 15.100000381469727, -27.5)
Sbp(1, 3.1415927410125732, -0, 1.5707963705062866, 51.899993896484375, 15.100000381469727, -26.5)
Sbp(1, -1.5707963705062866, 0, -3.1415927410125732, 86, 17.600000381469727, -49.899993896484375)
Sbp(1, -1.5707963705062866, 1.5707963705062866, 0, 53.5, 44.10000228881836, -27.100006103515625)
Sbp(1, -1.5707963705062866, 1.5707963705062866, 0, 53.5, 44.10000228881836, -43.100006103515625)
Sbp(1, 0, 1.5707963705062866, 0, 53.5, 46.20000076293945, -23)
Sbp(1, -1.5707963705062866, 1.5707963705062866, 0, 53.5, 44.10000228881836, -3.100006103515625)
Sbp(1, 1.5707963705062866, 1.5707963705062866, 0, 53.5, 44.10000228881836, -26.899993896484375)
Sbp(1, -1.5707963705062866, -1.5707963705062866, 0, 61.5, 19.100000381469727, -28.100006103515625)
Sbp(1, -1.5707963705062866, -1.5707963705062866, 0, 61.5, 19.100000381469727, -36.100006103515625)
Sbp(1, -1.5707963705062866, 1.5707963705062866, 0, 53.5, 44.10000228881836, -51.100006103515625)
Sbp(1, -1.5707963705062866, -1.5707963705062866, 0, 61.5, 19.100000381469727, -4.100006103515625)
Sbp(1, 1.5707963705062866, 0, 1.5707963705062866, 78.89999389648438, 17.600000381469727, -58)
Sbp(1, 1.5707963705062866, -0, -3.1415927410125732, 81, 17.600000381469727, -12.100006103515625)
Sbp(1, 1.5707963705062866, -0, -3.1415927410125732, 81, 17.600000381469727, -20.100006103515625)
Sbp(1, 1.5707963705062866, -0, -3.1415927410125732, 81, 17.600000381469727, -44.100006103515625)
Sbp(1, -1.5707963705062866, 0, -1.5707963705062866, 83.10000610351562, 34.60000228881836, -82)
Sbp(1, -0, -0, -1.5707963705062866, 75.10000610351562, 40.20000076293945, 29.5)
Sbp(1, -1.5707963705062866, -1.5707963705062866, 0, 12.5, 31.100000381469727, 36.899993896484375)
Sbp(1, -3.1415927410125732, -1.5707963705062866, 0, 12.5, 37, 23)
Sbp(1, -1.5707963705062866, 0, -3.1415927410125732, 86, 17.600000381469727, -41.899993896484375)
Sbp(1, -3.1415927410125732, 0, -1.5707963705062866, 74.10000610351562, 40.10000228881836, 13.5)
Sbp(1, -1.5707963705062866, 0, -3.1415927410125732, -50, 0.6000000238418579, 34.100006103515625)
Sbp(1, -1.5707963705062866, -0, -0, -50, 1.600000023841858, 49.899993896484375)
Sbp(1, 1.5707963705062866, 0, -0, -50, 1.600000023841858, 50.100006103515625)
Sbp(1, -1.5707963705062866, 0, -3.1415927410125732, -46, 0.6000000238418579, 35.100006103515625)
Sbp(1, -0, 0, -3.1415927410125732, 10, 49, 40.5)
Sbp(1, -0, -1.5707963705062866, 0, 12.5, 29.200000762939453, 27)
Sbp(1, -1.5707963705062866, -1.5707963705062866, 0, -12.5, 31.100000381469727, 12.899993896484375)
Sbp(1, -3.1415927410125732, -1.5707963705062866, 0, 12.5, 53, 15)
Sbp(1, 3.1415927410125732, 1.5707963705062866, 0, 12.5, 53, 27)
Sbp(1, -3.1415927410125732, -1.5707963705062866, 0, 12.5, 45, 15)
Sbp(1, 0, 1.5707963705062866, 0, 12.5, 37.20000076293945, -5)
Sbp(1, -0, 0, -3.1415927410125732, -2, 49, 40.5)
Sbp(1, 0, 1.5707963705062866, 0, 12.5, 45.20000076293945, -5)
Sbp(1, 0, 0, 1.5707963705062866, 3.899993896484375, 31.100000381469727, 40.5)
Sbp(1, 1.5707963705062866, -1.5707963705062866, 0, 12.5, 31.100000381469727, -2.899993896484375)
Sbp(1, -0, -0, -1.5707963705062866, -3.899993896484375, 51.10000228881836, 40.5)
Sbp(1, -3.1415927410125732, 0, -3.1415927410125732, -10, 29.200000762939453, -7.5)
Sbp(1, -3.1415927410125732, 0, -3.1415927410125732, -10, 37.20000076293945, -7.5)
Sbp(1, 3.1415927410125732, 1.5707963705062866, 0, -12.5, 41, 4)
Sbp(1, -1.5707963705062866, -1.5707963705062866, 0, -12.5, 31.100000381469727, 4.899993896484375)
Sbp(1, -0, 0, -3.1415927410125732, -10, 45, 15.5)
Sbp(1, 1.5707963705062866, 0, 1.5707963705062866, -3.100006103515625, 27.600000381469727, -7)
Sbp(1, 1.5707963705062866, -0, -3.1415927410125732, -4, 27.600000381469727, 32.899993896484375)
Sbp(1, -1.5707963705062866, -0, -0, 12, 27.600000381469727, 38.899993896484375)
Sbp(1, -1.5707963705062866, -0, -0, -5, 53.60000228881836, 32.899993896484375)
Sbp(1, 1.5707963705062866, -0, -3.1415927410125732, 12, 26.600000381469727, -1.100006103515625)
Sbp(1, 1.5707963705062866, -0, -3.1415927410125732, 12, 26.600000381469727, 30.899993896484375)
Sbp(1, 1.5707963705062866, 0, -0, -13, 27.600000381469727, 1.100006103515625)
Sbp(1, -1.5707963705062866, -0, -0, 12, 27.600000381469727, 6.899993896484375)
Sbp(1, -1.5707963705062866, 0, -3.1415927410125732, -4, 27.600000381469727, 17.100006103515625)
Sbp(1, -0, 0, -3.1415927410125732, -10, 37, 15.5)
Sbp(1, -0, 0, -3.1415927410125732, -10, 53, 15.5)
Sbp(1, -1.5707963705062866, -0, -0, -5, 53.60000228881836, 24.899993896484375)
Sbp(1, -1.5707963705062866, 0, -3.1415927410125732, -13, 53.60000228881836, -10.899993896484375)
Sbp(1, -1.5707963705062866, -0, -0, -12, 54.60000228881836, 16.899993896484375)
Sbp(1, -1.5707963705062866, 0, -1.5707963705062866, -10.899993896484375, 53.60000228881836, 15)
Sbp(1, -1.5707963705062866, -0, -0, -5, 6.599999904632568, 25.899993896484375)
Sbp(1, -1.5707963705062866, 0, -1.5707963705062866, -7.899993896484375, 54.60000228881836, 41)
Sbp(1, -1.5707963705062866, 0, -3.1415927410125732, -46, 0.6000000238418579, -20.899993896484375)
Sbp(1, -1.5707963705062866, 0, -3.1415927410125732, -46, 0.6000000238418579, 11.100006103515625)
Sbp(1, -1.5707963705062866, 0, -3.1415927410125732, -46, 0.6000000238418579, -4.899993896484375)
Sbp(1, -1.5707963705062866, 0, -3.1415927410125732, -46, 0.6000000238418579, 19.100006103515625)
Sbp(1, 1.5707963705062866, 0, 1.5707963705062866, -36.100006103515625, 0.6000000238418579, 53)
Sbp(1, -1.5707963705062866, 0, -3.1415927410125732, -46, 0.6000000238418579, 43.100006103515625)
Sbp(1, 1.5707963705062866, 0, 1.5707963705062866, -28.100006103515625, 0.6000000238418579, 53)
Sbp(1, 1.5707963705062866, 0, 1.5707963705062866, -8.100006103515625, 0.6000000238418579, -47)
Sbp(1, 1.5707963705062866, 0, 1.5707963705062866, -16.100006103515625, 0.6000000238418579, -47)
Sbp(1, 1.5707963705062866, 0, 1.5707963705062866, 31.899993896484375, 0.6000000238418579, -47)
Sbp(1, 1.5707963705062866, 0, 1.5707963705062866, -24.100006103515625, 0.6000000238418579, -47)
Sbp(1, 1.5707963705062866, 0, 1.5707963705062866, -0.100006103515625, 0.6000000238418579, -47)
Sbp(1, 1.5707963705062866, 0, 1.5707963705062866, 23.899993896484375, 0.6000000238418579, -47)
Sbp(1, 1.5707963705062866, 0, 1.5707963705062866, 7.899993896484375, 0.6000000238418579, -47)
Sbp(1, 1.5707963705062866, 0, 1.5707963705062866, -32.100006103515625, 0.6000000238418579, -47)
Sbp(1, -1.5707963705062866, 0, -3.1415927410125732, -22, 0.6000000238418579, -28.899993896484375)
Sbp(1, 1.5707963705062866, 0, 1.5707963705062866, 15.899993896484375, 0.6000000238418579, -47)
Sbp(1, 1.5707963705062866, 0, 1.5707963705062866, 39.899993896484375, 0.6000000238418579, -47)
Sbp(1, 1.5707963705062866, 0, 1.5707963705062866, 95.89999389648438, 0.6000000238418579, -47)
Sbp(1, 1.5707963705062866, 0, 1.5707963705062866, 87.89999389648438, 0.6000000238418579, -47)
Sbp(1, 1.5707963705062866, 0, 1.5707963705062866, 63.899993896484375, 0.6000000238418579, -47)
Sbp(1, 1.5707963705062866, 0, 1.5707963705062866, 47.899993896484375, 0.6000000238418579, -47)
Sbp(1, -1.5707963705062866, 0, -3.1415927410125732, -46, 0.6000000238418579, -12.899993896484375)
Sbp(1, -1.5707963705062866, 0, -3.1415927410125732, -46, 0.6000000238418579, 27.100006103515625)
Sbp(1, 1.5707963705062866, 0, 1.5707963705062866, -48.100006103515625, 0.6000000238418579, -47)
Sbp(1, 1.5707963705062866, 0, 1.5707963705062866, -40.100006103515625, 0.6000000238418579, -47)
Sbp(1, 1.5707963705062866, 0, 1.5707963705062866, -36.100006103515625, 0.6000000238418579, -51)
Sbp(1, -1.5707963705062866, 0, -3.1415927410125732, -46, 0.6000000238418579, -28.899993896484375)
Sbp(1, 1.5707963705062866, 0, 1.5707963705062866, -28.100006103515625, 0.6000000238418579, -51)
Sbp(1, -1.5707963705062866, 0, -3.1415927410125732, -46, 0.6000000238418579, 3.100006103515625)
Sbp(1, 1.5707963705062866, 0, 1.5707963705062866, 79.89999389648438, 0.6000000238418579, -47)
Sbp(1, 1.5707963705062866, 0, 1.5707963705062866, 55.899993896484375, 0.6000000238418579, -47)
Sbp(1, 1.5707963705062866, 0, 1.5707963705062866, 71.89999389648438, 0.6000000238418579, -47)
Sbp(1, -1.5707963705062866, 0, -3.1415927410125732, -22, 1.600000023841858, -28.899993896484375)
Sbp(1, -1.5707963705062866, 0, -3.1415927410125732, 34, 1.600000023841858, -56.899993896484375)
Sbp(1, -1.5707963705062866, 0, -3.1415927410125732, -50, 0.6000000238418579, 42.100006103515625)
Sbp(1, -1.5707963705062866, 0, -3.1415927410125732, -50, 0.6000000238418579, 26.100006103515625)
Sbp(1, -1.5707963705062866, 0, -1.5707963705062866, -59.899993896484375, 1.600000023841858, -24)
Sbp(1, -1.5707963705062866, 0, -3.1415927410125732, -50, 0.6000000238418579, 50.100006103515625)
Sbp(1, 1.5707963705062866, 0, -0, -50, 1.600000023841858, 2.100006103515625)
Sbp(1, -1.5707963705062866, 0, -3.1415927410125732, -50, 0.6000000238418579, -13.899993896484375)
Sbp(1, 1.5707963705062866, -0, -3.1415927410125732, -50, 1.600000023841858, 1.899993896484375)
Sbp(1, -1.5707963705062866, 0, -1.5707963705062866, -59.899993896484375, 0.6000000238418579, -24)
Sbp(1, 1.5707963705062866, 0, -0, -50, 1.600000023841858, 18.100006103515625)
Sbp(1, -1.5707963705062866, 0, -3.1415927410125732, -50, 0.6000000238418579, 10.100006103515625)
Sbp(1, -1.5707963705062866, 0, -3.1415927410125732, -50, 0.6000000238418579, 18.100006103515625)
Sbp(1, -1.5707963705062866, 0, -3.1415927410125732, -50, 0.6000000238418579, -5.899993896484375)
Sbp(1, -1.5707963705062866, 0, -3.1415927410125732, -50, 0.6000000238418579, -21.899993896484375)
Sbp(1, 1.5707963705062866, 0, -0, -50, 1.600000023841858, 34.100006103515625)
Sbp(1, -1.5707963705062866, 0, -3.1415927410125732, 34, 0.6000000238418579, -56.899993896484375)
Sbp(1, 1.5707963705062866, 0, -0, -50, 1.600000023841858, -21.899993896484375)
Sbp(1, -1.5707963705062866, 0, -3.1415927410125732, -50, 0.6000000238418579, 2.100006103515625)
Sbp(1, 1.5707963705062866, 0, -0, -50, 1.600000023841858, -13.899993896484375)
Sbp(1, 1.5707963705062866, 0, -0, -50, 1.600000023841858, 26.100006103515625)
Sbp(1, 1.5707963705062866, 0, -0, -50, 1.600000023841858, 10.100006103515625)
Sbp(1, -1.5707963705062866, -0, -0, -7, 55.60000228881836, -4.100006103515625)
Sbp(1, 3.1415927410125732, -0, 1.5707963705062866, 71.89999389648438, 65.0999984741211, -2.5)
Sbp(1, -3.1415927410125732, 0, -1.5707963705062866, 80.10000610351562, 61.10000228881836, -61.5)
Sbp(1, 3.1415927410125732, -0, 1.5707963705062866, 79.89999389648438, 65.0999984741211, -2.5)
Sbp(1, -1.5707963705062866, 1.5707963705062866, 0, 53.5, 44.10000228881836, -11.100006103515625)
Sbp(1, -0, 0, -0, 65, 19.200000762939453, -3.5)
Sbp(1, -0, 0, -0, 65, 27.200000762939453, -3.5)
Sbp(1, -1.5707963705062866, 0, -1.5707963705062866, 51.100006103515625, 34.60000228881836, -82)
Sbp(1, -1.5707963705062866, 0, -1.5707963705062866, 75.10000610351562, 34.60000228881836, -82)
Sbp(1, -1.5707963705062866, 0, -1.5707963705062866, 67.10000610351562, 34.60000228881836, -82)
Sbp(1, -1.5707963705062866, 0, -1.5707963705062866, 59.100006103515625, 34.60000228881836, -82)
Sbp(1, -0, -0, -1.5707963705062866, 67.10000610351562, 40.20000076293945, 29.5)
Sbp(1, 3.1415927410125732, -0, 1.5707963705062866, 71.89999389648438, 61.10000228881836, -2.5)
Sbp(1, 3.1415927410125732, -0, 1.5707963705062866, 63.899993896484375, 61.10000228881836, -2.5)
Sbp(1, -3.1415927410125732, 0, -1.5707963705062866, 56.100006103515625, 61.10000228881836, -61.5)
Sbp(1, -3.1415927410125732, 0, -1.5707963705062866, 64.10000610351562, 61.10000228881836, -61.5)
Sbp(1, 3.1415927410125732, -0, 1.5707963705062866, 87.89999389648438, 61.10000228881836, -2.5)
Sbp(1, -3.1415927410125732, 0, -1.5707963705062866, 64.10000610351562, 65.0999984741211, -61.5)
Sbp(1, -3.1415927410125732, 0, -1.5707963705062866, 72.10000610351562, 65.0999984741211, -61.5)
Sbp(1, -3.1415927410125732, 0, -1.5707963705062866, 72.10000610351562, 61.10000228881836, -61.5)
Sbp(1, 3.1415927410125732, -0, 1.5707963705062866, 79.89999389648438, 61.10000228881836, -2.5)
Sbp(1, -0, -1.5707963705062866, 0, 79.5, 23.80000114440918, -57)
Sbp(1, 1.5707963705062866, 0, -0, -13, 27.600000381469727, 9.100006103515625)
Sbp(1, -1.5707963705062866, 0, -3.1415927410125732, 12, 28.600000381469727, 30.100006103515625)
Sbp(1, -1.5707963705062866, 0, -3.1415927410125732, 86, 17.600000381469727, -59.899993896484375)
Sbp(1, 1.5707963705062866, 0, -1.5707963705062866, -2.899993896484375, 26.600000381469727, -7)
Sbp(1, 1.5707963705062866, 0, -0, 93, 58.60000228881836, -63.899993896484375)
Sbp(1, -1.5707963705062866, 0, -1.5707963705062866, 4.100006103515625, 7.599999904632568, -3)
Sbp(1, -1.5707963705062866, -0, -0, 13, 24.600000381469727, 10.899993896484375)
Sbp(1, -1.5707963705062866, 0, 1.5707963705062866, -4.100006103515625, 6.599999904632568, 16)
Sbp(1, 3.1415927410125732, 1.5707963705062866, 0, 53.5, 40, -54)
Sbp(1, 1.5707963705062866, 0, -0, 12, 28.600000381469727, 14.100006103515625)
Sbp(1, 3.1415927410125732, 1.5707963705062866, 0, 89.5, 54, -43)
Sbp(1, -1.5707963705062866, -1.5707963705062866, 0, 12.5, 51.10000228881836, 36.899993896484375)
Sbp(1, 0, 0, 1.5707963705062866, 89.89999389648438, 47.10000228881836, -61.5)
Sbp(1, 0, 0, 1.5707963705062866, 81.89999389648438, 47.10000228881836, -61.5)
Sbp(1, 1.5707963705062866, -0, -3.1415927410125732, 51, 58.60000228881836, -40.100006103515625)
Sbp(1, -0, -1.5707963705062866, 0, 89.5, 46.20000076293945, -23)
Sbp(1, 1.5707963705062866, -0, -3.1415927410125732, 81, 17.600000381469727, -52.100006103515625)
Sbp(1, -1.5707963705062866, 1.5707963705062866, 0, 53.5, 44.10000228881836, -35.100006103515625)
Sbp(1, -1.5707963705062866, 0, 1.5707963705062866, 51.899993896484375, 15.600000381469727, -48)
Sbp(1, -1.5707963705062866, 0, 1.5707963705062866, 51.899993896484375, 16.600000381469727, -48)
Sbp(1, -0, -0, -1.5707963705062866, 44.100006103515625, 15.100000381469727, -50.5)
Sbp(1, -0, -0, -1.5707963705062866, 44.100006103515625, 15.100000381469727, -51.5)
Sbp(1, -1.5707963705062866, 0, -3.1415927410125732, 53, 4.599999904632568, -28.899993896484375)
Sbp(1, 1.5707963705062866, 0, 1.5707963705062866, 51.899993896484375, 2.6000001430511475, -27)
Sbp(1, -1.5707963705062866, 0, -1.5707963705062866, 71.10000610351562, 4.599999904632568, -5)
Sbp(1, -1.5707963705062866, 0, 1.5707963705062866, 87.89999389648438, 4.599999904632568, -62)
Sbp(1, -1.5707963705062866, 0, -1.5707963705062866, 42.100006103515625, 4.599999904632568, -51)
Sbp(1, -1.5707963705062866, 0, 1.5707963705062866, 63.899993896484375, 4.599999904632568, -62)
Sbp(1, -1.5707963705062866, 0, 1.5707963705062866, 50.899993896484375, 4.599999904632568, -27)
Sbp(1, -1.5707963705062866, 0, -1.5707963705062866, 63.100006103515625, 4.599999904632568, -5)
Sbp(1, 1.5707963705062866, 1.5707963705062866, 0, 52.5, 15.100000381469727, -61.899993896484375)
Sbp(1, -1.5707963705062866, 0, -3.1415927410125732, 53, 4.599999904632568, -12.899993896484375)
Sbp(1, -1.5707963705062866, 0, 1.5707963705062866, 71.89999389648438, 4.599999904632568, -62)
Sbp(1, -1.5707963705062866, -1.5707963705062866, 0, 88.5, 15.100000381469727, -14.100006103515625)
Sbp(1, 1.5707963705062866, -0, -3.1415927410125732, 89, 4.599999904632568, -50.100006103515625)
Sbp(1, -3.1415927410125732, 0, -0, 63, 13, -61.5)
Sbp(1, 1.5707963705062866, 1.5707963705062866, 0, 87.5, 15.100000381469727, -17.899993896484375)
Sbp(1, 1.5707963705062866, 0, -0, 89, 37.60000228881836, 9.100006103515625)
Sbp(1, 1.5707963705062866, 0, -1.5707963705062866, 67.10000610351562, 37.60000228881836, 15)
Sbp(1, 1.5707963705062866, 0, -1.5707963705062866, 75.10000610351562, 37.60000228881836, 15)
Sbp(1, 1.5707963705062866, 0, -0, 65, 37.60000228881836, 9.100006103515625)
Sbp(1, 1.5707963705062866, 1.5707963705062866, 0, 87.5, 15.100000381469727, -25.899993896484375)
Sbp(1, -3.1415927410125732, -1.5707963705062866, 0, 89.5, 27, -56)
Sbp(1, 3.1415927410125732, 1.5707963705062866, 0, 89.5, 43, -56)
Sbp(1, 1.5707963705062866, 0, -0, 89, 37.60000228881836, 1.100006103515625)
Sbp(1, 1.5707963705062866, -1.5707963705062866, 0, 88.5, 15.100000381469727, -59.899993896484375)
Sbp(1, -1.5707963705062866, 0, -3.1415927410125732, 53, 4.599999904632568, -20.899993896484375)
Sbp(1, 1.5707963705062866, 0, 1.5707963705062866, 51.899993896484375, 3.6000001430511475, -27)
Sbp(1, 3.1415927410125732, 1.5707963705062866, 0, 74.5, 32.60000228881836, -57)
Sbp(1, -3.1415927410125732, 0, -0, 76, 59.60000228881836, -57.5)
Sbp(1, -1.5707963705062866, -0, -0, 76, 24.600000381469727, -48.100006103515625)
Sbp(1, -0, 0, -3.1415927410125732, -2, 41, 40.5)
Sbp(1, 1.5707963705062866, -0, -3.1415927410125732, -4, 26.600000381469727, 40.899993896484375)
Sbp(1, -1.5707963705062866, -0, -0, 12, 26.600000381469727, 22.899993896484375)
Sbp(1, -3.1415927410125732, -1.5707963705062866, 0, -2.5, 16, 35)
Sbp(1, 3.1415927410125732, 1.5707963705062866, 0, -2.5, 24, 17)
Sbp(1, -0, 0, -0, -8, 16.200000762939453, 13.5)
Sbp(1, -1.5707963705062866, 0, -1.5707963705062866, 20.100006103515625, 1.600000023841858, -2)
Sbp(1, -1.5707963705062866, 0, -1.5707963705062866, 36.100006103515625, 1.600000023841858, -2)
Sbp(1, -1.5707963705062866, -0, -0, 42, 0.6000000238418579, 15.899993896484375)
Sbp(1, -1.5707963705062866, -0, -0, 42, 0.6000000238418579, 55.899993896484375)
Sbp(1, -1.5707963705062866, -0, -0, 58, 0.6000000238418579, 51.899993896484375)
Sbp(1, -1.5707963705062866, -0, -0, 42, 0.6000000238418579, 31.899993896484375)
Sbp(1, -1.5707963705062866, -0, -0, 42, 0.6000000238418579, 23.899993896484375)
Sbp(1, -1.5707963705062866, -0, -0, 58, 0.6000000238418579, 43.899993896484375)
Sbp(1, -1.5707963705062866, -0, -0, 58, 0.6000000238418579, 35.899993896484375)
Sbp(1, -1.5707963705062866, -0, -0, 58, 0.6000000238418579, 27.899993896484375)
Sbp(1, -1.5707963705062866, -0, -0, 58, 0.6000000238418579, 11.899993896484375)
Sbp(1, -1.5707963705062866, 0, -1.5707963705062866, 48.100006103515625, 0.6000000238418579, 6)
Sbp(1, -1.5707963705062866, -0, -0, 58, 0.6000000238418579, 19.899993896484375)
Sbp(1, -1.5707963705062866, 0, -1.5707963705062866, 40.100006103515625, 0.6000000238418579, 6)
Sbp(1, -1.5707963705062866, -0, -0, 42, 0.6000000238418579, 39.899993896484375)
Sbp(1, 1.5707963705062866, -0, -3.1415927410125732, 38, 11.800000190734863, 49.899993896484375)
Sbp(1, 1.5707963705062866, -0, -3.1415927410125732, 30, 11.800000190734863, 49.899993896484375)
Sbp(1, 1.5707963705062866, 0, -1.5707963705062866, 54.100006103515625, 40.60000228881836, -58)
Sbp(1, -1.5707963705062866, -1.5707963705062866, 0, 61.5, 19.100000381469727, -44.100006103515625)
Sbp(1, 1.5707963705062866, 0, 1.5707963705062866, 61.899993896484375, 41.60000228881836, -58)
Sbp(1, -0, -0, -1.5707963705062866, 30.100006103515625, 2.5, 25.5)
Sbp(1, 1.5707963705062866, 0, 1.5707963705062866, 61.899993896484375, 41.60000228881836, -6)
Sbp(1, -1.5707963705062866, 0, -3.1415927410125732, 13, 6.599999904632568, 22.100006103515625)
Sbp(1, -1.5707963705062866, 0, 1.5707963705062866, 75.89999389648438, 37.60000228881836, -7)
Sbp(1, -1.5707963705062866, 0, 1.5707963705062866, 85.89999389648438, 37.60000228881836, -7)
Sbp(1, 1.5707963705062866, 0, 1.5707963705062866, 85.89999389648438, 37.60000228881836, -11)
Sbp(1, -1.5707963705062866, 0, -1.5707963705062866, 68.10000610351562, 37.60000228881836, -11)
Sbp(1, -1.5707963705062866, 0, 1.5707963705062866, 9.899993896484375, 28.600000381469727, -8)
Sbp(1, 3.1415927410125732, -0, 1.5707963705062866, 65.89999389648438, 47.10000228881836, -61.5)
Sbp(1, -3.1415927410125732, 0, -1.5707963705062866, 66.10000610351562, 40.10000228881836, 13.5)
Sbp(1, -1.5707963705062866, -0, -0, -5, 6.599999904632568, 33.899993896484375)
Sbp(1, 1.5707963705062866, 0, -1.5707963705062866, 26.100006103515625, 9.800000190734863, 53)
Sbp(1, 1.5707963705062866, 0, -1.5707963705062866, 34.100006103515625, 9.800000190734863, 53)
Sbp(1, 1.5707963705062866, 0, -1.5707963705062866, 26.100006103515625, 9.800000190734863, 37)
Sbp(1, 1.5707963705062866, 0, -1.5707963705062866, 34.100006103515625, 9.800000190734863, 37)
Sbp(1, 1.5707963705062866, -0, -3.1415927410125732, 22, 1.600000023841858, 43.899993896484375)
Sbp(1, 1.5707963705062866, -0, -3.1415927410125732, 22, 1.600000023841858, 51.899993896484375)
Sbp(1, -1.5707963705062866, -0, -0, 22, 0.6000000238418579, 59.899993896484375)
Sbp(1, 1.5707963705062866, -0, -3.1415927410125732, 22, 1.600000023841858, 35.899993896484375)
Sbp(1, -1.5707963705062866, -0, -0, 58, 0.6000000238418579, 59.899993896484375)
Sbp(1, 1.5707963705062866, -0, -3.1415927410125732, 22, 1.600000023841858, 59.899993896484375)
Sbp(1, -1.5707963705062866, -0, -0, 42, 0.6000000238418579, 47.899993896484375)
Sbp(1, -1.5707963705062866, 0, -1.5707963705062866, 28.100006103515625, 1.600000023841858, -2)
Sbp(1, -1.5707963705062866, 1.5707963705062866, 0, 10.5, 24.100000381469727, 36.899993896484375)
Sbp(1, 3.1415927410125732, 1.5707963705062866, 0, 10.5, 24, -3)
Sbp(1, 1.5707963705062866, 0, -0, 10, 33.60000228881836, 5.100006103515625)
Sbp(1, -1.5707963705062866, 0, -1.5707963705062866, -5.899993896484375, 28.600000381469727, -8)
Sbp(1, 1.5707963705062866, 0, -0, -13, 27.600000381469727, -6.899993896484375)
Sbp(1, -1.5707963705062866, -0, -0, -12, 54.60000228881836, 8.899993896484375)
Sbp(1, 1.5707963705062866, 0, -1.5707963705062866, -6.899993896484375, 7.599999904632568, -10)
Sbp(1, -1.5707963705062866, -0, -0, 12, 26.600000381469727, 38.899993896484375)
Sbp(1, -1.5707963705062866, 0, 1.5707963705062866, 9.899993896484375, 28.600000381469727, 24)
Sbp(1, -1.5707963705062866, 0, -3.1415927410125732, -13, 26.600000381469727, 9.100006103515625)
Sbp(1, -1.5707963705062866, 0, -3.1415927410125732, -4, 26.600000381469727, 25.100006103515625)
Sbp(1, -3.1415927410125732, 0, -0, -3, 16, 13.5)
Sbp(1, 0, 1.5707963705062866, 0, 10.5, 16.200000762939453, 14)
Sbp(1, -1.5707963705062866, 0, -1.5707963705062866, -14.899993896484375, 6.599999904632568, -8)
Sbp(1, -1.5707963705062866, 0, 1.5707963705062866, 10.899993896484375, 6.599999904632568, -8)
Sbp(1, -1.5707963705062866, 0, -1.5707963705062866, 5.100006103515625, 6.599999904632568, 40)
Sbp(1, -1.5707963705062866, 0, -3.1415927410125732, 13, 6.599999904632568, 6.100006103515625)
Sbp(1, -1.5707963705062866, 0, -3.1415927410125732, -13, 6.599999904632568, -5.899993896484375)
Sbp(1, 1.5707963705062866, 0, 1.5707963705062866, 3.899993896484375, 7.599999904632568, -3)
Sbp(1, 1.5707963705062866, 0, 1.5707963705062866, -4.100006103515625, 7.599999904632568, -3)
Sbp(1, -3.1415927410125732, 0, -1.5707963705062866, 2.100006103515625, 25.100000381469727, 10.5)
Sbp(1, 0, 0, 1.5707963705062866, 11.899993896484375, 31.100000381469727, 40.5)
Sbp(1, -1.5707963705062866, 0, -3.1415927410125732, 10, 44.60000228881836, 17.100006103515625)
Sbp(1, 1.5707963705062866, 0, -1.5707963705062866, -2.899993896484375, 41.60000228881836, -10)
Sbp(1, 0, 1.5707963705062866, 0, 10.5, 8.199999809265137, -3)
Sbp(1, -0, 0, -0, -8, 8.199999809265137, 13.5)
Sbp(1, 1.5707963705062866, 0, 1.5707963705062866, -3.100006103515625, 26.600000381469727, -7)
Sbp(1, -1.5707963705062866, 0, -3.1415927410125732, 12, 28.600000381469727, 22.100006103515625)
Sbp(1, 1.5707963705062866, 0, -0, -13, 26.600000381469727, 1.100006103515625)
Sbp(1, -1.5707963705062866, 0, 1.5707963705062866, 9.899993896484375, 28.600000381469727, 4)
Sbp(1, -1.5707963705062866, 0, -1.5707963705062866, 0.100006103515625, 54.60000228881836, 41)
Sbp(1, -1.5707963705062866, 0, -1.5707963705062866, 8.100006103515625, 54.60000228881836, 41)
Sbp(1, -3.1415927410125732, 0, -0, 7, 24, -6.5)
Sbp(1, -3.1415927410125732, 0, -0, 7, 16, -6.5)
Sbp(1, 0, 0, 1.5707963705062866, 7.899993896484375, 24.100000381469727, 39.5)
Sbp(1, 3.1415927410125732, 1.5707963705062866, 0, 12.5, 37, 39)
Sbp(1, 3.1415927410125732, 1.5707963705062866, 0, 10.5, 16, 2)
Sbp(1, 3.1415927410125732, -0, 1.5707963705062866, 1.899993896484375, 43.10000228881836, -7.5)
Sbp(1, -3.1415927410125732, -1.5707963705062866, 0, 12.5, 53, 23)
Sbp(1, -3.1415927410125732, -1.5707963705062866, 0, 12.5, 37, 15)
Sbp(1, -0, 0, -3.1415927410125732, 10, 41, 40.5)
Sbp(1, -0, -0, -1.5707963705062866, 4.100006103515625, 51.10000228881836, 40.5)
Sbp(1, 3.1415927410125732, 1.5707963705062866, 0, -2.5, 16, 17)
Sbp(1, 3.1415927410125732, 1.5707963705062866, 0, 12.5, 53, 39)
Sbp(1, 1.5707963705062866, -1.5707963705062866, 0, 12.5, 51.10000228881836, -2.899993896484375)
Sbp(1, 0, 1.5707963705062866, 0, 12.5, 29.200000762939453, -5)
Sbp(1, 3.1415927410125732, 1.5707963705062866, 0, 10.5, 24, 2)
Sbp(1, -3.1415927410125732, -1.5707963705062866, 0, 12.5, 45, 23)
Sbp(1, 3.1415927410125732, 1.5707963705062866, 0, 12.5, 45, 39)
Sbp(1, 3.1415927410125732, 1.5707963705062866, 0, 12.5, 45, 27)
Sbp(1, -1.5707963705062866, 0, -1.5707963705062866, -2.899993896484375, 6.599999904632568, 40)
Sbp(1, -3.1415927410125732, -1.5707963705062866, 0, -2.5, 24, 35)
Sbp(1, -1.5707963705062866, -0, -0, -12, 54.60000228881836, -3.100006103515625)
Sbp(1, -1.5707963705062866, 0, -3.1415927410125732, -13, 53.60000228881836, -2.899993896484375)
Sbp(1, -1.5707963705062866, 0, -3.1415927410125732, -13, 53.60000228881836, 5.100006103515625)
Sbp(1, -1.5707963705062866, -0, -0, 12, 27.600000381469727, 30.899993896484375)
Sbp(1, -1.5707963705062866, -0, -0, 12, 26.600000381469727, 6.899993896484375)
Sbp(1, -1.5707963705062866, 0, -1.5707963705062866, -10.899993896484375, 26.600000381469727, 15)
Sbp(1, 1.5707963705062866, -0, -3.1415927410125732, 12, 27.600000381469727, -1.100006103515625)
Sbp(1, -1.5707963705062866, 0, 1.5707963705062866, -4.100006103515625, 36.60000228881836, 4)
Sbp(1, -1.5707963705062866, -0, -0, 12, 27.600000381469727, 14.899993896484375)
Sbp(1, 3.1415927410125732, -0, 1.5707963705062866, 9.899993896484375, 25.100000381469727, 1.5)
Sbp(1, -3.1415927410125732, 0, -1.5707963705062866, -1.899993896484375, 25.100000381469727, 19.5)
Sbp(1, -1.5707963705062866, -0, -0, -7, 55.60000228881836, 3.899993896484375)
Sbp(1, -1.5707963705062866, -1.5707963705062866, 0, 61.5, 19.100000381469727, -52.100006103515625)
Sbp(1, 1.5707963705062866, 0, -0, -9, 55.60000228881836, 4.100006103515625)
Sbp(1, -1.5707963705062866, 0, -3.1415927410125732, 13, 6.599999904632568, 14.100006103515625)
Sbp(1, 1.5707963705062866, -0, -3.1415927410125732, 10, 33.60000228881836, 24.899993896484375)
Sbp(1, 0, 0, 1.5707963705062866, 9.899993896484375, 25.100000381469727, 28.5)
Sbp(1, 1.5707963705062866, 0, -0, 12, 27.600000381469727, 15.100006103515625)
Sbp(1, 1.5707963705062866, 0, -1.5707963705062866, -10.899993896484375, 41.60000228881836, -10)
Sbp(1, -1.5707963705062866, 0, -3.1415927410125732, 10, 38.60000228881836, 17.100006103515625)
Sbp(1, -1.5707963705062866, 0, -3.1415927410125732, 10, 44.60000228881836, 5.100006103515625)
Sbp(1, -1.5707963705062866, 0, -3.1415927410125732, 10, 38.60000228881836, 5.100006103515625)
Sbp(1, -0, -1.5707963705062866, 0, -10.5, 8.199999809265137, -3)
Sbp(1, -1.5707963705062866, 0, 1.5707963705062866, -4.100006103515625, 40.60000228881836, 4)
Sbp(1, -1.5707963705062866, 0, 1.5707963705062866, -4.100006103515625, 44.60000228881836, 4)
Sbp(1, 0, 1.5707963705062866, 0, 10.5, 8.199999809265137, 14)
Sbp(1, -1.5707963705062866, 0, -3.1415927410125732, -13, 6.599999904632568, 2.100006103515625)
Sbp(1, -0, 0, -0, -3, 16.200000762939453, 12.5)
Sbp(1, -3.1415927410125732, 0, -1.5707963705062866, -5.899993896484375, 25.100000381469727, 10.5)
Sbp(1, 1.5707963705062866, -0, -3.1415927410125732, 13, 24.600000381469727, 23.899993896484375)
Sbp(1, 1.5707963705062866, -0, -3.1415927410125732, 12, 26.600000381469727, 14.899993896484375)
Sbp(1, -0, -1.5707963705062866, 0, -10.5, 16.200000762939453, -3)
Sbp(1, 0, 1.5707963705062866, 0, 53.5, 46.20000076293945, -43)
Sbp(4, 1.5707963705062866, 0, -1.5707963705062866, 88.10000610351562, 39.10000228881836, -45)
Sbp(4, -0, 0, -0, 12, 25.200000762939453, 25)
Sbp(4, 0, 1.5707963705062866, 0, -1, 13.199999809265137, 24)
Sbp(4, -0, -1.5707963705062866, 0, -1, 22.200000762939453, 16)
Sbp(4, -1.5707963705062866, 0, -1.5707963705062866, -2.899993896484375, 25.100000381469727, 26)
Sbp(4, -3.1415927410125732, 0, -3.1415927410125732, -25, 71.20000457763672, 3)
Sbp(4, -3.1415927410125732, 0, -3.1415927410125732, -27, 74.20000457763672, 3)
Sbp(4, 0, 1.5707963705062866, 0, -1, 54.20000076293945, -6)
Sbp(4, -0, -1.5707963705062866, 0, 13, 54.20000076293945, -2)
Sbp(4, -0, -0, -1.5707963705062866, -2.899993896484375, 54.10000228881836, -10)
Sbp(4, -0, -1.5707963705062866, 0, -8, 7.200000286102295, -9)
Sbp(4, -0, 0, -0, 2, 7.200000286102295, -9)
Sbp(4, -1.5707963705062866, 0, 1.5707963705062866, -10.100006103515625, 25.100000381469727, 15)
Sbp(4, -0, -1.5707963705062866, 0, 13, 53.20000076293945, -10)
Sbp(4, -1.5707963705062866, -1.5707963705062866, 0, 4, 25.100000381469727, -7.100006103515625)
Sbp(4, -3.1415927410125732, 0, -3.1415927410125732, -10, 27.200000762939453, -4)
Sbp(4, -3.1415927410125732, 0, -0, -4, 84.20000457763672, 7)
Sbp(4, 1.5707963705062866, 0, -1.5707963705062866, -10.899993896484375, 25.100000381469727, -6)
Sbp(4, -1.5707963705062866, -0, -0, 11, 25.100000381469727, -0.100006103515625)
Sbp(4, 1.5707963705062866, 0, -1.5707963705062866, -11.899993896484375, 25.100000381469727, -6)
Sbp(4, 1.5707963705062866, -0, -3.1415927410125732, -10, 25.100000381469727, -7.100006103515625)
Sbp(4, 1.5707963705062866, 0, -1.5707963705062866, -11.899993896484375, 25.100000381469727, 9)
Sbp(4, -0, 0, -3.1415927410125732, -7, 29, -11)
Sbp(4, 1.5707963705062866, 0, -1.5707963705062866, 9.100006103515625, 25.100000381469727, 27)
Sbp(4, 1.5707963705062866, 0, -1.5707963705062866, -12.899993896484375, 25.100000381469727, 9)
Sbp(4, 1.5707963705062866, 0, -1.5707963705062866, 1.100006103515625, 25.100000381469727, -10)
Sbp(4, -3.1415927410125732, 0, -3.1415927410125732, -12, 25.200000762939453, -2)
Sbp(4, 1.5707963705062866, 0, -1.5707963705062866, -7.899993896484375, 25.100000381469727, -10)
Sbp(4, -3.1415927410125732, 0, -3.1415927410125732, -12, 24.200000762939453, -2)
Sbp(4, 1.5707963705062866, 0, -1.5707963705062866, 9.100006103515625, 25.100000381469727, -6)
Sbp(4, -1.5707963705062866, 1.5707963705062866, 0, -7, 27.100000381469727, -10.100006103515625)
Sbp(4, -1.5707963705062866, 1.5707963705062866, 0, -8, 54.10000228881836, -10.100006103515625)
Sbp(4, -3.1415927410125732, 0, -3.1415927410125732, -7, 54.20000076293945, 18)
Sbp(4, -1.5707963705062866, 1.5707963705062866, 0, 11, 54.10000228881836, -10.100006103515625)
Sbp(4, -1.5707963705062866, 0, 1.5707963705062866, 9.899993896484375, 25.100000381469727, -0)
Sbp(4, 1.5707963705062866, 0, 1.5707963705062866, 9.899993896484375, 25.100000381469727, 38)
Sbp(4, -1.5707963705062866, 0, -1.5707963705062866, -1.899993896484375, 25.100000381469727, 38)
Sbp(4, -1.5707963705062866, 1.5707963705062866, 0, -7, 27.100000381469727, -11.100006103515625)
Sbp(4, -3.1415927410125732, 0, -3.1415927410125732, 11, 54.20000076293945, 9)
Sbp(4, -3.1415927410125732, -1.5707963705062866, 0, 11, 55, -6)
Sbp(4, 3.1415927410125732, -0, 1.5707963705062866, 15.899993896484375, 54.10000228881836, -10)
Sbp(4, 1.5707963705062866, 0, -1.5707963705062866, -8.899993896484375, 25.100000381469727, -8)
Sbp(4, 1.5707963705062866, 0, -1.5707963705062866, -2.899993896484375, 25.100000381469727, 28)
Sbp(4, -1.5707963705062866, 0, 1.5707963705062866, -3.100006103515625, 25.100000381469727, 26)
Sbp(4, 1.5707963705062866, 0, -1.5707963705062866, -2.899993896484375, 25.100000381469727, 24)
Sbp(4, -3.1415927410125732, 0, -1.5707963705062866, -11.899993896484375, 9.100000381469727, 5)
Sbp(4, -0, 0, -0, 7, 54.20000076293945, 34)
Sbp(4, -3.1415927410125732, -1.5707963705062866, 0, -8, 55, -6)
Sbp(4, -0, 0, -3.1415927410125732, 3, 54, 38)
Sbp(4, -0, 0, -3.1415927410125732, 7, 55, 22)
Sbp(4, 3.1415927410125732, 1.5707963705062866, 0, -1, 55, 9)
Sbp(4, 3.1415927410125732, 1.5707963705062866, 0, -8, 55, 9)
Sbp(4, -0, 0, -3.1415927410125732, 11, 55, 22)
Sbp(4, -0, 0, -0, 11, 54.20000076293945, 34)
Sbp(4, -3.1415927410125732, 0, -1.5707963705062866, 87.10000610351562, 18.100000381469727, -51)
Sbp(4, 1.5707963705062866, -1.5707963705062866, 0, 89, 33.10000228881836, -83.89999389648438)
Sbp(4, 1.5707963705062866, -1.5707963705062866, 0, 65, 33.10000228881836, -83.89999389648438)
Sbp(4, 1.5707963705062866, -1.5707963705062866, 0, 77, 33.10000228881836, -83.89999389648438)
Sbp(4, 1.5707963705062866, -0, -3.1415927410125732, 64, 36.10000228881836, -3.100006103515625)
Sbp(4, 1.5707963705062866, -0, -3.1415927410125732, 64, 39.10000228881836, -3.100006103515625)
Sbp(4, -3.1415927410125732, 0, -1.5707963705062866, 64.10000610351562, 57.10000228881836, 2)
Sbp(4, -3.1415927410125732, 0, -1.5707963705062866, 65.10000610351562, 57.10000228881836, 2)
Sbp(4, -3.1415927410125732, 0, -1.5707963705062866, 87.10000610351562, 56.10000228881836, 2)
Sbp(4, -3.1415927410125732, 0, -1.5707963705062866, 86.10000610351562, 56.10000228881836, 2)
Sbp(4, 1.5707963705062866, 1.5707963705062866, 0, 58, 77.9000015258789, -53.899993896484375)
Sbp(4, 1.5707963705062866, 1.5707963705062866, 0, 58, 77.9000015258789, -54.899993896484375)
Sbp(4, -0, -0, -1.5707963705062866, 79.10000610351562, 85.5, -59)
Sbp(4, -0, -0, -1.5707963705062866, 74.10000610351562, 85.5, -55)
Sbp(4, -0, 0, -0, 72, 69.20000457763672, 1)
Sbp(4, -3.1415927410125732, 0, -3.1415927410125732, 72, 69.20000457763672, -65)
Sbp(4, -1.5707963705062866, -1.5707963705062866, 0, 64, 47.10000228881836, -3.100006103515625)
Sbp(4, -1.5707963705062866, -0, -0, 86, 47.10000228881836, -3.100006103515625)
Sbp(4, -3.1415927410125732, 0, -1.5707963705062866, 53.100006103515625, 47.10000228881836, -60)
Sbp(4, 3.1415927410125732, 1.5707963705062866, 0, 85, 18, -51)
Sbp(4, -1.5707963705062866, 0, 1.5707963705062866, 51.899993896484375, 23.100000381469727, -58)
Sbp(4, -1.5707963705062866, 1.5707963705062866, 0, 45, 18.100000381469727, -2.100006103515625)
Sbp(4, 1.5707963705062866, -1.5707963705062866, 0, 59, 18.100000381469727, -2.899993896484375)
Sbp(4, 1.5707963705062866, 0, -0, 77, 47.10000228881836, 15.100006103515625)
Sbp(4, -0, 0, -0, 77, 48.20000076293945, 30)
Sbp(4, 1.5707963705062866, 1.5707963705062866, 0, 77, 52.10000228881836, 32.100006103515625)
Sbp(4, 1.5707963705062866, 0, -0, 62, 14.100000381469727, -60.899993896484375)
Sbp(4, 1.5707963705062866, 0, -0, 71, 14.100000381469727, -60.899993896484375)
Sbp(4, 1.5707963705062866, -1.5707963705062866, 0, 57, 16.100000381469727, -6.899993896484375)
Sbp(4, -3.1415927410125732, 0, -1.5707963705062866, 52.100006103515625, 16.100000381469727, -53)
Sbp(4, 1.5707963705062866, 0, -0, 79, 14.100000381469727, -60.899993896484375)
Sbp(4, 1.5707963705062866, 1.5707963705062866, 0, 84, 16.100000381469727, -60.899993896484375)
Sbp(4, 3.1415927410125732, -0, 1.5707963705062866, 53.899993896484375, 15.100000381469727, -25)
Sbp(4, 3.1415927410125732, -0, 1.5707963705062866, 53.899993896484375, 15.100000381469727, -13)
Sbp(4, -3.1415927410125732, 0, -1.5707963705062866, 87.10000610351562, 18.100000381469727, -9)
Sbp(4, 1.5707963705062866, -0, -3.1415927410125732, 55, 14.100000381469727, -61.100006103515625)
Sbp(4, -1.5707963705062866, 1.5707963705062866, 0, 73, 47.10000228881836, 13.899993896484375)
Sbp(4, -1.5707963705062866, -0, -0, 79, 45.10000228881836, 13.899993896484375)
Sbp(4, -3.1415927410125732, 0, -3.1415927410125732, 43, 34.20000076293945, -52)
Sbp(4, -3.1415927410125732, 0, -3.1415927410125732, 43, 33.20000076293945, -26)
Sbp(4, -3.1415927410125732, 0, -3.1415927410125732, 43, 33.20000076293945, -52)
Sbp(4, -3.1415927410125732, 0, -0, 53, 33, -61)
Sbp(4, 3.1415927410125732, -0, 1.5707963705062866, 51.899993896484375, 33.10000228881836, -61)
Sbp(4, 1.5707963705062866, -1.5707963705062866, 0, 53, 33.10000228881836, -83.89999389648438)
Sbp(4, 0, 0, 1.5707963705062866, 89.89999389648438, 45.10000228881836, -6)
Sbp(4, 1.5707963705062866, 0, 1.5707963705062866, 52.899993896484375, 55.10000228881836, -23)
Sbp(4, 0, 0, 1.5707963705062866, 52.899993896484375, 39.10000228881836, -23)
Sbp(4, 1.5707963705062866, 0, 1.5707963705062866, 52.899993896484375, 55.10000228881836, -43)
Sbp(4, 0, 0, 1.5707963705062866, 52.899993896484375, 35.10000228881836, -43)
Sbp(4, 1.5707963705062866, -1.5707963705062866, 0, 61, 18.100000381469727, -2.899993896484375)
Sbp(4, 3.1415927410125732, -0, 1.5707963705062866, 90.89999389648438, 57.10000228881836, -41)
Sbp(4, 1.5707963705062866, -0, -3.1415927410125732, 64, 57.10000228881836, -2.100006103515625)
Sbp(4, -3.1415927410125732, 0, -1.5707963705062866, 52.100006103515625, 18.100000381469727, -64)
Sbp(4, -3.1415927410125732, 0, -1.5707963705062866, 90.10000610351562, 57.10000228881836, -5)
Sbp(4, -1.5707963705062866, -1.5707963705062866, 0, 53, 57.10000228881836, -61.100006103515625)
Sbp(4, 0, 0, 1.5707963705062866, 51.899993896484375, 57.10000228881836, -61)
Sbp(4, 0, 0, 1.5707963705062866, 52.899993896484375, 16.100000381469727, -27)
Sbp(4, 1.5707963705062866, 0, -0, 77, 47.10000228881836, 14.100006103515625)
Sbp(4, -1.5707963705062866, -1.5707963705062866, 0, 54, 6.099999904632568, -62.100006103515625)
Sbp(4, -1.5707963705062866, -1.5707963705062866, 0, 79, 14.100000381469727, -4.100006103515625)
Sbp(4, -1.5707963705062866, -1.5707963705062866, 0, 70, 14.100000381469727, -4.100006103515625)
Sbp(4, 1.5707963705062866, 0, 1.5707963705062866, 51.899993896484375, 15.100000381469727, -53)
Sbp(4, 1.5707963705062866, 0, 1.5707963705062866, 51.899993896484375, 15.100000381469727, -63)
Sbp(4, 1.5707963705062866, -0, -3.1415927410125732, 53, 3.1000001430511475, -3.100006103515625)
Sbp(4, 1.5707963705062866, 1.5707963705062866, 0, 56, 3.1000001430511475, -63.899993896484375)
Sbp(4, 1.5707963705062866, 1.5707963705062866, 0, 53, 3.1000001430511475, -63.899993896484375)
Sbp(4, -1.5707963705062866, -1.5707963705062866, 0, 61, 14.100000381469727, -4.100006103515625)
Sbp(4, 1.5707963705062866, 0, -1.5707963705062866, 52.100006103515625, 3.1000001430511475, -54)
Sbp(4, -0, -0, -1.5707963705062866, 51.100006103515625, 15.100000381469727, -25)
Sbp(4, -1.5707963705062866, -1.5707963705062866, 0, 86, 14.100000381469727, -63.100006103515625)
Sbp(4, -3.1415927410125732, 0, -1.5707963705062866, 51.100006103515625, 15.100000381469727, -5)
Sbp(4, 0, 0, 1.5707963705062866, 54.899993896484375, 3.1000001430511475, -63)
Sbp(4, -0, -0, -1.5707963705062866, 51.100006103515625, 15.100000381469727, -15)
Sbp(4, -1.5707963705062866, 0, 1.5707963705062866, 89.89999389648438, 3.1000001430511475, -63)
Sbp(4, 3.1415927410125732, -0, 1.5707963705062866, 72.89999389648438, 1.100000023841858, 43)
Sbp(4, 3.1415927410125732, -0, 1.5707963705062866, 69.89999389648438, 24.100000381469727, -39)
Sbp(4, 3.1415927410125732, -0, 1.5707963705062866, 84.89999389648438, 24.100000381469727, -39)
Sbp(4, -1.5707963705062866, 1.5707963705062866, 0, 83, 21.100000381469727, 8.899993896484375)
Sbp(4, -1.5707963705062866, 0, 1.5707963705062866, -6.100006103515625, 11.100000381469727, 3)
Sbp(4, -0, -0, -1.5707963705062866, 13.100006103515625, 51.10000228881836, 10)
Sbp(4, 3.1415927410125732, -0, 1.5707963705062866, 13.899993896484375, 51.10000228881836, 19)
Sbp(4, 1.5707963705062866, 0, -0, -1, 47.10000228881836, -12.899993896484375)
Sbp(4, -0, -1.5707963705062866, 0, 3, 32.20000076293945, -6)
Sbp(4, -0, 0, -3.1415927410125732, 3, 41, -6)
Sbp(4, -0, -0, -1.5707963705062866, -5.899993896484375, 60.10000228881836, 42)
Sbp(4, -0, 0, -3.1415927410125732, -7, 45, -6)
Sbp(4, -0, 0, -3.1415927410125732, 3, 37, -6)
Sbp(4, -0, 0, -0, -6, 55.20000076293945, 9)
Sbp(4, 0, 0, 1.5707963705062866, -5.100006103515625, 60.10000228881836, 40)
Sbp(4, 0, 1.5707963705062866, 0, -10, 71.20000457763672, 3)
Sbp(4, -0, -1.5707963705062866, 0, 4, 66.20000457763672, 48)
Sbp(4, 1.5707963705062866, 1.5707963705062866, 0, 4, 70.0999984741211, 50.100006103515625)
Sbp(4, 3.1415927410125732, 1.5707963705062866, 0, -14, 33, 1)
Sbp(4, 3.1415927410125732, 1.5707963705062866, 0, -14, 33, 12)
Sbp(4, -3.1415927410125732, 0, -1.5707963705062866, -12.899993896484375, 48.10000228881836, -4)
Sbp(4, -1.5707963705062866, 0, -1.5707963705062866, -7.899993896484375, 41.10000228881836, -13)
Sbp(4, 1.5707963705062866, 0, 1.5707963705062866, 1.899993896484375, 41.10000228881836, -13)
Sbp(4, -3.1415927410125732, 0, -1.5707963705062866, -3.899993896484375, 23.100000381469727, 36)
Sbp(4, 1.5707963705062866, -0, -3.1415927410125732, -10, 24.100000381469727, 1.899993896484375)
Sbp(4, -1.5707963705062866, 0, -1.5707963705062866, 10.100006103515625, 25.100000381469727, 26)
Sbp(4, -1.5707963705062866, -1.5707963705062866, 0, -6, 25.100000381469727, -10.100006103515625)
Sbp(4, -1.5707963705062866, -1.5707963705062866, 0, -0, 25.100000381469727, -10.100006103515625)
Sbp(4, -1.5707963705062866, 0, -1.5707963705062866, 2.100006103515625, 25.100000381469727, -8)
Sbp(4, -0, -0, -1.5707963705062866, 7.100006103515625, 3.1000001430511475, 43)
Sbp(4, -3.1415927410125732, 0, -0, -25, 1, -51)
Sbp(4, 3.1415927410125732, -0, 1.5707963705062866, -51.100006103515625, 1.100000023841858, -26)
Sbp(4, 3.1415927410125732, 1.5707963705062866, 0, -50, 1, -26)
Sbp(4, 3.1415927410125732, -0, 1.5707963705062866, 36.899993896484375, 1.100000023841858, 4)
Sbp(4, 3.1415927410125732, 1.5707963705062866, 0, 38, 1, 4)
Sbp(4, 3.1415927410125732, 1.5707963705062866, 0, 38, 2, 4)
Sbp(4, -0, 0, -0, 36, 13.40000057220459, 47)
Sbp(4, -1.5707963705062866, 0, -1.5707963705062866, 71.10000610351562, 40.70000076293945, -57)
Sbp(4, 3.1415927410125732, 1.5707963705062866, 0, 36, 17.200000762939453, 47)
Sbp(4, 1.5707963705062866, 1.5707963705062866, 0, 55, 49.10000228881836, -60.899993896484375)
Sbp(4, -0, -1.5707963705062866, 0, 64, 41.20000076293945, -7)
Sbp(4, 0, 0, 1.5707963705062866, 53.899993896484375, 39.10000228881836, -58)
Sbp(4, 0, 0, 1.5707963705062866, 89.89999389648438, 53.10000228881836, -60)
Sbp(4, -3.1415927410125732, 0, -0, 64, 42, -27)
Sbp(4, -3.1415927410125732, 0, -0, 64, 42, -37)
Sbp(4, -3.1415927410125732, 0, -0, 64, 42, -47)
Sbp(4, 3.1415927410125732, 1.5707963705062866, 0, 64, 42, -17)
Sbp(4, -0, -1.5707963705062866, 0, 64, 42.20000076293945, -7)
Sbp(4, -0, -1.5707963705062866, 0, 63, 40.20000076293945, -7)
Sbp(4, 0, 0, 1.5707963705062866, 64.89999389648438, 42.10000228881836, -5)
Sbp(4, 0, 0, 1.5707963705062866, 63.899993896484375, 42.10000228881836, -5)
Sbp(4, 1.5707963705062866, -1.5707963705062866, 0, 62, 39.10000228881836, -4.899993896484375)
Sbp(4, -0, 0, -0, 63, 40.20000076293945, -5)
Sbp(4, 3.1415927410125732, -0, 1.5707963705062866, 25.899993896484375, 1.100000023841858, 59)
Sbp(4, -3.1415927410125732, 0, -3.1415927410125732, 27, 0.20000000298023224, 59)
Sbp(4, 3.1415927410125732, -0, 1.5707963705062866, 24.899993896484375, 1.100000023841858, 23)
Sbp(4, -3.1415927410125732, 0, -1.5707963705062866, 39.100006103515625, 1.100000023841858, 21)
Sbp(4, 1.5707963705062866, 1.5707963705062866, 0, 40, 1.100000023841858, 3.100006103515625)
Sbp(4, 1.5707963705062866, -1.5707963705062866, 0, 26, 1.100000023841858, 21.100006103515625)
Sbp(4, 1.5707963705062866, -1.5707963705062866, 0, -26, 1.100000023841858, -21.899993896484375)
Sbp(4, 1.5707963705062866, -1.5707963705062866, 0, -26, 1.100000023841858, -23.899993896484375)
Sbp(4, 1.5707963705062866, -1.5707963705062866, 0, -26, 1.100000023841858, -22.899993896484375)
Sbp(4, 0, 0, 1.5707963705062866, 31.899993896484375, 1.100000023841858, -51)
Sbp(4, -3.1415927410125732, 0, -3.1415927410125732, -51, 0.20000000298023224, -55)
Sbp(4, -0, 0, -3.1415927410125732, 30, 1, -51)
Sbp(4, -1.5707963705062866, 0, -1.5707963705062866, -26.899993896484375, 1.100000023841858, -51)
Sbp(4, -1.5707963705062866, -1.5707963705062866, 0, -51, 1.100000023841858, -53.100006103515625)
Sbp(4, -3.1415927410125732, 0, -3.1415927410125732, -51, 1.2000000476837158, -55)
Sbp(4, -1.5707963705062866, 0, 1.5707963705062866, -49.100006103515625, 1.100000023841858, -54)
Sbp(4, 1.5707963705062866, 0, -1.5707963705062866, -59.899993896484375, 1.100000023841858, -51)
Sbp(4, 1.5707963705062866, 1.5707963705062866, 0, -50, 1.100000023841858, -50.899993896484375)
Sbp(4, 1.5707963705062866, 1.5707963705062866, 0, -49, 1.100000023841858, -52.899993896484375)
Sbp(4, -1.5707963705062866, -0, -0, -50, 1.100000023841858, -27.100006103515625)
Sbp(4, 3.1415927410125732, -0, 1.5707963705062866, -48.100006103515625, 1.100000023841858, -54)
Sbp(4, 1.5707963705062866, 1.5707963705062866, 0, -50, 1.100000023841858, -51.899993896484375)
Sbp(4, -1.5707963705062866, -0, -0, -49, 1.100000023841858, -55.100006103515625)
Sbp(4, -0, -0, -1.5707963705062866, -51.899993896484375, 1.100000023841858, -28)
Sbp(4, 3.1415927410125732, 1.5707963705062866, 0, -50, 2, -26)
Sbp(4, -0, -0, -1.5707963705062866, 0.100006103515625, 3.1000001430511475, 43)
Sbp(4, -3.1415927410125732, 0, -1.5707963705062866, 87.10000610351562, 18.100000381469727, -27)
Sbp(4, -1.5707963705062866, 0, 1.5707963705062866, 90.89999389648438, 43.10000228881836, -25)
Sbp(4, 1.5707963705062866, 0, -1.5707963705062866, 90.10000610351562, 24.100000381469727, -25)
Sbp(4, 0, 0, 1.5707963705062866, 90.89999389648438, 38.10000228881836, -25)
Sbp(4, -0, 0, -3.1415927410125732, 43, 19, -64)
Sbp(4, 1.5707963705062866, 0, 1.5707963705062866, 88.89999389648438, 15.100000381469727, -49)
Sbp(4, 1.5707963705062866, -0, -3.1415927410125732, 53, 3.1000001430511475, -28.100006103515625)
Sbp(4, -0, 0, -0, 70, 19.200000762939453, 7)
Sbp(4, -0, 0, -0, 84, 19.200000762939453, 7)
Sbp(4, 3.1415927410125732, -0, 1.5707963705062866, 81.89999389648438, 1.100000023841858, 43)
Sbp(4, 0, 0, 1.5707963705062866, 81.89999389648438, 9.100000381469727, 25)
Sbp(4, 0, 0, 1.5707963705062866, 72.89999389648438, 9.100000381469727, 25)
Sbp(4, 0, 1.5707963705062866, 0, 77, 27.80000114440918, -62)
Sbp(4, 1.5707963705062866, -0, -3.1415927410125732, 77, 29.700000762939453, -61.100006103515625)
Sbp(4, -1.5707963705062866, 0, 1.5707963705062866, -6.100006103515625, 9.100000381469727, 3)
Sbp(4, 1.5707963705062866, -1.5707963705062866, 0, -3, 23.100000381469727, -9.899993896484375)
Sbp(4, -3.1415927410125732, 0, -0, -3, 26, -0)
Sbp(4, 1.5707963705062866, -1.5707963705062866, 0, -3, 25.100000381469727, -9.899993896484375)
Sbp(4, 1.5707963705062866, -0, -3.1415927410125732, 4, 60.10000228881836, 38.899993896484375)
Sbp(4, -0, 0, -3.1415927410125732, -0, 84.20000457763672, -5)
Sbp(4, 1.5707963705062866, 1.5707963705062866, 0, 8, 64.0999984741211, 38.100006103515625)
Sbp(4, -1.5707963705062866, -1.5707963705062866, 0, 2, 62.10000228881836, 38.899993896484375)
Sbp(4, -0, 0, -3.1415927410125732, -0, 85.20000457763672, -5)
Sbp(4, 1.5707963705062866, 0, -0, -3, 24.100000381469727, -1.899993896484375)
Sbp(4, -0, 0, -0, 12, 25.200000762939453, 4)
Sbp(4, 3.1415927410125732, -0, 1.5707963705062866, 15.899993896484375, 30.100000381469727, 21)
Sbp(4, -1.5707963705062866, 0, -1.5707963705062866, 15.100006103515625, 30.100000381469727, 17)
Sbp(4, -1.5707963705062866, 0, -1.5707963705062866, 15.100006103515625, 39.10000228881836, 12)
Sbp(4, 3.1415927410125732, -0, 1.5707963705062866, 15.899993896484375, 35.10000228881836, 26)
Sbp(4, -1.5707963705062866, 0, -1.5707963705062866, 15.100006103515625, 35.10000228881836, 12)
Sbp(4, -1.5707963705062866, 0, -1.5707963705062866, 15.100006103515625, 44.10000228881836, 17)
Sbp(4, -1.5707963705062866, 0, -1.5707963705062866, 15.100006103515625, 44.10000228881836, 21)
Sbp(4, 1.5707963705062866, -1.5707963705062866, 0, 1, 44.10000228881836, -12.899993896484375)
Sbp(4, -1.5707963705062866, 1.5707963705062866, 0, -1, 43.10000228881836, -11.100006103515625)
Sbp(4, -1.5707963705062866, 1.5707963705062866, 0, -6, 43.10000228881836, -11.100006103515625)
Sbp(4, -0, 0, -3.1415927410125732, -7, 33, -6)
Sbp(4, -0, 0, -3.1415927410125732, -7, 37, -6)
Sbp(4, -0, 0, -3.1415927410125732, -7, 41, -6)
Sbp(4, -0, 0, -3.1415927410125732, 11, 45, -6)
Sbp(4, -3.1415927410125732, 0, -3.1415927410125732, -1, 16.200000762939453, 24)
Sbp(4, -1.5707963705062866, 0, -3.1415927410125732, 4, 25.100000381469727, -6.899993896484375)
Sbp(4, -3.1415927410125732, 0, -0, 13, 8, 12)
Sbp(4, -3.1415927410125732, 0, -0, -4, 85.20000457763672, 7)
Sbp(4, -0, -0, -1.5707963705062866, -11.899993896484375, 56.10000228881836, 16)
Sbp(4, -0, -0, -1.5707963705062866, -11.899993896484375, 56.10000228881836, -10)
Sbp(4, 0, 0, 1.5707963705062866, 11.899993896484375, 56.10000228881836, 16)
Sbp(4, -1.5707963705062866, -0, -0, 4, 56.10000228881836, 39.899993896484375)
Sbp(4, 3.1415927410125732, -0, 1.5707963705062866, 11.899993896484375, 60.10000228881836, -6)
Sbp(4, 0, 0, 1.5707963705062866, 11.899993896484375, 56.10000228881836, -10)
Sbp(4, 0, 0, 1.5707963705062866, 11.899993896484375, 60.10000228881836, 12)
Sbp(4, 0, 1.5707963705062866, 0, 8, 32.20000076293945, 42)
Sbp(4, -3.1415927410125732, 0, -3.1415927410125732, -27, 73.20000457763672, 3)
Sbp(4, 3.1415927410125732, 1.5707963705062866, 0, 14, 7, 43)
Sbp(4, -1.5707963705062866, 0, -1.5707963705062866, 15.100006103515625, 39.10000228881836, 26)
Sbp(4, 1.5707963705062866, -1.5707963705062866, 0, -7, 44.10000228881836, -12.899993896484375)
Sbp(4, 1.5707963705062866, 0, -0, -5, 47.10000228881836, -12.899993896484375)
Sbp(4, 1.5707963705062866, 0, -0, -3, 24.100000381469727, -6.899993896484375)
Sbp(4, -3.1415927410125732, 0, -1.5707963705062866, -9.899993896484375, 25.100000381469727, -6)
Sbp(4, -3.1415927410125732, 0, -3.1415927410125732, -9, 9.199999809265137, 2)
Sbp(4, 1.5707963705062866, 0, 1.5707963705062866, 9.899993896484375, 27.100000381469727, 38)
Sbp(4, -1.5707963705062866, 0, 1.5707963705062866, 9.899993896484375, 25.100000381469727, 14)
Sbp(4, -1.5707963705062866, 0, 1.5707963705062866, 9.899993896484375, 27.100000381469727, -0)
Sbp(4, -0, -1.5707963705062866, 0, 13, 7.200000286102295, 25)
Sbp(4, 3.1415927410125732, -0, 1.5707963705062866, -1.100006103515625, 27.100000381469727, 14)
Sbp(4, 1.5707963705062866, 0, -0, -9, 25.100000381469727, 12.100006103515625)
Sbp(4, 1.5707963705062866, 0, 1.5707963705062866, 9.899993896484375, 27.100000381469727, 27)
Sbp(4, -0, -1.5707963705062866, 0, -1, 19.200000762939453, 24)
Sbp(4, -3.1415927410125732, 0, -0, -1, 11, 16)
Sbp(4, 1.5707963705062866, 0, -0, 55, 43.10000228881836, -46.899993896484375)
Sbp(4, 1.5707963705062866, 0, -1.5707963705062866, 88.10000610351562, 39.10000228881836, -21)
Sbp(4, 1.5707963705062866, 1.5707963705062866, 0, 55, 43.10000228881836, -57.899993896484375)
Sbp(4, 1.5707963705062866, 0, -1.5707963705062866, 88.10000610351562, 39.10000228881836, -25)
Sbp(4, 1.5707963705062866, 0, -0, 55, 43.10000228881836, -6.899993896484375)
Sbp(4, 1.5707963705062866, -0, -3.1415927410125732, 55, 43.10000228881836, -19.100006103515625)
Sbp(4, 1.5707963705062866, 0, -0, 55, 43.10000228881836, -26.899993896484375)
Sbp(4, 1.5707963705062866, -0, -3.1415927410125732, 55, 43.10000228881836, -39.100006103515625)
Sbp(4, 1.5707963705062866, 0, -1.5707963705062866, 88.10000610351562, 39.10000228881836, -41)
Sbp(4, -0, -1.5707963705062866, 0, 55, 44.20000076293945, -58)
Sbp(5, -1.5707963705062866, 0, -1.5707963705062866, 47.100006103515625, 4.599999904632568, -24.5)
Sbp(5, 0, 0, 1.5707963705062866, 53.899993896484375, 4.599999904632568, -53.5)
Sbp(5, 0, 0, 1.5707963705062866, 45.899993896484375, 4.599999904632568, -53.5)
Sbp(5, -1.5707963705062866, -0, -0, -14.5, 28.600000381469727, 6.899993896484375)
Sbp(5, 1.5707963705062866, 1.5707963705062866, 0, 54.5, 4.599999904632568, -52.899993896484375)
Sbp(5, 0, 0, 1.5707963705062866, 49.899993896484375, 4.599999904632568, -53.5)
Sbp(5, -0, 0, -0, 87.5, 9.199999809265137, -5.5)
Sbp(5, -0, 0, -0, 87.5, 5.200000286102295, -5.5)
Sbp(5, 3.1415927410125732, -0, 1.5707963705062866, 90.89999389648438, 4.599999904632568, -3.5)
Sbp(5, 0, 1.5707963705062866, 0, -9.5, 8.199999809265137, 15.5)
Sbp(5, -0, -1.5707963705062866, 0, 11.5, 8.199999809265137, 27.5)
Sbp(5, 3.1415927410125732, 1.5707963705062866, 0, -8.5, 34, 17.5)
Sbp(5, 1.5707963705062866, 0, -1.5707963705062866, -9.899993896484375, 53.60000228881836, 21.5)
Sbp(5, -1.5707963705062866, 0, 1.5707963705062866, 5.899993896484375, 28.600000381469727, -5.5)
Sbp(5, 1.5707963705062866, 0, 1.5707963705062866, -3.100006103515625, 28.600000381469727, -12.5)
Sbp(5, -3.1415927410125732, 0, -3.1415927410125732, -11.5, 12.199999809265137, 14.5)
Sbp(5, -3.1415927410125732, -1.5707963705062866, 0, -7.5, 26, -11.5)
Sbp(5, -3.1415927410125732, 0, -3.1415927410125732, -11.5, 20.200000762939453, 14.5)
Sbp(5, -1.5707963705062866, -0, -0, -14.5, 28.600000381469727, 2.899993896484375)
Sbp(5, -1.5707963705062866, -0, -0, -14.5, 28.600000381469727, -1.100006103515625)
Sbp(5, -3.1415927410125732, 0, -3.1415927410125732, -11.5, 16.200000762939453, 14.5)
Sbp(5, -0, -1.5707963705062866, 0, 11.5, 12.199999809265137, 27.5)
Sbp(5, -0, -1.5707963705062866, 0, 11.5, 20.200000762939453, 27.5)
Sbp(5, 0, 1.5707963705062866, 0, 1.5, 22.200000762939453, -11.5)
Sbp(5, -0, -1.5707963705062866, 0, 11.5, 16.200000762939453, 27.5)
Sbp(5, 0, 0, 1.5707963705062866, 8.899993896484375, 7.599999904632568, -7.5)
Sbp(5, -1.5707963705062866, 0, 1.5707963705062866, 5.899993896484375, 28.600000381469727, -0.5)
Sbp(5, -1.5707963705062866, 0, 1.5707963705062866, 9.899993896484375, 28.600000381469727, -0.5)
Sbp(5, -1.5707963705062866, -0, -0, -14.5, 28.600000381469727, -5.100006103515625)
Sbp(5, -1.5707963705062866, -0, -0, -14.5, 28.600000381469727, 10.899993896484375)
Sbp(5, 1.5707963705062866, 0, 1.5707963705062866, 0.899993896484375, 28.600000381469727, -12.5)
Sbp(5, 3.1415927410125732, 1.5707963705062866, 0, -3.5, 65, 32.5)
Sbp(5, -1.5707963705062866, -1.5707963705062866, 0, 62.5, 41.60000228881836, -12.100006103515625)
Sbp(5, 1.5707963705062866, 0, -0, 62.5, 41.60000228881836, -43.899993896484375)
Sbp(5, 1.5707963705062866, 0, -0, 62.5, 41.60000228881836, -47.899993896484375)
Sbp(5, 1.5707963705062866, -1.5707963705062866, 0, 15.5, 7.599999904632568, 4.100006103515625)
Sbp(5, -3.1415927410125732, 0, -3.1415927410125732, -8.5, 23.200000762939453, 1.5)
Sbp(5, 1.5707963705062866, 0, 1.5707963705062866, -3.100006103515625, 24.600000381469727, -11.5)
Sbp(5, -3.1415927410125732, -1.5707963705062866, 0, 10.5, 16, 16.5)
Sbp(5, -3.1415927410125732, -1.5707963705062866, 0, -0.5, 33, -11.5)
Sbp(5, -0, 0, -3.1415927410125732, 10.5, 22, 28.5)
Sbp(5, -3.1415927410125732, -1.5707963705062866, 0, -0.5, 37, -11.5)
Sbp(5, 1.5707963705062866, 1.5707963705062866, 0, -2.5, 23.600000381469727, 19.100006103515625)
Sbp(5, -3.1415927410125732, -1.5707963705062866, 0, -5.5, 37, -11.5)
Sbp(5, -3.1415927410125732, -1.5707963705062866, 0, 12.5, 37, 18.5)
Sbp(5, -3.1415927410125732, -1.5707963705062866, 0, 12.5, 33, 18.5)
Sbp(5, -3.1415927410125732, -1.5707963705062866, 0, 12.5, 41, 18.5)
Sbp(5, -3.1415927410125732, 0, -0, 10.5, 12, 36.5)
Sbp(5, 1.5707963705062866, 0, 1.5707963705062866, -3.100006103515625, 22.600000381469727, -11.5)
Sbp(5, 3.1415927410125732, 1.5707963705062866, 0, -12.5, 37, -5.5)
Sbp(5, -3.1415927410125732, 0, -0, 0.5, 33, -11.5)
Sbp(5, 1.5707963705062866, 0, 1.5707963705062866, 0.899993896484375, 22.600000381469727, -11.5)
Sbp(5, 1.5707963705062866, 0, 1.5707963705062866, 0.899993896484375, 24.600000381469727, -11.5)
Sbp(5, -3.1415927410125732, -1.5707963705062866, 0, 12.5, 53, 18.5)
Sbp(5, -3.1415927410125732, 0, -3.1415927410125732, -12.5, 49.20000076293945, -7.5)
Sbp(5, -3.1415927410125732, -1.5707963705062866, 0, 10.5, 20, 16.5)
Sbp(5, -0, 0, -3.1415927410125732, 10.5, 22, 36.5)
Sbp(5, -3.1415927410125732, -1.5707963705062866, 0, 12.5, 45, 18.5)
Sbp(5, -3.1415927410125732, 0, -3.1415927410125732, 1.5, 37.20000076293945, -8.5)
Sbp(5, -3.1415927410125732, 0, -3.1415927410125732, -12.5, 37.20000076293945, -7.5)
Sbp(5, -3.1415927410125732, 0, -3.1415927410125732, -12.5, 33.20000076293945, -7.5)
Sbp(5, -3.1415927410125732, 0, -3.1415927410125732, -12.5, 41.20000076293945, -7.5)
Sbp(5, 3.1415927410125732, 1.5707963705062866, 0, -12.5, 33, -5.5)
Sbp(5, 3.1415927410125732, 1.5707963705062866, 0, -12.5, 45, -5.5)
Sbp(5, 1.5707963705062866, 0, -1.5707963705062866, 4.100006103515625, 53.60000228881836, 41.5)
Sbp(5, 3.1415927410125732, 1.5707963705062866, 0, -12.5, 33, 13.5)
Sbp(5, -0, -1.5707963705062866, 0, -12.5, 45.20000076293945, -5.5)
Sbp(5, 3.1415927410125732, 1.5707963705062866, 0, -12.5, 41, -5.5)
Sbp(5, 3.1415927410125732, 1.5707963705062866, 0, -12.5, 41, 13.5)
Sbp(5, 3.1415927410125732, 1.5707963705062866, 0, -12.5, 45, 13.5)
Sbp(5, -0, -1.5707963705062866, 0, -12.5, 45.20000076293945, 13.5)
Sbp(5, 1.5707963705062866, 0, -1.5707963705062866, -15.899993896484375, 55.60000228881836, -11.5)
Sbp(5, 1.5707963705062866, 0, -0, 5.5, 66.5999984741211, 39.100006103515625)
Sbp(5, 1.5707963705062866, 0, -0, 2.5, 66.5999984741211, 39.100006103515625)
Sbp(5, 1.5707963705062866, 0, 1.5707963705062866, 15.899993896484375, 55.60000228881836, -11.5)
Sbp(5, -0, -1.5707963705062866, 0, -4.5, 61.20000076293945, 16.5)
Sbp(5, -0, -1.5707963705062866, 0, -4.5, 61.20000076293945, 21.5)
Sbp(5, -0, -1.5707963705062866, 0, -4.5, 61.20000076293945, 33.5)
Sbp(5, -0, -1.5707963705062866, 0, -4.5, 61.20000076293945, 28.5)
Sbp(5, -1.5707963705062866, -0, -0, -4.5, 60.60000228881836, 20.899993896484375)
Sbp(5, 0, 1.5707963705062866, 0, -3.5, 61.20000076293945, 17.5)
Sbp(5, 0, 1.5707963705062866, 0, -3.5, 61.20000076293945, 20.5)
Sbp(5, -1.5707963705062866, -0, -0, -4.5, 60.60000228881836, 32.899993896484375)
Sbp(5, 3.1415927410125732, 1.5707963705062866, 0, -3.5, 65, 29.5)
Sbp(5, -3.1415927410125732, 0, -1.5707963705062866, 85.10000610351562, 42.60000228881836, -60.5)
Sbp(5, -3.1415927410125732, 0, -3.1415927410125732, 65.5, 43.20000076293945, -19.5)
Sbp(5, -1.5707963705062866, -1.5707963705062866, 0, 62.5, 41.60000228881836, -20.100006103515625)
Sbp(5, 1.5707963705062866, 0, -0, 62.5, 41.60000228881836, -55.899993896484375)
Sbp(5, -1.5707963705062866, -1.5707963705062866, 0, 62.5, 41.60000228881836, -16.100006103515625)
Sbp(5, 1.5707963705062866, 0, -0, 62.5, 41.60000228881836, -7.899993896484375)
Sbp(5, -3.1415927410125732, -1.5707963705062866, 0, 87.5, 42, -4.5)
Sbp(5, 1.5707963705062866, 0, -0, 62.5, 41.60000228881836, -39.899993896484375)
Sbp(5, -3.1415927410125732, 0, -3.1415927410125732, 89.5, 44.20000076293945, -60.5)
Sbp(5, 1.5707963705062866, 0, -0, 62.5, 41.60000228881836, -27.899993896484375)
Sbp(5, -1.5707963705062866, -1.5707963705062866, 0, 62.5, 41.60000228881836, -56.100006103515625)
Sbp(5, -1.5707963705062866, -0, -0, 62.5, 41.60000228881836, -8.100006103515625)
Sbp(5, 1.5707963705062866, 0, -0, 62.5, 41.60000228881836, -35.899993896484375)
Sbp(5, -3.1415927410125732, 0, -1.5707963705062866, 86.10000610351562, 43.60000228881836, -60.5)
Sbp(5, 1.5707963705062866, 0, -0, 62.5, 41.60000228881836, -51.899993896484375)
Sbp(5, 1.5707963705062866, 0, -0, 62.5, 41.60000228881836, -31.899993896484375)
Sbp(5, -3.1415927410125732, 0, -3.1415927410125732, 65.5, 43.20000076293945, -46.5)
Sbp(5, -3.1415927410125732, 0, -3.1415927410125732, 65.5, 43.20000076293945, -55.5)
Sbp(5, -3.1415927410125732, 0, -3.1415927410125732, 65.5, 43.20000076293945, -10.5)
Sbp(5, -3.1415927410125732, 0, -3.1415927410125732, 65.5, 43.20000076293945, -28.5)
Sbp(5, -3.1415927410125732, 0, -3.1415927410125732, 65.5, 43.20000076293945, -37.5)
Sbp(5, 1.5707963705062866, -0, -3.1415927410125732, 67.5, 37.60000228881836, 12.899993896484375)
Sbp(5, -0, 0, -3.1415927410125732, 67.5, 42, -14.5)
Sbp(5, -0, 0, -3.1415927410125732, 73.5, 42, -14.5)
Sbp(5, 1.5707963705062866, -0, -3.1415927410125732, 86.5, 37.60000228881836, 2.899993896484375)
Sbp(5, 1.5707963705062866, -0, -3.1415927410125732, 86.5, 37.60000228881836, 12.899993896484375)
Sbp(5, 1.5707963705062866, -0, -3.1415927410125732, 67.5, 37.60000228881836, -1.100006103515625)
Sbp(5, 1.5707963705062866, -0, -3.1415927410125732, 86.5, 37.60000228881836, -1.100006103515625)
Sbp(5, 1.5707963705062866, -0, -3.1415927410125732, 67.5, 37.60000228881836, 2.899993896484375)
Sbp(5, 1.5707963705062866, -0, -3.1415927410125732, 67.5, 37.60000228881836, 8.899993896484375)
Sbp(5, 1.5707963705062866, -0, -3.1415927410125732, 86.5, 37.60000228881836, 8.899993896484375)
Sbp(5, -1.5707963705062866, 0, -1.5707963705062866, 63.100006103515625, 37.60000228881836, -3.5)
Sbp(5, -1.5707963705062866, 0, -1.5707963705062866, 63.100006103515625, 36.60000228881836, -4.5)
Sbp(5, -1.5707963705062866, 0, -1.5707963705062866, 63.100006103515625, 37.60000228881836, -4.5)
Sbp(5, -0, 0, -3.1415927410125732, 80.5, 42, -14.5)
Sbp(5, -0, 0, -3.1415927410125732, 86.5, 42, -14.5)
Sbp(5, -0, 0, -0, 65.5, 43.20000076293945, -5.5)
Sbp(5, 0, 1.5707963705062866, 0, 87.5, 38.20000076293945, -13.5)
Sbp(5, 3.1415927410125732, 1.5707963705062866, 0, 11.5, 20, 3.5)
Sbp(5, -3.1415927410125732, 0, -3.1415927410125732, 2.5, 20.200000762939453, -6.5)
Sbp(5, -3.1415927410125732, -1.5707963705062866, 0, 8.5, 16, 39.5)
Sbp(5, 0, 0, 1.5707963705062866, 46.899993896484375, 4.599999904632568, -24.5)
Sbp(5, 1.5707963705062866, 0, -1.5707963705062866, -3.899993896484375, 53.60000228881836, 41.5)
Sbp(5, 0, 1.5707963705062866, 0, 68.5, 19.200000762939453, 24.5)
Sbp(5, -3.1415927410125732, -1.5707963705062866, 0, -0.5, 20, 39.5)
Sbp(5, -0, 0, -0, 88.5, 13.199999809265137, -60.5)
Sbp(5, 3.1415927410125732, 1.5707963705062866, 0, -5.5, 24, 13.5)
Sbp(5, 1.5707963705062866, 0, -1.5707963705062866, 0.100006103515625, 53.60000228881836, 41.5)
Sbp(5, 1.5707963705062866, 0, -1.5707963705062866, -7.899993896484375, 53.60000228881836, 41.5)
Sbp(5, 1.5707963705062866, -0, -3.1415927410125732, -10.5, 51.60000228881836, 19.899993896484375)
Sbp(5, 1.5707963705062866, 1.5707963705062866, 0, -10.5, 53.60000228881836, 17.100006103515625)
Sbp(5, -3.1415927410125732, 0, -3.1415927410125732, -12.5, 45.20000076293945, -7.5)
Sbp(5, -3.1415927410125732, 0, -0, 10.5, 16, 36.5)
Sbp(5, -0, -1.5707963705062866, 0, 66.5, 38.20000076293945, -13.5)
Sbp(5, -1.5707963705062866, 0, -1.5707963705062866, -35.899993896484375, 0.6000000238418579, 55.5)
Sbp(5, 1.5707963705062866, -0, -3.1415927410125732, 95.5, 58.60000228881836, -12.100006103515625)
Sbp(5, 1.5707963705062866, -0, -3.1415927410125732, 48.5, 58.60000228881836, -0.100006103515625)
Sbp(5, 1.5707963705062866, 0, -0, 95.5, 58.60000228881836, -3.899993896484375)
Sbp(5, 1.5707963705062866, -0, -3.1415927410125732, 48.5, 58.60000228881836, -60.100006103515625)
Sbp(5, 1.5707963705062866, -0, -3.1415927410125732, 48.5, 58.60000228881836, -24.100006103515625)
Sbp(5, 1.5707963705062866, -0, -3.1415927410125732, 48.5, 58.60000228881836, -36.100006103515625)
Sbp(5, -0, 0, -0, 88.5, 9.199999809265137, -60.5)
Sbp(5, 1.5707963705062866, 1.5707963705062866, 0, 42.5, 4.599999904632568, -28.899993896484375)
Sbp(5, -0, -0, -1.5707963705062866, 46.100006103515625, 17.600000381469727, -2.5)
Sbp(5, -1.5707963705062866, 0, -1.5707963705062866, -9.899993896484375, 28.600000381469727, -9.5)
Sbp(5, -0, -0, -1.5707963705062866, 50.100006103515625, 17.600000381469727, -2.5)
Sbp(5, -0, -0, -1.5707963705062866, 46.100006103515625, 18.600000381469727, -2.5)
Sbp(5, 1.5707963705062866, 0, -1.5707963705062866, 75.10000610351562, 17.600000381469727, -55.5)
Sbp(5, 1.5707963705062866, 1.5707963705062866, 0, 84.5, 17.600000381469727, -22.899993896484375)
Sbp(5, 1.5707963705062866, 1.5707963705062866, 0, 84.5, 17.600000381469727, -14.899993896484375)
Sbp(5, 1.5707963705062866, 0, -1.5707963705062866, 71.10000610351562, 17.600000381469727, -55.5)
Sbp(5, -0, -1.5707963705062866, 0, -7.5, 33.20000076293945, -11.5)
Sbp(5, 3.1415927410125732, 1.5707963705062866, 0, -12.5, 37, 13.5)
Sbp(5, -1.5707963705062866, 0, -1.5707963705062866, 79.10000610351562, 17.600000381469727, -7.5)
Sbp(5, -1.5707963705062866, -0, -0, 84.5, 17.600000381469727, -24.100006103515625)
Sbp(5, -0, 0, -3.1415927410125732, 85.5, 17, -5.5)
Sbp(5, -0, 0, -0, 88.5, 5.200000286102295, -60.5)
Sbp(5, 1.5707963705062866, 1.5707963705062866, 0, 84.5, 17.600000381469727, -10.899993896484375)
Sbp(5, 1.5707963705062866, 1.5707963705062866, 0, 84.5, 17.600000381469727, -18.899993896484375)
Sbp(5, -3.1415927410125732, 0, -1.5707963705062866, 54.100006103515625, 43.60000228881836, -61.5)
Sbp(5, -3.1415927410125732, 0, -0, 87.5, 48, -3.5)
Sbp(5, -3.1415927410125732, 0, -3.1415927410125732, 62.5, 40.20000076293945, -3.5)
Sbp(5, -3.1415927410125732, 0, -3.1415927410125732, 62.5, 44.20000076293945, -3.5)
Sbp(5, 1.5707963705062866, -0, -3.1415927410125732, 95.5, 58.60000228881836, -36.100006103515625)
Sbp(5, -0, 0, -0, 63.5, 40.20000076293945, -3.5)
Sbp(5, -3.1415927410125732, 0, -1.5707963705062866, 82.10000610351562, 44.60000228881836, -61.5)
Sbp(5, -3.1415927410125732, 0, -1.5707963705062866, 58.100006103515625, 43.60000228881836, -61.5)
Sbp(5, -3.1415927410125732, 0, -3.1415927410125732, 89.5, 44.20000076293945, -4.5)
Sbp(5, -3.1415927410125732, 0, -3.1415927410125732, 89.5, 48.20000076293945, -4.5)
Sbp(5, 1.5707963705062866, -0, -3.1415927410125732, 48.5, 58.60000228881836, -48.100006103515625)
Sbp(5, -3.1415927410125732, 0, -3.1415927410125732, 71.5, 42.79999923706055, -56.5)
Sbp(5, -1.5707963705062866, 0, -1.5707963705062866, 1.100006103515625, 7.599999904632568, 39.5)
Sbp(5, 1.5707963705062866, -0, -3.1415927410125732, 95.5, 58.60000228881836, -60.100006103515625)
Sbp(5, -3.1415927410125732, 0, -1.5707963705062866, 54.100006103515625, 44.60000228881836, -61.5)
Sbp(5, 1.5707963705062866, -0, -3.1415927410125732, 95.5, 58.60000228881836, -24.100006103515625)
Sbp(5, -3.1415927410125732, 0, -1.5707963705062866, 70.10000610351562, 44.60000228881836, -61.5)
Sbp(5, 1.5707963705062866, -0, -3.1415927410125732, 48.5, 58.60000228881836, -12.100006103515625)
Sbp(5, 3.1415927410125732, 1.5707963705062866, 0, 53.5, 36, -56.5)
Sbp(5, -3.1415927410125732, 0, -0, 89.5, 48, -59.5)
Sbp(5, 1.5707963705062866, -0, -3.1415927410125732, 95.5, 58.60000228881836, -48.100006103515625)
Sbp(5, -1.5707963705062866, 0, -3.1415927410125732, -12.5, 7.599999904632568, 6.100006103515625)
Sbp(5, -3.1415927410125732, -1.5707963705062866, 0, 71.5, 39.60000228881836, -56.5)
Sbp(5, 3.1415927410125732, 1.5707963705062866, 0, 53.5, 40, -56.5)
Sbp(5, -3.1415927410125732, 0, -1.5707963705062866, 74.10000610351562, 44.60000228881836, -61.5)
Sbp(5, -3.1415927410125732, 0, -1.5707963705062866, 86.10000610351562, 43.60000228881836, -61.5)
Sbp(5, -3.1415927410125732, 0, -1.5707963705062866, 78.10000610351562, 43.60000228881836, -61.5)
Sbp(5, -0, 0, -0, 53.5, 45.20000076293945, -61.5)
Sbp(5, -3.1415927410125732, 0, -1.5707963705062866, 62.100006103515625, 44.60000228881836, -61.5)
Sbp(5, -3.1415927410125732, 0, -1.5707963705062866, 66.10000610351562, 44.60000228881836, -61.5)
Sbp(5, -3.1415927410125732, 0, -1.5707963705062866, 86.10000610351562, 44.60000228881836, -61.5)
Sbp(5, -0, -1.5707963705062866, 0, 78.5, 27.80000114440918, -53.5)
Sbp(5, -3.1415927410125732, 0, -1.5707963705062866, 78.10000610351562, 44.60000228881836, -61.5)
Sbp(5, -3.1415927410125732, 0, -1.5707963705062866, 62.100006103515625, 43.60000228881836, -61.5)
Sbp(5, -1.5707963705062866, 0, -3.1415927410125732, 50.5, 36.60000228881836, -10.899993896484375)
Sbp(5, -1.5707963705062866, 0, -3.1415927410125732, 50.5, 38.60000228881836, -10.899993896484375)
Sbp(5, -1.5707963705062866, 0, -3.1415927410125732, 50.5, 38.60000228881836, -14.899993896484375)
Sbp(5, -1.5707963705062866, 0, -3.1415927410125732, 50.5, 36.60000228881836, -18.899993896484375)
Sbp(5, -3.1415927410125732, 0, -3.1415927410125732, 58.5, 36.20000076293945, 1.5)
Sbp(5, -1.5707963705062866, -1.5707963705062866, 0, 58.5, 35.60000228881836, 0.899993896484375)
Sbp(5, -1.5707963705062866, 0, -3.1415927410125732, 50.5, 38.60000228881836, -18.899993896484375)
Sbp(5, -3.1415927410125732, 0, -0, 57.5, 56, -3.5)
Sbp(5, -1.5707963705062866, 0, -3.1415927410125732, 50.5, 36.60000228881836, -14.899993896484375)
Sbp(5, -3.1415927410125732, 0, -1.5707963705062866, 74.10000610351562, 43.60000228881836, -61.5)
Sbp(5, -3.1415927410125732, 0, -1.5707963705062866, 66.10000610351562, 43.60000228881836, -61.5)
Sbp(5, -3.1415927410125732, 0, -1.5707963705062866, 82.10000610351562, 43.60000228881836, -61.5)
Sbp(5, -3.1415927410125732, 0, -1.5707963705062866, 70.10000610351562, 43.60000228881836, -61.5)
Sbp(5, 1.5707963705062866, -1.5707963705062866, 0, 80.5, 24.80000114440918, -58.899993896484375)
Sbp(5, -1.5707963705062866, -1.5707963705062866, 0, 71.5, 41.20000076293945, -51.100006103515625)
Sbp(5, -0, 0, -3.1415927410125732, 56.5, 52, -3.5)
Sbp(5, -0, 0, -3.1415927410125732, 56.5, 56, -3.5)
Sbp(5, 1.5707963705062866, 0, -1.5707963705062866, 8.100006103515625, 53.60000228881836, 41.5)
Sbp(5, -3.1415927410125732, 0, -0, 57.5, 52, -3.5)
Sbp(5, -0, -1.5707963705062866, 0, 15.5, 8.199999809265137, 17.5)
Sbp(5, -0, 0, -3.1415927410125732, 10.5, 22, 33.5)
Sbp(5, -3.1415927410125732, 0, -3.1415927410125732, -12.5, 29.200000762939453, -7.5)
Sbp(5, -3.1415927410125732, -1.5707963705062866, 0, 12.5, 49, 18.5)
Sbp(5, -3.1415927410125732, 0, -0, 0.5, 37, -11.5)
Sbp(5, -3.1415927410125732, 0, -0, -6.5, 33, -11.5)
Sbp(5, -3.1415927410125732, -1.5707963705062866, 0, 10.5, 26, 28.5)
Sbp(5, -0, 0, -3.1415927410125732, 10.5, 22, 31.5)
Sbp(5, -0, 0, -0, 2.5, 37.20000076293945, -8.5)
Sbp(5, -1.5707963705062866, -1.5707963705062866, 0, 80.5, 23.80000114440918, -52.100006103515625)
Sbp(5, -3.1415927410125732, -1.5707963705062866, 0, 8.5, 12, 39.5)
Sbp(5, -3.1415927410125732, -1.5707963705062866, 0, -0.5, 24, 39.5)
Sbp(5, 0, 0, 1.5707963705062866, 7.899993896484375, 19.600000381469727, 39.5)
Sbp(5, -3.1415927410125732, -1.5707963705062866, 0, -0.5, 12, 39.5)
Sbp(5, 0, 0, 1.5707963705062866, 3.899993896484375, 19.600000381469727, 39.5)
Sbp(5, -3.1415927410125732, -1.5707963705062866, 0, -0.5, 16, 39.5)
Sbp(5, -3.1415927410125732, -1.5707963705062866, 0, 8.5, 24, 39.5)
Sbp(5, -1.5707963705062866, 0, -1.5707963705062866, -13.899993896484375, 28.600000381469727, -9.5)
Sbp(5, -1.5707963705062866, 0, 1.5707963705062866, -11.100006103515625, 53.60000228881836, 17.5)
Sbp(5, -1.5707963705062866, 0, -3.1415927410125732, -12.5, 7.599999904632568, 1.100006103515625)
Sbp(5, -1.5707963705062866, 0, -1.5707963705062866, -10.899993896484375, 7.599999904632568, 15.5)
Sbp(5, 1.5707963705062866, 0, -1.5707963705062866, 12.100006103515625, 53.60000228881836, 41.5)
Sbp(5, -3.1415927410125732, 0, -3.1415927410125732, 2.5, 16.200000762939453, -6.5)
Sbp(5, -0, 0, -0, -10.5, 8.199999809265137, 7.5)
Sbp(5, -0, 0, -0, -10.5, 12.199999809265137, -0.5)
Sbp(5, -0, 0, -3.1415927410125732, -8.5, 20, -6.5)
Sbp(5, -0, 0, -0, -9.5, 8.199999809265137, 11.5)
Sbp(5, -0, 0, -3.1415927410125732, -8.5, 16, -6.5)
Sbp(5, -0, 0, -0, -9.5, 12.199999809265137, 11.5)
Sbp(5, -0, 0, -0, -9.5, 20.200000762939453, 11.5)
Sbp(5, -0, 0, -3.1415927410125732, -8.5, 12, -6.5)
Sbp(5, -0, 0, -3.1415927410125732, -8.5, 24, -6.5)
Sbp(5, -1.5707963705062866, 0, -3.1415927410125732, -16.5, 6.599999904632568, 14.100006103515625)
Sbp(5, -3.1415927410125732, -1.5707963705062866, 0, 10.5, 24, 16.5)
Sbp(5, -3.1415927410125732, -1.5707963705062866, 0, 10.5, 12, 16.5)
Sbp(5, 1.5707963705062866, 0, -1.5707963705062866, -9.899993896484375, 51.60000228881836, 24.5)
Sbp(5, -0, 0, -3.1415927410125732, -9.5, 20, 15.5)
Sbp(5, -0, 0, -3.1415927410125732, -9.5, 16, 15.5)
Sbp(5, 3.1415927410125732, 1.5707963705062866, 0, -8.5, 30, 17.5)
Sbp(5, -0, 0, -0, -1.5, 61.29999923706055, 33.5)
Sbp(5, -1.5707963705062866, -1.5707963705062866, 0, -2.5, 22.600000381469727, 22.899993896484375)
Sbp(5, -1.5707963705062866, -1.5707963705062866, 0, -3.5, 65.5999984741211, 20.899993896484375)
Sbp(5, -3.1415927410125732, -1.5707963705062866, 0, 8.5, 20, 39.5)
Sbp(5, -3.1415927410125732, 0, -3.1415927410125732, -11.5, 8.199999809265137, 14.5)
Sbp(5, -3.1415927410125732, -1.5707963705062866, 0, -11.5, 24, 7.5)
Sbp(5, 3.1415927410125732, 1.5707963705062866, 0, 11.5, 16, 3.5)
Sbp(5, -3.1415927410125732, -1.5707963705062866, 0, -11.5, 16, -0.5)
Sbp(5, -3.1415927410125732, -1.5707963705062866, 0, -11.5, 24, -0.5)
Sbp(5, -3.1415927410125732, -1.5707963705062866, 0, -11.5, 12, -0.5)
Sbp(5, -3.1415927410125732, -1.5707963705062866, 0, -11.5, 12, 7.5)
Sbp(5, -3.1415927410125732, -1.5707963705062866, 0, -11.5, 16, 7.5)
Sbp(5, -3.1415927410125732, -1.5707963705062866, 0, -11.5, 20, 7.5)
Sbp(5, -3.1415927410125732, -1.5707963705062866, 0, -11.5, 20, -0.5)
Sbp(5, -3.1415927410125732, 0, -3.1415927410125732, -10.5, 8.199999809265137, 13.5)
Sbp(5, -3.1415927410125732, 0, -3.1415927410125732, -10.5, 12.199999809265137, 13.5)
Sbp(5, -3.1415927410125732, 0, -3.1415927410125732, -10.5, 16.200000762939453, 13.5)
Sbp(5, 3.1415927410125732, 1.5707963705062866, 0, -5.5, 16, 13.5)
Sbp(5, 3.1415927410125732, 1.5707963705062866, 0, -5.5, 12, 13.5)
Sbp(5, 1.5707963705062866, -0, -3.1415927410125732, 15.5, 24.600000381469727, 24.899993896484375)
Sbp(5, 3.1415927410125732, 1.5707963705062866, 0, 12.5, 14, 34.5)
Sbp(5, -1.5707963705062866, -0, -0, 15.5, 12.600000381469727, 19.899993896484375)
Sbp(5, -3.1415927410125732, 0, -3.1415927410125732, 15.5, 27.100000381469727, 15.5)
Sbp(5, -0, 0, -0, 18.5, 55.20000076293945, -3.5)
Sbp(5, -0, 0, -0, 18.5, 51.20000076293945, 3.5)
Sbp(5, -0, 0, -0, 18.5, 51.20000076293945, -3.5)
Sbp(5, -0, 0, -0, 18.5, 55.20000076293945, 3.5)
Sbp(5, 1.5707963705062866, 0, -1.5707963705062866, 14.100006103515625, 50.60000228881836, -3.5)
Sbp(5, 1.5707963705062866, -0, -3.1415927410125732, 4.5, 42.60000228881836, -8.100006103515625)
Sbp(5, 1.5707963705062866, 0, -0, 4.5, 40.60000228881836, -11.899993896484375)
Sbp(5, 3.1415927410125732, 1.5707963705062866, 0, -5.5, 20, 13.5)
Sbp(5, 0, 1.5707963705062866, 0, -5.5, 29.200000762939453, -11.5)
Sbp(5, 1.5707963705062866, 1.5707963705062866, 0, 2.5, 55.60000228881836, 12.100006103515625)
Sbp(5, -1.5707963705062866, -0, -0, 11.5, 55.60000228881836, 28.899993896484375)
Sbp(5, -1.5707963705062866, -0, -0, 11.5, 55.60000228881836, 37.899993896484375)
Sbp(5, 1.5707963705062866, -0, -3.1415927410125732, -1.5, 21.600000381469727, -5.100006103515625)
Sbp(5, 1.5707963705062866, -0, -3.1415927410125732, -4.5, 21.600000381469727, 2.899993896484375)
Sbp(5, 1.5707963705062866, -0, -3.1415927410125732, -4.5, 21.600000381469727, 10.899993896484375)
Sbp(5, 1.5707963705062866, 0, 1.5707963705062866, -1.100006103515625, 21.600000381469727, 11.5)
Sbp(5, 1.5707963705062866, -0, -3.1415927410125732, -1.5, 21.600000381469727, 2.899993896484375)
Sbp(5, 1.5707963705062866, 0, -1.5707963705062866, -4.899993896484375, 21.600000381469727, -9.5)
Sbp(5, 1.5707963705062866, -0, -3.1415927410125732, -4.5, 21.600000381469727, 6.899993896484375)
Sbp(5, 1.5707963705062866, -0, -3.1415927410125732, -4.5, 21.600000381469727, -1.100006103515625)
Sbp(5, 1.5707963705062866, -0, -3.1415927410125732, -1.5, 21.600000381469727, 10.899993896484375)
Sbp(5, 1.5707963705062866, -0, -3.1415927410125732, -4.5, 21.600000381469727, -5.100006103515625)
Sbp(5, 1.5707963705062866, -0, -3.1415927410125732, -1.5, 21.600000381469727, 6.899993896484375)
Sbp(5, 1.5707963705062866, -0, -3.1415927410125732, -1.5, 21.600000381469727, -1.100006103515625)
Sbp(5, 1.5707963705062866, 0, -0, -10.5, 40.60000228881836, -11.899993896484375)
Sbp(5, -1.5707963705062866, -0, -0, 11.5, 55.60000228881836, 24.899993896484375)
Sbp(5, -1.5707963705062866, -0, -0, 2.5, 55.60000228881836, 28.899993896484375)
Sbp(5, -1.5707963705062866, -0, -0, 11.5, 55.60000228881836, 32.899993896484375)
Sbp(5, 1.5707963705062866, 0, 1.5707963705062866, -1.100006103515625, 55.60000228881836, -4.5)
Sbp(5, 1.5707963705062866, 0, 1.5707963705062866, 2.899993896484375, 55.60000228881836, -4.5)
Sbp(5, -1.5707963705062866, -0, -0, 11.5, 55.60000228881836, 20.899993896484375)
Sbp(5, -0, 0, -0, -9.5, 16.200000762939453, 11.5)
Sbp(5, -1.5707963705062866, -0, -0, 2.5, 55.60000228881836, 20.899993896484375)
Sbp(5, -0, -1.5707963705062866, 0, -7.5, 29.200000762939453, -11.5)
Sbp(5, 3.1415927410125732, 1.5707963705062866, 0, 68.5, 9, 80.5)
Sbp(5, 0, 1.5707963705062866, 0, 85.5, 9.199999809265137, 64.5)
Sbp(5, -0, 0, -0, 85.5, 7.200000286102295, 72.5)
Sbp(5, -3.1415927410125732, 0, -3.1415927410125732, 68.5, 15.199999809265137, 40.5)
Sbp(5, 0, 1.5707963705062866, 0, 85.5, 11.199999809265137, 56.5)
Sbp(5, 3.1415927410125732, 1.5707963705062866, 0, 68.5, 11, 72.5)
Sbp(5, 0, 1.5707963705062866, 0, 85.5, 13.199999809265137, 48.5)
Sbp(5, 0, 1.5707963705062866, 0, 85.5, 21.200000762939453, 16.5)
Sbp(5, 0, 1.5707963705062866, 0, 85.5, 17.200000762939453, 32.5)
Sbp(5, 3.1415927410125732, 1.5707963705062866, 0, 68.5, 6, 96.5)
Sbp(5, 0, 1.5707963705062866, 0, 85.5, 23.200000762939453, 8.5)
Sbp(5, 3.1415927410125732, 1.5707963705062866, 0, 85.5, 6, 96.5)
Sbp(5, -0, 0, -3.1415927410125732, 68.5, 21, 32.5)
Sbp(5, 0, 1.5707963705062866, 0, 85.5, 19.200000762939453, 24.5)
Sbp(5, 0, 1.5707963705062866, 0, 85.5, 15.199999809265137, 40.5)
Sbp(5, -3.1415927410125732, 0, -3.1415927410125732, 68.5, 11.199999809265137, 56.5)
Sbp(5, -3.1415927410125732, 0, -0, 68.5, 27, 8.5)
Sbp(5, -0, 0, -0, 85.5, 5.200000286102295, 80.5)
Sbp(5, 3.1415927410125732, 1.5707963705062866, 0, 68.5, 13, 64.5)
Sbp(5, -3.1415927410125732, -1.5707963705062866, 0, 78.5, 27.600000381469727, -60.5)
Sbp(5, -3.1415927410125732, -1.5707963705062866, 0, 78.5, 27.600000381469727, -61.5)
Sbp(5, -3.1415927410125732, -1.5707963705062866, 0, 75.5, 27.600000381469727, -60.5)
Sbp(5, -3.1415927410125732, -1.5707963705062866, 0, 75.5, 31.600000381469727, -60.5)
Sbp(5, -3.1415927410125732, -1.5707963705062866, 0, 75.5, 27.600000381469727, -61.5)
Sbp(5, 0, 1.5707963705062866, 0, 75.5, 27.80000114440918, -53.5)
Sbp(5, -1.5707963705062866, -0, -0, 71.5, 41.20000076293945, -58.100006103515625)
Sbp(5, -0, 0, -3.1415927410125732, 82.5, 45.60000228881836, -56.5)
Sbp(5, -0, 0, -3.1415927410125732, -9.5, 24, 15.5)
Sbp(5, 1.5707963705062866, 0, 1.5707963705062866, -5.100006103515625, 18.600000381469727, 17.5)
Sbp(5, 3.1415927410125732, 1.5707963705062866, 0, -8.5, 26, 17.5)
Sbp(5, 1.5707963705062866, -1.5707963705062866, 0, 11.5, 69.5999984741211, 3.100006103515625)
Sbp(5, 1.5707963705062866, -1.5707963705062866, 0, 11.5, 69.5999984741211, -0.899993896484375)
Sbp(5, -1.5707963705062866, 1.5707963705062866, 0, -11.5, 63.60000228881836, -1.100006103515625)
Sbp(5, -1.5707963705062866, 1.5707963705062866, 0, -11.5, 63.60000228881836, 6.899993896484375)
Sbp(5, -3.1415927410125732, 0, -1.5707963705062866, 58.100006103515625, 44.60000228881836, -61.5)
Sbp(5, -1.5707963705062866, 1.5707963705062866, 0, -11.5, 63.60000228881836, 10.899993896484375)
Sbp(5, -1.5707963705062866, 1.5707963705062866, 0, -11.5, 63.60000228881836, 2.899993896484375)
Sbp(5, -1.5707963705062866, 0, -1.5707963705062866, -3.899993896484375, 68.5999984741211, 10.5)
Sbp(5, -0, 0, -0, -1.5, 61.20000076293945, 21.5)
Sbp(5, -0, 0, -0, -1.5, 61.20000076293945, 16.5)
Sbp(5, -1.5707963705062866, -1.5707963705062866, 0, -3.5, 65.5999984741211, 32.899993896484375)
Sbp(5, -1.5707963705062866, 0, -1.5707963705062866, -47.899993896484375, 0.6000000238418579, 55.5)
Sbp(5, -1.5707963705062866, 0, -1.5707963705062866, -43.899993896484375, 0.6000000238418579, 55.5)
Sbp(5, -1.5707963705062866, 0, -1.5707963705062866, -31.899993896484375, 0.6000000238418579, 55.5)
Sbp(5, -1.5707963705062866, 0, -1.5707963705062866, -39.899993896484375, 0.6000000238418579, 55.5)
Sbp(5, -1.5707963705062866, 0, -1.5707963705062866, -31.899993896484375, 0.6000000238418579, -55.5)
Sbp(5, -1.5707963705062866, 0, -1.5707963705062866, -47.899993896484375, 0.6000000238418579, -55.5)
Sbp(5, -1.5707963705062866, 0, -1.5707963705062866, -43.899993896484375, 0.6000000238418579, -55.5)
Sbp(5, -1.5707963705062866, 0, -1.5707963705062866, -35.899993896484375, 0.6000000238418579, -55.5)
Sbp(5, -1.5707963705062866, 0, -1.5707963705062866, -39.899993896484375, 0.6000000238418579, -55.5)
Sbp(5, -3.1415927410125732, 0, -0, -6.5, 37, -11.5)
Sbp(5, -1.5707963705062866, 0, 1.5707963705062866, 16.899993896484375, 59.60000228881836, 3.5)
Sbp(5, -1.5707963705062866, 0, 1.5707963705062866, 15.899993896484375, 59.60000228881836, -3.5)
Sbp(5, 1.5707963705062866, -0, -3.1415927410125732, -10.5, 42.60000228881836, -8.100006103515625)
Sbp(5, 1.5707963705062866, 0, -1.5707963705062866, 14.100006103515625, 50.60000228881836, 3.5)
Sbp(5, -1.5707963705062866, 1.5707963705062866, 0, 15.5, 33.60000228881836, 12.899993896484375)
Sbp(5, -3.1415927410125732, 0, -0, 15.5, 47.10000228881836, 15.5)
Sbp(5, 1.5707963705062866, -1.5707963705062866, 0, 15.5, 40.60000228881836, 9.100006103515625)
Sbp(5, 0, 1.5707963705062866, 0, 15.5, 43.29999923706055, 22.5)
Sbp(5, -1.5707963705062866, 1.5707963705062866, 0, 15.5, 40.60000228881836, 28.899993896484375)
Sbp(5, 1.5707963705062866, 0, -0, 15.5, 12.600000381469727, 12.100006103515625)
Sbp(5, 3.1415927410125732, 1.5707963705062866, 0, 12.5, 14, 30.5)
Sbp(5, -1.5707963705062866, -1.5707963705062866, 0, 11.5, 23.600000381469727, 32.899993896484375)
Sbp(5, -1.5707963705062866, -1.5707963705062866, 0, 11.5, 16.600000381469727, 36.899993896484375)
Sbp(5, -1.5707963705062866, -1.5707963705062866, 0, 11.5, 16.600000381469727, 32.899993896484375)
Sbp(5, -1.5707963705062866, -1.5707963705062866, 0, 11.5, 23.600000381469727, 36.899993896484375)
Sbp(5, -3.1415927410125732, -1.5707963705062866, 0, 11.5, 24, 25.5)
Sbp(5, -3.1415927410125732, -1.5707963705062866, 0, 11.5, 20, 25.5)
Sbp(5, 1.5707963705062866, -0, -3.1415927410125732, 15.5, 24.600000381469727, 20.899993896484375)
Sbp(5, 3.1415927410125732, 1.5707963705062866, 0, 11.5, 24, 16.5)
Sbp(5, 3.1415927410125732, 1.5707963705062866, 0, 11.5, 12, 12.5)
Sbp(5, -0, -1.5707963705062866, 0, 11.5, 12.199999809265137, 12.5)
Sbp(5, 3.1415927410125732, 1.5707963705062866, 0, 11.5, 20, 12.5)
Sbp(5, 3.1415927410125732, 1.5707963705062866, 0, 11.5, 24, 3.5)
Sbp(5, 1.5707963705062866, -1.5707963705062866, 0, 14.5, 7.599999904632568, 5.100006103515625)
Sbp(5, -1.5707963705062866, 0, -3.1415927410125732, 15.5, 24.600000381469727, 8.100006103515625)
Sbp(5, -1.5707963705062866, 0, -3.1415927410125732, 15.5, 7.599999904632568, 8.100006103515625)
Sbp(5, -3.1415927410125732, -1.5707963705062866, 0, 11.5, 20, 16.5)
Sbp(5, -3.1415927410125732, -1.5707963705062866, 0, 11.5, 12, 16.5)
Sbp(5, -0, 0, -0, -10.5, 12.199999809265137, 7.5)
Sbp(5, -0, 0, -0, -10.5, 20.200000762939453, -0.5)
Sbp(5, -0, 0, -0, -10.5, 16.200000762939453, -0.5)
Sbp(5, -0, 0, -0, -10.5, 8.199999809265137, -0.5)
Sbp(5, -0, 0, -0, -10.5, 20.200000762939453, 7.5)
Sbp(5, -0, 0, -0, -10.5, 16.200000762939453, 7.5)
Sbp(5, -3.1415927410125732, 0, -3.1415927410125732, 2.5, 8.199999809265137, -6.5)
Sbp(5, -3.1415927410125732, 0, -3.1415927410125732, 2.5, 12.199999809265137, -6.5)
Sbp(5, 1.5707963705062866, -1.5707963705062866, 0, 14.5, 7.599999904632568, 9.100006103515625)
Sbp(5, 3.1415927410125732, 1.5707963705062866, 0, 11.5, 12, 3.5)
Sbp(5, -3.1415927410125732, -1.5707963705062866, 0, 11.5, 12, 25.5)
Sbp(5, -3.1415927410125732, -1.5707963705062866, 0, 11.5, 16, 25.5)
Sbp(5, 0, 1.5707963705062866, 0, 68.5, 3.200000047683716, 88.5)
Sbp(5, -0, -1.5707963705062866, 0, 68.5, 21.200000762939453, 16.5)
Sbp(5, -3.1415927410125732, 0, -3.1415927410125732, 68.5, 13.199999809265137, 48.5)
Sbp(5, 0, 1.5707963705062866, 0, 85.5, 3.200000047683716, 88.5)
Sbp(5, -3.1415927410125732, -1.5707963705062866, 0, 78.5, 31.600000381469727, -60.5)
Sbp(5, 1.5707963705062866, -1.5707963705062866, 0, 73.5, 24.80000114440918, -58.899993896484375)
Sbp(5, 1.5707963705062866, 1.5707963705062866, 0, 73.5, 23.80000114440918, -57.899993896484375)
Sbp(5, -3.1415927410125732, 0, -0, 80.5, 23.200000762939453, -57.5)
Sbp(5, 0, 1.5707963705062866, 0, 75.5, 35.79999923706055, -53.5)
Sbp(5, 0, 1.5707963705062866, 0, 78.5, 31.80000114440918, -53.5)
Sbp(5, 0, 0, 1.5707963705062866, 78.89999389648438, 25.200000762939453, -53.5)
Sbp(5, 0, 1.5707963705062866, 0, 75.5, 31.80000114440918, -53.5)
Sbp(5, -1.5707963705062866, -1.5707963705062866, 0, 80.5, 23.80000114440918, -56.100006103515625)
Sbp(5, -3.1415927410125732, -1.5707963705062866, 0, 11.5, 16, 16.5)
Sbp(5, 1.5707963705062866, 1.5707963705062866, 0, 73.5, 23.80000114440918, -53.899993896484375)
Sbp(5, 1.5707963705062866, 1.5707963705062866, 0, 73.5, 23.80000114440918, -61.899993896484375)
Sbp(5, -0, 0, -0, 73.5, 19.399999618530273, -62.5)
Sbp(5, -1.5707963705062866, -1.5707963705062866, 0, 80.5, 23.80000114440918, -48.100006103515625)
Sbp(5, 3.1415927410125732, 1.5707963705062866, 0, 80.5, 23.200000762939453, -62.5)
Sbp(5, -3.1415927410125732, 0, -0, 80.5, 23.200000762939453, -52.5)
Sbp(5, -0, -1.5707963705062866, 0, 11.5, 20.200000762939453, 12.5)
Sbp(5, -1.5707963705062866, 0, -3.1415927410125732, -16.5, 6.599999904632568, 10.100006103515625)
Sbp(5, 1.5707963705062866, -0, -3.1415927410125732, -10.5, 51.60000228881836, 23.899993896484375)
Sbp(5, 0, 1.5707963705062866, 0, 78.5, 35.79999923706055, -53.5)
Sbp(5, -1.5707963705062866, 0, -1.5707963705062866, -10.899993896484375, 53.60000228881836, 17.5)
Sbp(5, 3.1415927410125732, 1.5707963705062866, 0, 80.5, 23.200000762939453, -47.5)
Sbp(5, 3.1415927410125732, -0, 1.5707963705062866, -3.100006103515625, 7.599999904632568, -7.5)
Sbp(5, -0, -1.5707963705062866, 0, 73.5, 19.399999618530273, -47.5)
Sbp(5, 3.1415927410125732, -0, 1.5707963705062866, -7.100006103515625, 7.599999904632568, -7.5)
Sbp(5, -3.1415927410125732, 0, -3.1415927410125732, -10.5, 20.200000762939453, 13.5)
Sbp(5, -1.5707963705062866, 0, 1.5707963705062866, 9.899993896484375, 28.600000381469727, -5.5)
Sbp(5, -1.5707963705062866, -0, -0, -14.5, 28.600000381469727, 14.899993896484375)
Sbp(5, -1.5707963705062866, 0, -1.5707963705062866, -2.899993896484375, 7.599999904632568, 39.5)
Sbp(5, -1.5707963705062866, 0, -1.5707963705062866, 5.100006103515625, 7.599999904632568, 39.5)
Sbp(5, -1.5707963705062866, 0, -3.1415927410125732, -12.5, 7.599999904632568, -2.899993896484375)
Sbp(5, 3.1415927410125732, -0, 1.5707963705062866, 0.899993896484375, 7.599999904632568, -7.5)
Sbp(5, 3.1415927410125732, -0, 1.5707963705062866, 4.899993896484375, 7.599999904632568, -7.5)
Sbp(5, -1.5707963705062866, 0, -3.1415927410125732, 15.5, 24.600000381469727, 4.100006103515625)
Sbp(6, -3.1415927410125732, 0, -3.1415927410125732, 38.5, 12.40000057220459, 47)
Sbp(6, -3.1415927410125732, -1.5707963705062866, 0, -10, 6, 16.5)
Sbp(6, 1.5707963705062866, 0, -0, -14.5, 4.099999904632568, 15.100006103515625)
Sbp(6, -3.1415927410125732, 0, -1.5707963705062866, 13.100006103515625, 5.599999904632568, 29)
Sbp(6, -3.1415927410125732, 0, -1.5707963705062866, 13.100006103515625, 5.599999904632568, 25)
Sbp(6, -3.1415927410125732, 0, -0, -5.5, 6, 21)
Sbp(6, -0, 0, -3.1415927410125732, 13.5, 6, 37)
Sbp(6, 1.5707963705062866, 0, 1.5707963705062866, -8.100006103515625, 31.100000381469727, -10.5)
Sbp(6, 1.5707963705062866, 0, -0, 1.5, 35.10000228881836, -7.899993896484375)
Sbp(6, 1.5707963705062866, 0, -0, 1.5, 39.10000228881836, -7.899993896484375)
Sbp(6, 1.5707963705062866, -0, -3.1415927410125732, 2.5, 35.10000228881836, -10.100006103515625)
Sbp(6, 1.5707963705062866, -0, -3.1415927410125732, 2.5, 31.100000381469727, -10.100006103515625)
Sbp(6, 1.5707963705062866, 0, -1.5707963705062866, -7.899993896484375, 35.10000228881836, -7.5)
Sbp(6, 1.5707963705062866, 0, -1.5707963705062866, -7.899993896484375, 31.100000381469727, -7.5)
Sbp(6, -3.1415927410125732, 0, -3.1415927410125732, 9.5, 64.20000457763672, 9)
Sbp(6, -3.1415927410125732, 0, -0, -5.5, 6, 29)
Sbp(6, -3.1415927410125732, -1.5707963705062866, 0, 4, 6, 42.5)
Sbp(6, -3.1415927410125732, -1.5707963705062866, 0, 8, 6, 42.5)
Sbp(6, -0, 0, -3.1415927410125732, 13.5, 6, 5)
Sbp(6, 3.1415927410125732, 1.5707963705062866, 0, -4, 6, -8.5)
Sbp(6, -1.5707963705062866, -0, -0, -8.5, 14.100000381469727, -9.100006103515625)
Sbp(6, -1.5707963705062866, -0, -0, -8.5, 10.100000381469727, -9.100006103515625)
Sbp(6, -1.5707963705062866, -0, -0, -8.5, 22.100000381469727, -9.100006103515625)
Sbp(6, -3.1415927410125732, 0, -0, -5.5, 6, 33)
Sbp(6, -3.1415927410125732, -1.5707963705062866, 0, -0, 6, 42.5)
Sbp(6, 3.1415927410125732, 1.5707963705062866, 0, -8, 6, -8.5)
Sbp(6, -3.1415927410125732, 0, -0, -5.5, 6, 37)
Sbp(6, -3.1415927410125732, 0, -0, -5.5, 6, 25)
Sbp(6, -0, 0, -3.1415927410125732, 13.5, 6, 1)
Sbp(6, -3.1415927410125732, 0, -0, -15.5, 6, -3)
Sbp(6, 1.5707963705062866, 0, -0, -5.5, 4.099999904632568, 16.100006103515625)
Sbp(6, 1.5707963705062866, 0, -1.5707963705062866, 12.100006103515625, 4.099999904632568, 41.5)
Sbp(6, -0, 0, -3.1415927410125732, 13.5, 6, -3)
Sbp(6, -1.5707963705062866, -0, -0, -8.5, 18.100000381469727, -9.100006103515625)
Sbp(6, -0, 0, -3.1415927410125732, 13.5, 6, 21)
Sbp(6, 1.5707963705062866, 0, 1.5707963705062866, -14.100006103515625, 4.099999904632568, -7.5)
Sbp(6, -3.1415927410125732, 0, -0, 84.5, 46, 3)
Sbp(6, 3.1415927410125732, -0, 1.5707963705062866, 68.89999389648438, 45.60000228881836, 11)
Sbp(6, 0, 0, 1.5707963705062866, 85.89999389648438, 44.60000228881836, 11)
Sbp(6, -3.1415927410125732, 0, -0, 84.5, 46, 11)
Sbp(6, 3.1415927410125732, -0, 1.5707963705062866, 68.89999389648438, 45.60000228881836, 3)
Sbp(6, -3.1415927410125732, 0, -1.5707963705062866, 69.10000610351562, 45.60000228881836, 3)
Sbp(6, -3.1415927410125732, 0, -3.1415927410125732, 84.5, 46.20000076293945, 11)
Sbp(6, -3.1415927410125732, 0, -3.1415927410125732, 86.5, 44.20000076293945, 11)
Sbp(6, -3.1415927410125732, 0, -1.5707963705062866, 68.10000610351562, 44.60000228881836, 11)
Sbp(6, -0, -0, -1.5707963705062866, 85.10000610351562, 45.60000228881836, 3)
Sbp(6, 3.1415927410125732, -0, 1.5707963705062866, 69.89999389648438, 46.60000228881836, 11)
Sbp(6, -3.1415927410125732, 0, -0, 85.5, 45, 3)
Sbp(6, -3.1415927410125732, 0, -1.5707963705062866, 69.10000610351562, 45.60000228881836, 11)
Sbp(6, -0, 0, -0, 67.5, 44.20000076293945, 11)
Sbp(6, -3.1415927410125732, 0, -3.1415927410125732, 85.5, 45.20000076293945, 11)
Sbp(6, 3.1415927410125732, -0, 1.5707963705062866, 69.89999389648438, 46.60000228881836, 3)
Sbp(6, -0, 0, -0, 67.5, 44.20000076293945, 3)
Sbp(6, -0, 0, -3.1415927410125732, 68.5, 45, 3)
Sbp(6, 1.5707963705062866, -0, -3.1415927410125732, 78.5, 45.70000076293945, -59.100006103515625)
Sbp(6, 1.5707963705062866, -0, -3.1415927410125732, 80.5, 41.70000076293945, -59.100006103515625)
Sbp(6, 1.5707963705062866, -1.5707963705062866, 0, 75, 44.20000076293945, -55.899993896484375)
Sbp(6, 1.5707963705062866, -1.5707963705062866, 0, 79, 44.20000076293945, -55.899993896484375)
Sbp(6, -1.5707963705062866, 0, 1.5707963705062866, 74.89999389648438, 25.700000762939453, -54.5)
Sbp(6, 3.1415927410125732, -0, 1.5707963705062866, 73.89999389648438, 25.80000114440918, -57)
Sbp(6, -1.5707963705062866, 0, 1.5707963705062866, 74.89999389648438, 33.70000076293945, -54.5)
Sbp(6, -1.5707963705062866, 0, -3.1415927410125732, 79.5, 37.70000076293945, -54.899993896484375)
Sbp(6, 0, 1.5707963705062866, 0, 77, 24.80000114440918, -50.5)
Sbp(6, -1.5707963705062866, 0, -3.1415927410125732, 79.5, 25.700000762939453, -54.899993896484375)
Sbp(6, -1.5707963705062866, 0, 1.5707963705062866, 74.89999389648438, 37.70000076293945, -54.5)
Sbp(6, -1.5707963705062866, 0, -3.1415927410125732, 79.5, 33.70000076293945, -54.899993896484375)
Sbp(6, 1.5707963705062866, -1.5707963705062866, 0, 76, 24.600000381469727, -47.899993896484375)
Sbp(6, -1.5707963705062866, 0, -3.1415927410125732, 79.5, 29.700000762939453, -54.899993896484375)
Sbp(6, -3.1415927410125732, 0, -1.5707963705062866, 13.100006103515625, 5.599999904632568, 9)
Sbp(6, -3.1415927410125732, 0, -1.5707963705062866, 13.100006103515625, 5.599999904632568, 13)
Sbp(6, -3.1415927410125732, 0, -1.5707963705062866, 13.100006103515625, 5.599999904632568, 17)
Sbp(6, 0, 0, 1.5707963705062866, -15.100006103515625, 5.599999904632568, 9)
Sbp(6, 0, 0, 1.5707963705062866, -15.100006103515625, 5.599999904632568, 1)
Sbp(6, 0, 0, 1.5707963705062866, -15.100006103515625, 5.599999904632568, 5)
Sbp(6, 1.5707963705062866, 1.5707963705062866, 0, 6, 23.600000381469727, -5.899993896484375)
Sbp(6, 1.5707963705062866, 1.5707963705062866, 0, 6, 13.600000381469727, -5.899993896484375)
Sbp(6, 1.5707963705062866, 1.5707963705062866, 0, 6, 21.600000381469727, -5.899993896484375)
Sbp(6, 1.5707963705062866, 1.5707963705062866, 0, 6, 15.600000381469727, -5.899993896484375)
Sbp(6, 1.5707963705062866, 1.5707963705062866, 0, 6, 19.600000381469727, -5.899993896484375)
Sbp(6, 1.5707963705062866, 1.5707963705062866, 0, 6, 17.600000381469727, -5.899993896484375)
Sbp(6, 1.5707963705062866, 1.5707963705062866, 0, 6, 11.600000381469727, -5.899993896484375)
Sbp(6, 1.5707963705062866, 1.5707963705062866, 0, 6, 9.600000381469727, -5.899993896484375)
Sbp(6, 1.5707963705062866, 0, -1.5707963705062866, -7.899993896484375, 39.10000228881836, -7.5)
Sbp(6, 1.5707963705062866, -0, -3.1415927410125732, 2.5, 39.10000228881836, -10.100006103515625)
Sbp(6, 1.5707963705062866, 0, 1.5707963705062866, -8.100006103515625, 39.10000228881836, -10.5)
Sbp(6, 1.5707963705062866, 0, 1.5707963705062866, -8.100006103515625, 35.10000228881836, -10.5)
Sbp(6, 1.5707963705062866, 0, -0, 1.5, 31.100000381469727, -7.899993896484375)
Sbp(6, -1.5707963705062866, 0, -1.5707963705062866, 2.100006103515625, 22.100000381469727, -9.5)
Sbp(6, -1.5707963705062866, 0, -1.5707963705062866, 2.100006103515625, 18.100000381469727, -9.5)
Sbp(6, -1.5707963705062866, 0, -1.5707963705062866, 2.100006103515625, 14.100000381469727, -9.5)
Sbp(6, -1.5707963705062866, 0, -1.5707963705062866, 2.100006103515625, 10.100000381469727, -9.5)
Sbp(6, -0, -0, -1.5707963705062866, 80.10000610351562, 25.80000114440918, -57)
Sbp(6, -3.1415927410125732, 0, -3.1415927410125732, 84.5, 46.20000076293945, 3)
Sbp(6, -3.1415927410125732, 0, -3.1415927410125732, 86.5, 44.20000076293945, 3)
Sbp(6, 0, 0, 1.5707963705062866, 42.899993896484375, 3.6000001430511475, -27)
Sbp(6, 0, 0, 1.5707963705062866, 42.899993896484375, 3.6000001430511475, -52)
Sbp(6, -3.1415927410125732, 0, -0, 51.5, 4, -62)
Sbp(6, -3.1415927410125732, 0, -0, 51.5, 4, -58)
Sbp(6, -0, 0, -3.1415927410125732, 90.5, 4, -52)
Sbp(6, -0, 0, -3.1415927410125732, 90.5, 4, -10)
Sbp(6, -0, 0, -3.1415927410125732, 90.5, 4, -6)
Sbp(6, -0, 0, -3.1415927410125732, 90.5, 4, -56)
Sbp(6, -0, 0, -3.1415927410125732, 90.5, 4, -14)
Sbp(6, -0, 0, -3.1415927410125732, 90.5, 4, -26)
Sbp(6, -0, 0, -3.1415927410125732, 90.5, 4, -60)
Sbp(6, -0, 0, -3.1415927410125732, 90.5, 4, -22)
Sbp(6, -0, 0, -3.1415927410125732, 90.5, 4, -18)
Sbp(6, 1.5707963705062866, 0, 1.5707963705062866, 75.89999389648438, 45.70000076293945, -59.5)
Sbp(6, 0, 1.5707963705062866, 0, 77, 25.600000381469727, -52.5)
Sbp(6, -1.5707963705062866, 0, 1.5707963705062866, 74.89999389648438, 29.700000762939453, -54.5)
Sbp(6, 1.5707963705062866, 0, -0, 73.5, 41.70000076293945, -54.899993896484375)
Sbp(6, 1.5707963705062866, 0, -1.5707963705062866, 80.10000610351562, 41.70000076293945, -54.5)
Sbp(6, 1.5707963705062866, 0, 1.5707963705062866, 73.89999389648438, 41.70000076293945, -59.5)
Sbp(6, -1.5707963705062866, 1.5707963705062866, 0, 75, 44.20000076293945, -58.100006103515625)
Sbp(6, -1.5707963705062866, 1.5707963705062866, 0, 79, 44.20000076293945, -58.100006103515625)
Sbp(6, 1.5707963705062866, -0, -3.1415927410125732, 12.5, 4.099999904632568, -7.100006103515625)
Sbp(6, 3.1415927410125732, 1.5707963705062866, 0, 8, 6, -8.5)
Sbp(6, 3.1415927410125732, 1.5707963705062866, 0, 4, 6, -8.5)
Sbp(6, 3.1415927410125732, 1.5707963705062866, 0, -0, 6, -8.5)
Sbp(6, 1.5707963705062866, 0, -0, -4.5, 4.099999904632568, 41.100006103515625)
Sbp(6, -3.1415927410125732, 0, -1.5707963705062866, 13.100006103515625, 5.599999904632568, 33)
Sbp(6, -3.1415927410125732, 0, -3.1415927410125732, 38.5, 12.40000057220459, 43)
Sbp(6, -0, -1.5707963705062866, 0, 38, 11.40000057220459, 39.5)
Sbp(6, -0, 0, -0, 29.5, 12.40000057220459, 47)
Sbp(6, -0, 0, -0, 29.5, 12.40000057220459, 43)
Sbp(6, 0, 1.5707963705062866, 0, 38, 11.40000057220459, 50.5)
Sbp(6, 0, 1.5707963705062866, 0, 30, 11.40000057220459, 50.5)
Sbp(6, -0, -1.5707963705062866, 0, 30, 11.40000057220459, 39.5)
Sbp(19, 1.5707963705062866, -0, -3.1415927410125732, 55, 44.60000228881836, -13.100006103515625)
Sbp(19, -3.1415927410125732, 0, -1.5707963705062866, 69.10000610351562, 41.10000228881836, -60.5)
Sbp(19, 1.5707963705062866, 0, -1.5707963705062866, 54.100006103515625, 40.5, -27)
Sbp(19, 1.5707963705062866, 0, -0, 54, 31.600000381469727, -35.899993896484375)
Sbp(19, 0, 1.5707963705062866, 0, 53.5, 26.200000762939453, -58)
Sbp(19, 0, 1.5707963705062866, 0, 53.5, 18.200000762939453, -58)
Sbp(19, -0, -0, -1.5707963705062866, 26.100006103515625, 10.300000190734863, 34.5)
Sbp(19, -0, -0, -1.5707963705062866, 34.100006103515625, 10.300000190734863, 34.5)
Sbp(19, -3.1415927410125732, 0, -1.5707963705062866, 26.100006103515625, 10.300000190734863, 39.5)
Sbp(19, -3.1415927410125732, 0, -1.5707963705062866, 26.100006103515625, 10.300000190734863, 50.5)
Sbp(19, -3.1415927410125732, 0, -1.5707963705062866, 34.100006103515625, 10.300000190734863, 50.5)
Sbp(19, -3.1415927410125732, 0, -1.5707963705062866, 34.100006103515625, 10.300000190734863, 39.5)
Sbp(19, -0, -0, -1.5707963705062866, 26.100006103515625, 10.300000190734863, 55.5)
Sbp(19, 0, 1.5707963705062866, 0, 40.5, 1.2000000476837158, 37)
Sbp(19, -3.1415927410125732, -1.5707963705062866, 0, 27.5, 9, 37)
Sbp(19, -1.5707963705062866, 1.5707963705062866, 0, 24.5, 1.100000023841858, 35.899993896484375)
Sbp(19, -1.5707963705062866, 1.5707963705062866, 0, 24.5, 1.100000023841858, 43.899993896484375)
Sbp(19, -1.5707963705062866, 1.5707963705062866, 0, 24.5, 1.100000023841858, 51.899993896484375)
Sbp(19, 1.5707963705062866, 1.5707963705062866, 0, 24.5, 1.100000023841858, 52.100006103515625)
Sbp(19, 1.5707963705062866, 0, -0, 27, 0.6000000238418579, 22.100006103515625)
Sbp(19, 1.5707963705062866, 0, -1.5707963705062866, 32.100006103515625, 0.6000000238418579, 23)
Sbp(19, 1.5707963705062866, 0, -0, 27, 0.6000000238418579, 30.100006103515625)
Sbp(19, 1.5707963705062866, 0, -0, 27, 0.6000000238418579, 38.100006103515625)
Sbp(19, 1.5707963705062866, 0, -0, 27, 0.6000000238418579, 46.100006103515625)
Sbp(19, -1.5707963705062866, -1.5707963705062866, 0, 60.5, 1.100000023841858, 43.899993896484375)
Sbp(19, 0, 0, 1.5707963705062866, 38.899993896484375, 1.100000023841858, 21.5)
Sbp(19, 0, 0, 1.5707963705062866, 52.899993896484375, 1.100000023841858, 3.5)
Sbp(19, 1.5707963705062866, 1.5707963705062866, 0, 39.5, 1.100000023841858, 4.100006103515625)
Sbp(19, 1.5707963705062866, 1.5707963705062866, 0, 39.5, 1.100000023841858, 12.100006103515625)
Sbp(19, -1.5707963705062866, 1.5707963705062866, 0, 25.5, 1.100000023841858, 45.899993896484375)
Sbp(19, -1.5707963705062866, 1.5707963705062866, 0, 25.5, 1.100000023841858, 53.899993896484375)
Sbp(19, -1.5707963705062866, -1.5707963705062866, 0, 60.5, 1.100000023841858, 59.899993896484375)
Sbp(19, 0, 0, 1.5707963705062866, 60.899993896484375, 1.100000023841858, 3.5)
Sbp(19, -1.5707963705062866, 1.5707963705062866, 0, 25.5, 1.100000023841858, 29.899993896484375)
Sbp(19, -1.5707963705062866, -1.5707963705062866, 0, 60.5, 1.100000023841858, 27.899993896484375)
Sbp(19, -1.5707963705062866, 1.5707963705062866, 0, 25.5, 1.100000023841858, 37.899993896484375)
Sbp(19, -1.5707963705062866, 0, -3.1415927410125732, 38, 0.6000000238418579, 5.100006103515625)
Sbp(19, 3.1415927410125732, -0, 1.5707963705062866, 43.899993896484375, 1.100000023841858, 2.5)
Sbp(19, 1.5707963705062866, -1.5707963705062866, 0, 36.5, 1.100000023841858, 5.100006103515625)
Sbp(19, 3.1415927410125732, -0, 1.5707963705062866, 27.899993896484375, 1.100000023841858, 20.5)
Sbp(19, 1.5707963705062866, -1.5707963705062866, 0, 36.5, 1.100000023841858, 13.100006103515625)
Sbp(19, -1.5707963705062866, 0, -1.5707963705062866, 28.100006103515625, 1.600000023841858, 1)
Sbp(19, 1.5707963705062866, -0, -3.1415927410125732, 38, 1.600000023841858, 12.899993896484375)
Sbp(19, -1.5707963705062866, 0, -1.5707963705062866, 20.100006103515625, 1.600000023841858, 1)
Sbp(19, 1.5707963705062866, 0, 1.5707963705062866, 35.899993896484375, 1.600000023841858, 19)
Sbp(19, 1.5707963705062866, -1.5707963705062866, 0, -24.5, 1.100000023841858, -28.899993896484375)
Sbp(19, -3.1415927410125732, 0, -1.5707963705062866, 12.100006103515625, 1.100000023841858, -28.5)
Sbp(19, -1.5707963705062866, 0, -1.5707963705062866, -55.899993896484375, 1.600000023841858, 59)
Sbp(19, -0, -0, -1.5707963705062866, -59.899993896484375, 1.100000023841858, -28.5)
Sbp(19, -1.5707963705062866, -0, -0, -25, 1.600000023841858, -52.100006103515625)
Sbp(19, 1.5707963705062866, 0, -0, -25, 0.6000000238418579, -59.899993896484375)
Sbp(19, 3.1415927410125732, -0, 1.5707963705062866, 77.89999389648438, 45.10000228881836, 13.5)
Sbp(19, -0, -0, -1.5707963705062866, 74.10000610351562, 47.10000228881836, 13.5)
Sbp(19, 3.1415927410125732, -0, 1.5707963705062866, 74.89999389648438, 43.10000228881836, 13.5)
Sbp(19, 3.1415927410125732, -0, 1.5707963705062866, 86.89999389648438, 43.10000228881836, 13.5)
Sbp(19, -1.5707963705062866, -0, -0, 64, 37.60000228881836, 8.899993896484375)
Sbp(19, -1.5707963705062866, 0, -3.1415927410125732, 77, 50.60000228881836, -2.899993896484375)
Sbp(19, 0, 0, 1.5707963705062866, 60.899993896484375, 41.10000228881836, -2.5)
Sbp(19, 3.1415927410125732, -0, 1.5707963705062866, 66.89999389648438, 33.10000228881836, -82.5)
Sbp(19, -1.5707963705062866, 0, -3.1415927410125732, 77, 50.60000228881836, 5.100006103515625)
Sbp(19, -1.5707963705062866, 1.5707963705062866, 0, 90.5, 33.10000228881836, -66.10000610351562)
Sbp(19, -0, 0, -3.1415927410125732, 87, 65, 4.5)
Sbp(19, -0, 0, -3.1415927410125732, 87, 65, 3.5)
Sbp(19, -0, 0, -3.1415927410125732, 65, 66, 3.5)
Sbp(19, -0, 0, -3.1415927410125732, 65, 66, 4.5)
Sbp(19, 3.1415927410125732, -0, 1.5707963705062866, 75.89999389648438, 68.0999984741211, -2.5)
Sbp(19, -0, -0, -1.5707963705062866, 68.10000610351562, 68.0999984741211, -61.5)
Sbp(19, 0, 0, 1.5707963705062866, 70.89999389648438, 62.10000228881836, -62.5)
Sbp(19, -0, 0, -0, 72, 59.20000076293945, -62.5)
Sbp(19, -0, 0, -3.1415927410125732, 72, 67, -1.5)
Sbp(19, 0, 0, 1.5707963705062866, 80.89999389648438, 62.10000228881836, -62.5)
Sbp(19, -0, -0, -1.5707963705062866, 63.100006103515625, 62.10000228881836, -1.5)
Sbp(19, -0, -0, -1.5707963705062866, 73.10000610351562, 62.10000228881836, -1.5)
Sbp(19, -3.1415927410125732, 0, -1.5707963705062866, -4.899993896484375, 60.10000228881836, 38.5)
Sbp(19, 1.5707963705062866, 0, -0, 4, 66.5999984741211, 11.100006103515625)
Sbp(19, 0, 0, 1.5707963705062866, 6.899993896484375, 64.0999984741211, 38.5)
Sbp(19, 1.5707963705062866, -0, -3.1415927410125732, 2, 65.5999984741211, 18.899993896484375)
Sbp(19, 1.5707963705062866, -0, -3.1415927410125732, 6, 65.5999984741211, 18.899993896484375)
Sbp(19, 1.5707963705062866, -0, -3.1415927410125732, 2, 65.5999984741211, 38.899993896484375)
Sbp(19, 0, 0, 1.5707963705062866, 9.899993896484375, 27.100000381469727, -9.5)
Sbp(19, 3.1415927410125732, 1.5707963705062866, 0, 13.5, 45, 8)
Sbp(19, -3.1415927410125732, 0, -0, -12, 37, 16.5)
Sbp(19, -0, -0, -1.5707963705062866, -6.899993896484375, 27.100000381469727, -12.5)
Sbp(19, -3.1415927410125732, -1.5707963705062866, 0, -13.5, 37, -7)
Sbp(19, 1.5707963705062866, -1.5707963705062866, 0, -2.5, 54.10000228881836, 23.100006103515625)
Sbp(19, 1.5707963705062866, -0, -3.1415927410125732, 13, 53.60000228881836, 38.899993896484375)
Sbp(19, 0, 0, 1.5707963705062866, -6.100006103515625, 27.100000381469727, -9.5)
Sbp(19, -3.1415927410125732, 0, -0, 13, 45, 17.5)
Sbp(19, 3.1415927410125732, 1.5707963705062866, 0, 13.5, 37, 25)
Sbp(19, -1.5707963705062866, 1.5707963705062866, 0, 8.5, 54.10000228881836, 12.899993896484375)
Sbp(19, 1.5707963705062866, 0, -1.5707963705062866, 8.100006103515625, 53.60000228881836, 40)
Sbp(19, -1.5707963705062866, 1.5707963705062866, 0, 8.5, 54.10000228881836, 20.899993896484375)
Sbp(19, -1.5707963705062866, 0, -3.1415927410125732, 3, 53.60000228881836, 13.100006103515625)
Sbp(19, -1.5707963705062866, 0, 1.5707963705062866, 7.899993896484375, 54.60000228881836, -6)
Sbp(19, 1.5707963705062866, -0, -3.1415927410125732, 13, 53.60000228881836, 6.899993896484375)
Sbp(19, -1.5707963705062866, 1.5707963705062866, 0, 8.5, 54.10000228881836, 28.899993896484375)
Sbp(19, -0, -1.5707963705062866, 0, 1.5, 29.200000762939453, -11)
Sbp(19, 1.5707963705062866, 0, -1.5707963705062866, -7.899993896484375, 53.60000228881836, 40)
Sbp(19, -1.5707963705062866, 0, -3.1415927410125732, 3, 53.60000228881836, 5.100006103515625)
Sbp(19, -1.5707963705062866, 0, -3.1415927410125732, 3, 53.60000228881836, 29.100006103515625)
Sbp(19, -1.5707963705062866, 1.5707963705062866, 0, 9.5, 54.10000228881836, 4.899993896484375)
Sbp(19, 1.5707963705062866, -0, -3.1415927410125732, 13, 53.60000228881836, 22.899993896484375)
Sbp(19, 1.5707963705062866, -0, -3.1415927410125732, 13, 54.60000228881836, -3.100006103515625)
Sbp(19, 1.5707963705062866, -0, -3.1415927410125732, 13, 53.60000228881836, 30.899993896484375)
Sbp(19, 1.5707963705062866, -0, -3.1415927410125732, 13, 54.60000228881836, 14.899993896484375)
Sbp(19, 0, 1.5707963705062866, 0, 1.5, 16.200000762939453, -10)
Sbp(19, -1.5707963705062866, 1.5707963705062866, 0, 9.5, 54.10000228881836, 36.899993896484375)
Sbp(19, -1.5707963705062866, 1.5707963705062866, 0, 9.5, 54.10000228881836, 28.899993896484375)
Sbp(19, -1.5707963705062866, -0, -0, 4, 66.5999984741211, 26.899993896484375)
Sbp(19, 1.5707963705062866, 0, 1.5707963705062866, 15.899993896484375, 72.5999984741211, 3)
Sbp(19, 1.5707963705062866, 0, -0, 4, 66.5999984741211, 35.100006103515625)
Sbp(19, 1.5707963705062866, 0, 1.5707963705062866, 6.899993896484375, 71.5999984741211, 3)
Sbp(19, 1.5707963705062866, 0, 1.5707963705062866, -1.100006103515625, 71.5999984741211, 3)
Sbp(19, 1.5707963705062866, 0, -0, 4, 66.5999984741211, 27.100006103515625)
Sbp(19, 1.5707963705062866, 0, -0, 4, 67.5999984741211, 11.100006103515625)
Sbp(19, -1.5707963705062866, 0, -1.5707963705062866, -26.899993896484375, 44.400001525878906, 3)
Sbp(19, 1.5707963705062866, 1.5707963705062866, 0, -12.5, 48.10000228881836, 5.100006103515625)
Sbp(19, -3.1415927410125732, 0, -3.1415927410125732, 4, 16.200000762939453, -7.5)
Sbp(19, 3.1415927410125732, 1.5707963705062866, 0, 9.5, 24, 38)
Sbp(19, 3.1415927410125732, 1.5707963705062866, 0, 10.5, 16, 26)
Sbp(19, -3.1415927410125732, -1.5707963705062866, 0, 12.5, 53, 20)
Sbp(19, 3.1415927410125732, 1.5707963705062866, 0, -5.5, 45, 40)
Sbp(19, -0, -0, -1.5707963705062866, -5.899993896484375, 27.100000381469727, -10.5)
Sbp(19, -3.1415927410125732, -1.5707963705062866, 0, 12.5, 37, 20)
Sbp(19, 3.1415927410125732, 1.5707963705062866, 0, -13.5, 45, -7)
Sbp(19, 1.5707963705062866, 1.5707963705062866, 0, 69.5, 21.100000381469727, -47.899993896484375)
Sbp(19, 0, 1.5707963705062866, 0, -8.5, 16.200000762939453, -8)
Sbp(19, -1.5707963705062866, -0, -0, -15, 54.60000228881836, 0.899993896484375)
Sbp(19, -0, -1.5707963705062866, 0, 2.5, 16.200000762939453, -8)
Sbp(19, -0, -1.5707963705062866, 0, 9.5, 16.200000762939453, 14)
Sbp(19, -3.1415927410125732, -1.5707963705062866, 0, 12.5, 45, 20)
Sbp(19, -3.1415927410125732, 0, -3.1415927410125732, -0, 8.199999809265137, -10.5)
Sbp(19, 3.1415927410125732, -0, 1.5707963705062866, 0.899993896484375, 40.10000228881836, -11.5)
Sbp(19, -1.5707963705062866, 1.5707963705062866, 0, 15.5, 54.10000228881836, 30.899993896484375)
Sbp(19, -3.1415927410125732, 0, -1.5707963705062866, -15.899993896484375, 55.10000228881836, -12.5)
Sbp(19, -1.5707963705062866, 1.5707963705062866, 0, 8.5, 54.10000228881836, 4.899993896484375)
Sbp(19, 1.5707963705062866, 0, 1.5707963705062866, 5.899993896484375, 54.60000228881836, 22)
Sbp(19, -3.1415927410125732, 0, -1.5707963705062866, 0.100006103515625, 55.10000228881836, -12.5)
Sbp(19, 0, 1.5707963705062866, 0, -8.5, 8.199999809265137, -8)
Sbp(19, 1.5707963705062866, -1.5707963705062866, 0, -2.5, 54.10000228881836, 31.100006103515625)
Sbp(19, 1.5707963705062866, -1.5707963705062866, 0, -2.5, 54.10000228881836, -0.899993896484375)
Sbp(19, -3.1415927410125732, 0, -3.1415927410125732, -6, 16.200000762939453, -10.5)
Sbp(19, 3.1415927410125732, -0, 1.5707963705062866, -0.100006103515625, 54.10000228881836, -11.5)
Sbp(19, -0, -1.5707963705062866, 0, 2.5, 8.199999809265137, -8)
Sbp(19, -3.1415927410125732, 0, -3.1415927410125732, -6, 8.199999809265137, -10.5)
Sbp(19, -1.5707963705062866, -1.5707963705062866, 0, 15.5, 54.10000228881836, -1.100006103515625)
Sbp(19, 3.1415927410125732, 1.5707963705062866, 0, 10.5, 24, 26)
Sbp(19, -0, -1.5707963705062866, 0, -2.5, 8.199999809265137, 26)
Sbp(19, 1.5707963705062866, 0, -0, 9, 16.600000381469727, 28.100006103515625)
Sbp(19, 1.5707963705062866, -0, -3.1415927410125732, -1, 22.600000381469727, 28.899993896484375)
Sbp(19, -1.5707963705062866, 0, -3.1415927410125732, -16, 6.599999904632568, -9.899993896484375)
Sbp(19, -0, -1.5707963705062866, 0, -2.5, 16.200000762939453, 26)
Sbp(19, -1.5707963705062866, 0, -3.1415927410125732, -16, 6.599999904632568, -1.899993896484375)
Sbp(19, -1.5707963705062866, 0, -3.1415927410125732, -1, 10.600000381469727, 29.100006103515625)
Sbp(19, 1.5707963705062866, -0, -3.1415927410125732, 9, 10.600000381469727, 35.899993896484375)
Sbp(19, 1.5707963705062866, -0, -3.1415927410125732, -1, 22.600000381469727, 36.899993896484375)
Sbp(19, -3.1415927410125732, 0, -0, -9, 16, 12.5)
Sbp(19, -0, 0, -3.1415927410125732, 4, 24, -6.5)
Sbp(19, -0, 0, -3.1415927410125732, 4, 16, -6.5)
Sbp(19, -3.1415927410125732, 0, -0, -9, 24, 12.5)
Sbp(19, -1.5707963705062866, -0, -0, 13, 7.599999904632568, 10.899993896484375)
Sbp(19, 3.1415927410125732, 1.5707963705062866, 0, 15.5, 16, 8)
Sbp(19, -0, -1.5707963705062866, 0, 15.5, 8.199999809265137, 21)
Sbp(19, 1.5707963705062866, 0, -0, 15, 7.599999904632568, 17.100006103515625)
Sbp(19, -1.5707963705062866, 0, -3.1415927410125732, 12, 25.600000381469727, 16.100006103515625)
Sbp(19, -1.5707963705062866, 0, -3.1415927410125732, 12, 25.600000381469727, 5.100006103515625)
Sbp(19, 1.5707963705062866, -1.5707963705062866, 0, 15.5, 37.10000228881836, 21.100006103515625)
Sbp(19, -3.1415927410125732, -1.5707963705062866, 0, 13.5, 45, 16)
Sbp(19, 1.5707963705062866, -1.5707963705062866, 0, 15.5, 37.10000228881836, 9.100006103515625)
Sbp(19, -0, -1.5707963705062866, 0, 13.5, 29.200000762939453, 16)
Sbp(19, 0, 1.5707963705062866, 0, 15.5, 39.20000076293945, 19)
Sbp(19, -0, 0, -3.1415927410125732, -7, 45, 15.5)
Sbp(19, -1.5707963705062866, 0, 1.5707963705062866, -4.100006103515625, 32.60000228881836, 14)
Sbp(19, -1.5707963705062866, 0, 1.5707963705062866, -4.100006103515625, 40.60000228881836, 14)
Sbp(19, -1.5707963705062866, 0, 1.5707963705062866, -4.100006103515625, 44.60000228881836, 14)
Sbp(19, -1.5707963705062866, 0, -1.5707963705062866, 4.100006103515625, 32.60000228881836, -6)
Sbp(19, -0, -1.5707963705062866, 0, 13.5, 37.20000076293945, -7)
Sbp(19, -1.5707963705062866, 0, 1.5707963705062866, -4.100006103515625, 36.60000228881836, 14)
Sbp(19, 1.5707963705062866, -1.5707963705062866, 0, 84.5, 21.100000381469727, -63.899993896484375)
Sbp(19, -1.5707963705062866, 1.5707963705062866, 0, 13.5, 51.10000228881836, 33.899993896484375)
Sbp(19, 1.5707963705062866, 1.5707963705062866, 0, 84.5, 21.100000381469727, -23.899993896484375)
Sbp(19, 1.5707963705062866, -1.5707963705062866, 0, 84.5, 21.100000381469727, -55.899993896484375)
Sbp(19, -1.5707963705062866, 1.5707963705062866, 0, 13.5, 51.10000228881836, 6.899993896484375)
Sbp(19, 0, 1.5707963705062866, 0, 15.5, 27.200000762939453, 19)
Sbp(19, 1.5707963705062866, 1.5707963705062866, 0, 69.5, 21.100000381469727, -63.899993896484375)
Sbp(19, 1.5707963705062866, 1.5707963705062866, 0, 69.5, 21.100000381469727, -55.899993896484375)
Sbp(19, -1.5707963705062866, 0, -3.1415927410125732, 13, 7.599999904632568, 16.100006103515625)
Sbp(19, 1.5707963705062866, 0, 1.5707963705062866, 9.899993896484375, 44.60000228881836, -6)
Sbp(19, -3.1415927410125732, 0, -3.1415927410125732, -4, 29.200000762939453, 16.5)
Sbp(19, 1.5707963705062866, 0, -0, -3, 22.600000381469727, -8.899993896484375)
Sbp(19, 0, 1.5707963705062866, 0, 9.5, 8.199999809265137, 14)
Sbp(19, -3.1415927410125732, 0, -0, -7, 37, -10.5)
Sbp(19, 1.5707963705062866, 0, -0, 16, 6.599999904632568, 17.100006103515625)
Sbp(19, 0, 1.5707963705062866, 0, 9.5, 8.199999809265137, -6)
Sbp(19, -0, 0, -0, -12, 8.199999809265137, -1.5)
Sbp(19, -3.1415927410125732, 0, -3.1415927410125732, 11, 8.199999809265137, -0.5)
Sbp(19, -0, -1.5707963705062866, 0, 9.5, 16.200000762939453, -0)
Sbp(19, 0, 1.5707963705062866, 0, -12.5, 16.200000762939453, 9)
Sbp(19, 1.5707963705062866, -0, -3.1415927410125732, -10, 27.600000381469727, 4.899993896484375)
Sbp(19, 1.5707963705062866, 0, 1.5707963705062866, 7.899993896484375, 72.5999984741211, 3)
Sbp(19, 1.5707963705062866, -0, -3.1415927410125732, 13, 53.60000228881836, 14.899993896484375)
Sbp(19, 1.5707963705062866, 0, 1.5707963705062866, 15.899993896484375, 71.5999984741211, 3)
Sbp(19, -3.1415927410125732, 0, -0, 12, 45, -8.5)
Sbp(19, 1.5707963705062866, 0, -0, 4, 67.5999984741211, 35.100006103515625)
Sbp(19, -3.1415927410125732, 0, -0, -4, 45, 41.5)
Sbp(19, 3.1415927410125732, 1.5707963705062866, 0, -5.5, 37, 40)
Sbp(19, 3.1415927410125732, 1.5707963705062866, 0, 13.5, 45, 25)
Sbp(19, 1.5707963705062866, 0, -0, 4, 68.5999984741211, 11.100006103515625)
Sbp(19, 1.5707963705062866, -0, -3.1415927410125732, 13, 54.60000228881836, 6.899993896484375)
Sbp(19, -3.1415927410125732, -1.5707963705062866, 0, 13.5, 53, 16)
Sbp(19, -3.1415927410125732, 0, -0, -12, 45, 16.5)
Sbp(19, -3.1415927410125732, -1.5707963705062866, 0, -5.5, 45, 28)
Sbp(19, 0, 1.5707963705062866, 0, -2.5, 16.200000762939453, 28)
Sbp(19, 3.1415927410125732, 1.5707963705062866, 0, 13.5, 53, 25)
Sbp(19, 3.1415927410125732, 1.5707963705062866, 0, 13.5, 37, 8)
Sbp(19, -3.1415927410125732, -1.5707963705062866, 0, -5.5, 37, 28)
Sbp(19, -3.1415927410125732, 0, -0, 12, 45, 41.5)
Sbp(19, -1.5707963705062866, -0, -0, -15, 54.60000228881836, 16.899993896484375)
Sbp(19, -1.5707963705062866, 0, -1.5707963705062866, -15.899993896484375, 54.60000228881836, 18)
Sbp(19, 1.5707963705062866, -1.5707963705062866, 0, -2.5, 54.10000228881836, -8.899993896484375)
Sbp(19, 3.1415927410125732, 1.5707963705062866, 0, -13.5, 49, 4)
Sbp(19, -1.5707963705062866, -1.5707963705062866, 0, -13.5, 50.10000228881836, 1.899993896484375)
Sbp(19, -1.5707963705062866, -1.5707963705062866, 0, -2.5, 54.10000228881836, 22.899993896484375)
Sbp(19, -0, 0, -3.1415927410125732, -7, 53, 15.5)
Sbp(19, 1.5707963705062866, 0, -0, 13, 54.60000228881836, 23.100006103515625)
Sbp(19, -3.1415927410125732, 0, -1.5707963705062866, 8.100006103515625, 55.10000228881836, -12.5)
Sbp(19, -1.5707963705062866, 1.5707963705062866, 0, 9.5, 54.10000228881836, -3.100006103515625)
Sbp(19, -3.1415927410125732, 0, -0, 3, 37, -7.5)
Sbp(19, -3.1415927410125732, -1.5707963705062866, 0, -2.5, 16, 28)
Sbp(19, 0, 1.5707963705062866, 0, 1.5, 29.200000762939453, -9)
Sbp(19, 1.5707963705062866, 0, 1.5707963705062866, 11.899993896484375, 53.60000228881836, 38)
Sbp(19, -3.1415927410125732, 0, -0, 3, 45, -7.5)
Sbp(19, -3.1415927410125732, -1.5707963705062866, 0, 2.5, 37, -9)
Sbp(19, 1.5707963705062866, 1.5707963705062866, 0, -3.5, 23.100000381469727, 27.100006103515625)
Sbp(19, 0, 1.5707963705062866, 0, -2.5, 16.200000762939453, 24)
Sbp(19, -3.1415927410125732, -1.5707963705062866, 0, -5.5, 53, 28)
Sbp(19, -3.1415927410125732, -1.5707963705062866, 0, -8.5, 37, -9)
Sbp(19, 0, 1.5707963705062866, 0, 9.5, 8.199999809265137, -0)
Sbp(19, -3.1415927410125732, 0, -3.1415927410125732, -10, 8.199999809265137, -7.5)
Sbp(19, -0, -0, -1.5707963705062866, -5.899993896484375, 27.100000381469727, -9.5)
Sbp(19, 3.1415927410125732, -0, 1.5707963705062866, -0.100006103515625, 55.10000228881836, -12.5)
Sbp(19, -1.5707963705062866, 0, -1.5707963705062866, 2.100006103515625, 28.600000381469727, 1)
Sbp(19, -0, 0, -3.1415927410125732, -7, 37, 15.5)
Sbp(19, 1.5707963705062866, -1.5707963705062866, 0, -2.5, 54.10000228881836, 7.100006103515625)
Sbp(19, 0, 1.5707963705062866, 0, -10.5, 8.199999809265137, 15)
Sbp(19, 1.5707963705062866, 0, 1.5707963705062866, -0.100006103515625, 72.5999984741211, 3)
Sbp(19, 0, 1.5707963705062866, 0, 9.5, 16.200000762939453, 27)
Sbp(19, -1.5707963705062866, -1.5707963705062866, 0, -13.5, 50.10000228881836, 9.899993896484375)
Sbp(19, 0, 1.5707963705062866, 0, -12.5, 8.199999809265137, 9)
Sbp(19, 0, 1.5707963705062866, 0, -7.5, 8.199999809265137, -10)
Sbp(19, -3.1415927410125732, 0, -3.1415927410125732, 4, 8.199999809265137, -7.5)
Sbp(19, 0, 1.5707963705062866, 0, -11.5, 8.199999809265137, 9)
Sbp(19, 0, 1.5707963705062866, 0, -11.5, 16.200000762939453, -6)
Sbp(19, -0, -1.5707963705062866, 0, -11.5, 8.199999809265137, -6)
Sbp(19, -3.1415927410125732, 0, -3.1415927410125732, -12, 16.200000762939453, -2.5)
Sbp(19, -1.5707963705062866, 0, -3.1415927410125732, 3, 53.60000228881836, -2.899993896484375)
Sbp(19, -1.5707963705062866, 1.5707963705062866, 0, 9.5, 54.10000228881836, 20.899993896484375)
Sbp(19, 3.1415927410125732, -0, 1.5707963705062866, 7.899993896484375, 54.10000228881836, -11.5)
Sbp(19, -1.5707963705062866, 0, -3.1415927410125732, 3, 53.60000228881836, -10.899993896484375)
Sbp(19, -1.5707963705062866, -0, -0, -15, 54.60000228881836, 8.899993896484375)
Sbp(19, -1.5707963705062866, 1.5707963705062866, 0, 15.5, 54.10000228881836, 22.899993896484375)
Sbp(19, -1.5707963705062866, 0, -1.5707963705062866, 0.100006103515625, 54.60000228881836, 9)
Sbp(19, 1.5707963705062866, 0, -1.5707963705062866, 0.100006103515625, 53.60000228881836, 40)
Sbp(19, 3.1415927410125732, -0, 1.5707963705062866, -8.100006103515625, 54.10000228881836, -11.5)
Sbp(19, 1.5707963705062866, -0, -3.1415927410125732, 13, 54.60000228881836, 38.899993896484375)
Sbp(19, -1.5707963705062866, 1.5707963705062866, 0, 8.5, 54.10000228881836, 36.899993896484375)
Sbp(19, -1.5707963705062866, 1.5707963705062866, 0, 8.5, 54.10000228881836, -3.100006103515625)
Sbp(19, -1.5707963705062866, 0, -3.1415927410125732, 3, 53.60000228881836, 21.100006103515625)
Sbp(19, -1.5707963705062866, -0, -0, -10, 55.60000228881836, -4.100006103515625)
Sbp(19, 1.5707963705062866, 0, 1.5707963705062866, 10.899993896484375, 55.60000228881836, 4)
Sbp(19, -1.5707963705062866, -0, -0, -10, 55.60000228881836, 3.899993896484375)
Sbp(19, -1.5707963705062866, 0, -1.5707963705062866, -5.899993896484375, 55.60000228881836, 37)
Sbp(19, 1.5707963705062866, 0, -1.5707963705062866, 4.100006103515625, 36.60000228881836, -6)
Sbp(19, 1.5707963705062866, 0, -1.5707963705062866, 4.100006103515625, 40.60000228881836, -6)
Sbp(19, 1.5707963705062866, 0, -0, -3, 22.600000381469727, 3.100006103515625)
Sbp(19, -1.5707963705062866, -0, -0, -3, 25.600000381469727, -1.100006103515625)
Sbp(19, 1.5707963705062866, -0, -3.1415927410125732, 16, 6.599999904632568, 15.899993896484375)
Sbp(19, -0, -1.5707963705062866, 0, -13.5, 33.20000076293945, 4)
Sbp(19, 1.5707963705062866, 0, -0, 4, 68.5999984741211, 27.100006103515625)
Sbp(19, 1.5707963705062866, 0, -0, 4, 67.5999984741211, 27.100006103515625)
Sbp(19, -0, -1.5707963705062866, 0, -10.5, 16.200000762939453, 15)
Sbp(19, -3.1415927410125732, -1.5707963705062866, 0, -3.5, 16, 26)
Sbp(19, -3.1415927410125732, 0, -3.1415927410125732, -0, 16.200000762939453, -10.5)
Sbp(19, 0, 1.5707963705062866, 0, 1.5, 8.199999809265137, -10)
Sbp(19, -1.5707963705062866, -1.5707963705062866, 0, -3.5, 23.100000381469727, 24.899993896484375)
Sbp(19, 1.5707963705062866, -0, -3.1415927410125732, 13, 53.60000228881836, -1.100006103515625)
Sbp(19, 1.5707963705062866, 0, -0, 4, 68.5999984741211, 19.100006103515625)
Sbp(19, 3.1415927410125732, -0, 1.5707963705062866, 15.899993896484375, 54.10000228881836, -11.5)
Sbp(19, -3.1415927410125732, -1.5707963705062866, 0, -3.5, 24, 26)
Sbp(19, 1.5707963705062866, 0, -0, 4, 67.5999984741211, 19.100006103515625)
Sbp(19, -0, -1.5707963705062866, 0, 72.5, 0.20000000298023224, 63)
Sbp(19, -0, -1.5707963705062866, 0, 81.5, 6.200000286102295, 43)
Sbp(19, 1.5707963705062866, -1.5707963705062866, 0, 83.5, 18.100000381469727, -25.899993896484375)
Sbp(19, -0, -1.5707963705062866, 0, 81.5, 0.20000000298023224, 63)
Sbp(19, -0, -1.5707963705062866, 0, 72.5, 6.200000286102295, 43)
Sbp(19, -0, -1.5707963705062866, 0, 81.5, 10.199999809265137, 25)
Sbp(19, -0, -1.5707963705062866, 0, 72.5, 10.199999809265137, 25)
Sbp(19, -0, -1.5707963705062866, 0, 72.5, 0.20000000298023224, 25)
Sbp(19, -0, -1.5707963705062866, 0, 81.5, 0.20000000298023224, 25)
Sbp(19, -0, -1.5707963705062866, 0, 72.5, 14.199999809265137, 10)
Sbp(19, -0, -1.5707963705062866, 0, 81.5, 14.199999809265137, 10)
Sbp(19, 0, 1.5707963705062866, 0, 81.5, 2.200000047683716, 10)
Sbp(19, 0, 1.5707963705062866, 0, 72.5, 2.200000047683716, 10)
Sbp(19, -0, 0, -0, 77, 31.80000114440918, -60.5)
Sbp(19, -3.1415927410125732, 0, -0, 79, 59.60000228881836, -56.5)
Sbp(19, -3.1415927410125732, 0, -0, 79, 59.60000228881836, -57.5)
Sbp(19, -3.1415927410125732, -1.5707963705062866, 0, 75.5, 31.600000381469727, -59)
Sbp(19, -0, -1.5707963705062866, 0, 78.5, 31.80000114440918, -59)
Sbp(19, -1.5707963705062866, -0, -0, 79, 24.600000381469727, -48.100006103515625)
Sbp(19, -0, -1.5707963705062866, 0, 78.5, 23.80000114440918, -59)
Sbp(19, -3.1415927410125732, -1.5707963705062866, 0, 75.5, 39.60000228881836, -59)
Sbp(19, 1.5707963705062866, 1.5707963705062866, 0, 69.5, 21.100000381469727, -39.899993896484375)
Sbp(19, 1.5707963705062866, -1.5707963705062866, 0, 69.5, 24.100000381469727, -9.899993896484375)
Sbp(19, 1.5707963705062866, 1.5707963705062866, 0, 69.5, 21.100000381469727, -7.899993896484375)
Sbp(19, -1.5707963705062866, 1.5707963705062866, 0, 9.5, 54.10000228881836, 12.899993896484375)
Sbp(19, 1.5707963705062866, 0, 1.5707963705062866, 10.899993896484375, 54.60000228881836, 38)
Sbp(19, 1.5707963705062866, -1.5707963705062866, 0, 69.5, 24.100000381469727, -25.899993896484375)
Sbp(19, 1.5707963705062866, 0, -0, 72, 70.5999984741211, -57.899993896484375)
Sbp(19, -0, 0, -0, 4, 57.20000076293945, 39.5)
Sbp(19, -1.5707963705062866, 1.5707963705062866, 0, -11.5, 62.10000228881836, 10.899993896484375)
Sbp(19, -3.1415927410125732, 0, -1.5707963705062866, 3.100006103515625, 62.10000228881836, 38.5)
Sbp(19, -3.1415927410125732, -1.5707963705062866, 0, 13.5, 45, 40)
Sbp(19, 3.1415927410125732, 1.5707963705062866, 0, 13.5, 53, -7)
Sbp(19, -0, 0, -3.1415927410125732, 13, 37, 17.5)
Sbp(19, -3.1415927410125732, -1.5707963705062866, 0, -13.5, 53, -7)
Sbp(19, -3.1415927410125732, 0, -0, 13, 53, 17.5)
Sbp(19, -0, 0, -3.1415927410125732, -5, 37, 15.5)
Sbp(19, -0, 0, -3.1415927410125732, -5, 45, 15.5)
Sbp(19, 3.1415927410125732, 1.5707963705062866, 0, -13.5, 37, 15)
Sbp(19, -3.1415927410125732, -1.5707963705062866, 0, -13.5, 53, 15)
Sbp(19, -1.5707963705062866, -1.5707963705062866, 0, 10.5, 17.100000381469727, 35.899993896484375)
Sbp(19, -0, 0, -3.1415927410125732, -12, 37, -8.5)
Sbp(19, -3.1415927410125732, 0, -0, -12, 53, 16.5)
Sbp(19, -0, 0, -3.1415927410125732, -12, 45, -8.5)
Sbp(19, 3.1415927410125732, 1.5707963705062866, 0, -4.5, 53, 28)
Sbp(19, -0, -0, -1.5707963705062866, -5.899993896484375, 27.100000381469727, -11.5)
Sbp(19, -3.1415927410125732, 0, -0, 8, 37, -8.5)
Sbp(19, -0, 0, -3.1415927410125732, -5, 53, 15.5)
Sbp(19, 3.1415927410125732, -0, 1.5707963705062866, 5.899993896484375, 27.100000381469727, 41.5)
Sbp(19, -3.1415927410125732, 0, -0, 12, 37, -8.5)
Sbp(19, -3.1415927410125732, 0, -0, 8, 53, -8.5)
Sbp(19, 3.1415927410125732, 1.5707963705062866, 0, -4.5, 45, 28)
Sbp(19, 3.1415927410125732, 1.5707963705062866, 0, 13.5, 37, -7)
Sbp(19, -3.1415927410125732, 0, -0, 12, 53, -8.5)
Sbp(19, -3.1415927410125732, 0, -0, 12, 37, 41.5)
Sbp(19, -0, 0, -3.1415927410125732, -4, 53, 16.5)
Sbp(19, -3.1415927410125732, 0, -0, -4, 53, 41.5)
Sbp(19, 3.1415927410125732, 1.5707963705062866, 0, -5.5, 53, 40)
Sbp(19, -0, 0, -3.1415927410125732, -4, 45, 16.5)
Sbp(19, -3.1415927410125732, 0, -0, 12, 53, 41.5)
Sbp(19, -3.1415927410125732, -1.5707963705062866, 0, 13.5, 37, 40)
Sbp(19, -3.1415927410125732, 0, -0, -4, 37, 41.5)
Sbp(19, -0, 0, -0, -10, 16.200000762939453, -7.5)
Sbp(19, 0, 1.5707963705062866, 0, 9.5, 8.199999809265137, 27)
Sbp(19, -3.1415927410125732, 0, -3.1415927410125732, -12, 8.199999809265137, -2.5)
Sbp(19, 3.1415927410125732, 1.5707963705062866, 0, 9.5, 16, 38)
Sbp(19, 0, 1.5707963705062866, 0, -11.5, 16.200000762939453, 9)
Sbp(19, -0, -1.5707963705062866, 0, -1.5, 16.200000762939453, 38)
Sbp(19, -0, -1.5707963705062866, 0, -1.5, 8.199999809265137, 38)
Sbp(19, 3.1415927410125732, -0, 1.5707963705062866, 5.899993896484375, 27.100000381469727, 40.5)
Sbp(19, -3.1415927410125732, 0, -3.1415927410125732, 11, 16.200000762939453, -0.5)
Sbp(19, 0, 1.5707963705062866, 0, -7.5, 16.200000762939453, -10)
Sbp(19, -3.1415927410125732, 0, -3.1415927410125732, -12, 16.200000762939453, -1.5)
Sbp(19, 0, 1.5707963705062866, 0, 9.5, 16.200000762939453, -6)
Sbp(19, 3.1415927410125732, 1.5707963705062866, 0, 13.5, 53, 8)
Sbp(19, -3.1415927410125732, 0, -0, 8, 45, -8.5)
Sbp(19, 1.5707963705062866, -0, -3.1415927410125732, 6, 65.5999984741211, 30.899993896484375)
Sbp(19, 1.5707963705062866, -0, -3.1415927410125732, 6, 65.5999984741211, 38.899993896484375)
Sbp(19, 1.5707963705062866, -0, -3.1415927410125732, 2, 65.5999984741211, 30.899993896484375)
Sbp(19, -1.5707963705062866, 1.5707963705062866, 0, -11.5, 62.10000228881836, 2.899993896484375)
Sbp(19, -1.5707963705062866, 1.5707963705062866, 0, -11.5, 60.10000228881836, 0.899993896484375)
Sbp(19, -1.5707963705062866, 1.5707963705062866, 0, -11.5, 60.10000228881836, 12.899993896484375)
Sbp(19, -0, -1.5707963705062866, 0, -12.5, 55.20000076293945, 3)
Sbp(19, 1.5707963705062866, -1.5707963705062866, 0, 11.5, 68.0999984741211, -0.899993896484375)
Sbp(19, 1.5707963705062866, -1.5707963705062866, 0, 11.5, 64.0999984741211, -2.899993896484375)
Sbp(19, -1.5707963705062866, 0, 1.5707963705062866, -19.100006103515625, 61.20000076293945, 3)
Sbp(19, -1.5707963705062866, 0, -1.5707963705062866, -23.899993896484375, 71.5999984741211, 3)
Sbp(19, -1.5707963705062866, 0, -1.5707963705062866, -23.899993896484375, 72.5999984741211, 3)
Sbp(19, 0, 1.5707963705062866, 0, -8.5, 29.200000762939453, 28)
Sbp(19, -1.5707963705062866, 1.5707963705062866, 0, -8.5, 38.10000228881836, 26.899993896484375)
Sbp(19, -1.5707963705062866, 1.5707963705062866, 0, -8.5, 38.10000228881836, 36.899993896484375)
Sbp(19, 3.1415927410125732, 1.5707963705062866, 0, -8.5, 47, 28)
Sbp(19, -1.5707963705062866, -1.5707963705062866, 0, -7.5, 24.100000381469727, 44.899993896484375)
Sbp(19, -3.1415927410125732, -1.5707963705062866, 0, -7.5, 23, 36)
Sbp(19, -1.5707963705062866, -1.5707963705062866, 0, -7.5, 24.100000381469727, 34.899993896484375)
Sbp(19, 3.1415927410125732, 1.5707963705062866, 0, 15.5, 24, 8)
Sbp(19, 1.5707963705062866, 1.5707963705062866, 0, 69.5, 21.100000381469727, -31.899993896484375)
Sbp(19, 1.5707963705062866, 1.5707963705062866, 0, 69.5, 21.100000381469727, 0.100006103515625)
Sbp(19, 1.5707963705062866, 1.5707963705062866, 0, 69.5, 21.100000381469727, -15.899993896484375)
Sbp(19, 1.5707963705062866, -1.5707963705062866, 0, 84.5, 21.100000381469727, -15.899993896484375)
Sbp(19, 1.5707963705062866, -1.5707963705062866, 0, 84.5, 21.100000381469727, 0.100006103515625)
Sbp(19, 1.5707963705062866, -1.5707963705062866, 0, 84.5, 21.100000381469727, -7.899993896484375)
Sbp(19, 1.5707963705062866, -1.5707963705062866, 0, 69.5, 24.100000381469727, -33.899993896484375)
Sbp(19, -1.5707963705062866, -0, -0, 89, 17.600000381469727, -19.100006103515625)
Sbp(19, -3.1415927410125732, 0, -3.1415927410125732, 86, 5.200000286102295, -5.5)
Sbp(19, -0, -0, -1.5707963705062866, 66.10000610351562, 3.1000001430511475, -3.5)
Sbp(19, 0, 0, 1.5707963705062866, 64.89999389648438, 3.1000001430511475, -63.5)
Sbp(19, 3.1415927410125732, -0, 1.5707963705062866, 89.89999389648438, 3.1000001430511475, -3.5)
Sbp(19, -0, -0, -1.5707963705062866, 74.10000610351562, 3.1000001430511475, -3.5)
Sbp(19, 1.5707963705062866, 1.5707963705062866, 0, 89.5, 3.1000001430511475, -57.899993896484375)
Sbp(19, -3.1415927410125732, 0, -1.5707963705062866, 44.100006103515625, 3.1000001430511475, -53.5)
Sbp(19, -3.1415927410125732, -1.5707963705062866, 0, 42.5, 29, -52)
Sbp(19, 1.5707963705062866, -1.5707963705062866, 0, 52.5, 6.099999904632568, -11.899993896484375)
Sbp(19, 1.5707963705062866, 1.5707963705062866, 0, 52.5, 3.1000001430511475, -62.899993896484375)
Sbp(19, -1.5707963705062866, -1.5707963705062866, 0, 54.5, 3.1000001430511475, -21.100006103515625)
Sbp(19, -0, -0, -1.5707963705062866, 44.100006103515625, 3.1000001430511475, -24.5)
Sbp(19, -3.1415927410125732, 0, -1.5707963705062866, 64.10000610351562, 16.100000381469727, -4.5)
Sbp(19, -1.5707963705062866, 0, -1.5707963705062866, 44.100006103515625, 16.600000381469727, -15)
Sbp(19, -1.5707963705062866, -1.5707963705062866, 0, 54.5, 3.1000001430511475, -13.100006103515625)
Sbp(19, -0, -1.5707963705062866, 0, 52.5, 7.200000286102295, -53)
Sbp(19, 0, 1.5707963705062866, 0, 42.5, 13.199999809265137, -26)
Sbp(19, 1.5707963705062866, 1.5707963705062866, 0, 52.5, 3.1000001430511475, -27.899993896484375)
Sbp(19, -0, -1.5707963705062866, 0, 51.5, 6.200000286102295, -53)
Sbp(19, -3.1415927410125732, 0, -1.5707963705062866, 56.100006103515625, 16.100000381469727, -4.5)
Sbp(19, 1.5707963705062866, -1.5707963705062866, 0, 52.5, 18.100000381469727, -26.899993896484375)
Sbp(19, 1.5707963705062866, -1.5707963705062866, 0, 52.5, 18.100000381469727, -18.899993896484375)
Sbp(19, 1.5707963705062866, -1.5707963705062866, 0, 52.5, 18.100000381469727, -42.899993896484375)
Sbp(19, 1.5707963705062866, -1.5707963705062866, 0, 52.5, 18.100000381469727, -34.899993896484375)
Sbp(19, 0, 1.5707963705062866, 0, 90.5, 18.200000762939453, -61)
Sbp(19, -1.5707963705062866, -1.5707963705062866, 0, 90.5, 38.10000228881836, -6.100006103515625)
Sbp(19, 0, 1.5707963705062866, 0, 90.5, 34.20000076293945, -5)
Sbp(19, -1.5707963705062866, -1.5707963705062866, 0, 90.5, 38.10000228881836, -26.100006103515625)
Sbp(19, -1.5707963705062866, -1.5707963705062866, 0, 90.5, 38.10000228881836, -52.100006103515625)
Sbp(19, -0, -1.5707963705062866, 0, 90.5, 34.20000076293945, -23)
Sbp(19, -1.5707963705062866, -1.5707963705062866, 0, 90.5, 38.10000228881836, -14.100006103515625)
Sbp(19, -1.5707963705062866, 1.5707963705062866, 0, 90.5, 24.100000381469727, -6.100006103515625)
Sbp(19, 0, 1.5707963705062866, 0, 90.5, 18.200000762939453, -43)
Sbp(19, -1.5707963705062866, 1.5707963705062866, 0, 90.5, 24.100000381469727, -26.100006103515625)
Sbp(19, 0, 1.5707963705062866, 0, 90.5, 26.200000762939453, -43)
Sbp(19, 0, 1.5707963705062866, 0, 90.5, 26.200000762939453, -5)
Sbp(19, 0, 1.5707963705062866, 0, 90.5, 18.200000762939453, -5)
Sbp(19, -1.5707963705062866, -1.5707963705062866, 0, 90.5, 38.10000228881836, -34.100006103515625)
Sbp(19, 0, 1.5707963705062866, 0, 90.5, 18.200000762939453, -23)
Sbp(19, -1.5707963705062866, 1.5707963705062866, 0, 90.5, 24.100000381469727, -34.100006103515625)
Sbp(19, 0, 1.5707963705062866, 0, 90.5, 26.200000762939453, -61)
Sbp(19, 0, 1.5707963705062866, 0, 90.5, 34.20000076293945, -43)
Sbp(19, -1.5707963705062866, 1.5707963705062866, 0, 90.5, 24.100000381469727, -44.100006103515625)
Sbp(19, -1.5707963705062866, 1.5707963705062866, 0, 90.5, 24.100000381469727, -52.100006103515625)
Sbp(19, -1.5707963705062866, -1.5707963705062866, 0, 90.5, 38.10000228881836, -44.100006103515625)
Sbp(19, 0, 1.5707963705062866, 0, 90.5, 34.20000076293945, -61)
Sbp(19, 1.5707963705062866, -1.5707963705062866, 0, 90.5, 43.10000228881836, -13.899993896484375)
Sbp(19, 0, 0, 1.5707963705062866, 71.89999389648438, 14.100000381469727, -61.5)
Sbp(19, 1.5707963705062866, -1.5707963705062866, 0, 90.5, 43.10000228881836, -21.899993896484375)
Sbp(19, 1.5707963705062866, -1.5707963705062866, 0, 90.5, 43.10000228881836, -33.899993896484375)
Sbp(19, 1.5707963705062866, -1.5707963705062866, 0, 90.5, 43.10000228881836, -59.899993896484375)
Sbp(19, 1.5707963705062866, -1.5707963705062866, 0, 90.5, 43.10000228881836, -41.899993896484375)
Sbp(19, -3.1415927410125732, -1.5707963705062866, 0, 90.5, 52, -61)
Sbp(19, -3.1415927410125732, -1.5707963705062866, 0, 89.5, 27, -61)
Sbp(19, -3.1415927410125732, -1.5707963705062866, 0, 89.5, 43, -5)
Sbp(19, -3.1415927410125732, -1.5707963705062866, 0, 89.5, 27, -5)
Sbp(19, -3.1415927410125732, 0, -1.5707963705062866, 5.100006103515625, 60.10000228881836, 38.5)
Sbp(19, -3.1415927410125732, -1.5707963705062866, 0, 90.5, 34, -23)
Sbp(19, 3.1415927410125732, 1.5707963705062866, 0, 89.5, 43, -59)
Sbp(19, -3.1415927410125732, -1.5707963705062866, 0, 89.5, 35, -5)
Sbp(19, -3.1415927410125732, -1.5707963705062866, 0, 89.5, 43, -61)
Sbp(19, -3.1415927410125732, -1.5707963705062866, 0, 89.5, 35, -21)
Sbp(19, -3.1415927410125732, -1.5707963705062866, 0, 90.5, 52, -43)
Sbp(19, -3.1415927410125732, -1.5707963705062866, 0, 90.5, 52, -23)
Sbp(19, -3.1415927410125732, -1.5707963705062866, 0, 89.5, 27, -59)
Sbp(19, 1.5707963705062866, 1.5707963705062866, 0, 87.5, 18.100000381469727, -17.899993896484375)
Sbp(19, 0, 0, 1.5707963705062866, 87.89999389648438, 14.100000381469727, -61.5)
Sbp(19, -3.1415927410125732, -1.5707963705062866, 0, 89.5, 35, -59)
Sbp(19, -3.1415927410125732, -1.5707963705062866, 0, 89.5, 35, -33)
Sbp(19, 0, 0, 1.5707963705062866, 60.899993896484375, 16.100000381469727, -61.5)
Sbp(19, -3.1415927410125732, -1.5707963705062866, 0, 89.5, 35, -52)
Sbp(19, 0, 0, 1.5707963705062866, 68.89999389648438, 16.100000381469727, -61.5)
Sbp(19, 3.1415927410125732, 1.5707963705062866, 0, 87.5, 13, -51)
Sbp(19, -0, 0, -0, 71, 5.200000286102295, -60.5)
Sbp(19, -3.1415927410125732, -1.5707963705062866, 0, 89.5, 35, -41)
Sbp(19, 0, 0, 1.5707963705062866, 63.899993896484375, 14.100000381469727, -61.5)
Sbp(19, 1.5707963705062866, 1.5707963705062866, 0, 87.5, 18.100000381469727, -25.899993896484375)
Sbp(19, 0, 0, 1.5707963705062866, 62.899993896484375, 16.100000381469727, -60.5)
Sbp(19, 3.1415927410125732, 1.5707963705062866, 0, 87.5, 13, -27)
Sbp(19, 0, 0, 1.5707963705062866, 76.89999389648438, 16.100000381469727, -61.5)
Sbp(19, 0, 0, 1.5707963705062866, 79.89999389648438, 14.100000381469727, -61.5)
Sbp(19, -3.1415927410125732, -1.5707963705062866, 0, 85.5, 37, 1)
Sbp(19, -3.1415927410125732, -1.5707963705062866, 0, 85.5, 29, 13)
Sbp(19, -0, 0, -3.1415927410125732, 86, 27, -3.5)
Sbp(19, -0, 0, -3.1415927410125732, 88, 35, -5.5)
Sbp(19, -3.1415927410125732, 0, -0, 62, 26, -4.5)
Sbp(19, -3.1415927410125732, -1.5707963705062866, 0, 68.5, 37, 13)
Sbp(19, -1.5707963705062866, -0, -0, 66, 36.60000228881836, 14.899993896484375)
Sbp(19, -1.5707963705062866, -0, -0, 66, 36.60000228881836, 6.899993896484375)
Sbp(19, -0, 0, -3.1415927410125732, 88, 27, -5.5)
Sbp(19, 1.5707963705062866, 1.5707963705062866, 0, 52.5, 16.100000381469727, -13.899993896484375)
Sbp(19, -3.1415927410125732, -1.5707963705062866, 0, 68.5, 29, 1)
Sbp(19, -3.1415927410125732, -1.5707963705062866, 0, 68.5, 37, 1)
Sbp(19, -3.1415927410125732, -1.5707963705062866, 0, 85.5, 37, 13)
Sbp(19, -1.5707963705062866, -0, -0, 88, 36.60000228881836, 6.899993896484375)
Sbp(19, -1.5707963705062866, -0, -0, 88, 36.60000228881836, 14.899993896484375)
Sbp(19, -3.1415927410125732, -1.5707963705062866, 0, 86.5, 27, -5)
Sbp(19, -3.1415927410125732, -1.5707963705062866, 0, 68.5, 29, 13)
Sbp(19, -3.1415927410125732, -1.5707963705062866, 0, 86.5, 35, -5)
Sbp(19, -0, -1.5707963705062866, 0, 53.5, 5.200000286102295, -53)
Sbp(19, -3.1415927410125732, -1.5707963705062866, 0, 87.5, 13, -17)
Sbp(19, -3.1415927410125732, 0, -1.5707963705062866, 71.10000610351562, 16.100000381469727, -60.5)
Sbp(19, 3.1415927410125732, -0, 1.5707963705062866, 85.89999389648438, 16.100000381469727, -6.5)
Sbp(19, 3.1415927410125732, -0, 1.5707963705062866, 77.89999389648438, 16.100000381469727, -6.5)
Sbp(19, 3.1415927410125732, -0, 1.5707963705062866, 69.89999389648438, 16.100000381469727, -6.5)
Sbp(19, -1.5707963705062866, 1.5707963705062866, 0, 52.5, 14.100000381469727, -16.100006103515625)
Sbp(19, -1.5707963705062866, 1.5707963705062866, 0, 52.5, 16.100000381469727, -16.100006103515625)
Sbp(19, -3.1415927410125732, -1.5707963705062866, 0, 53.5, 13, -27)
Sbp(19, -3.1415927410125732, -1.5707963705062866, 0, 53.5, 13, -15)
Sbp(19, -1.5707963705062866, 1.5707963705062866, 0, 53.5, 15.100000381469727, -16.100006103515625)
Sbp(19, -3.1415927410125732, 0, -1.5707963705062866, 63.100006103515625, 16.100000381469727, -60.5)
Sbp(19, -3.1415927410125732, 0, -0, 79, 13, -60.5)
Sbp(19, -3.1415927410125732, 0, -0, 62, 13, -60.5)
Sbp(19, 1.5707963705062866, 0, -0, 77, 49.60000228881836, 17.100006103515625)
Sbp(19, -3.1415927410125732, 0, -0, 77, 46, 14.5)
Sbp(19, 1.5707963705062866, -0, -3.1415927410125732, 77, 48.60000228881836, 24.899993896484375)
Sbp(19, -1.5707963705062866, 0, 1.5707963705062866, 51.899993896484375, 16.600000381469727, -45)
Sbp(19, 1.5707963705062866, 0, 1.5707963705062866, 51.899993896484375, 14.600000381469727, -29)
Sbp(19, -1.5707963705062866, 0, 1.5707963705062866, 51.899993896484375, 13.600000381469727, -49)
Sbp(19, 1.5707963705062866, 0, 1.5707963705062866, 51.899993896484375, 14.600000381469727, -49)
Sbp(19, 1.5707963705062866, 0, -1.5707963705062866, 44.100006103515625, 13.600000381469727, -29)
Sbp(19, 1.5707963705062866, -1.5707963705062866, 0, 52.5, 18.100000381469727, -58.899993896484375)
Sbp(19, 3.1415927410125732, 1.5707963705062866, 0, 52.5, 50, -23)
Sbp(19, 3.1415927410125732, -0, 1.5707963705062866, 89.89999389648438, 57.10000228881836, -2.5)
Sbp(19, -3.1415927410125732, -1.5707963705062866, 0, 51.5, 40, -58)
Sbp(19, -1.5707963705062866, -0, -0, 86, 17.600000381469727, -15.100006103515625)
Sbp(19, -3.1415927410125732, -1.5707963705062866, 0, 67.5, 27, -5)
Sbp(19, -3.1415927410125732, -1.5707963705062866, 0, 67.5, 35, -5)
Sbp(19, -3.1415927410125732, 0, -0, 89, 44, -3.5)
Sbp(19, -0, 0, -3.1415927410125732, 68, 35, -3.5)
Sbp(19, -1.5707963705062866, -0, -0, 43, 33.60000228881836, -27.100006103515625)
Sbp(19, -3.1415927410125732, 0, -3.1415927410125732, 43, 21.200000762939453, -26.5)
Sbp(19, -3.1415927410125732, 0, -3.1415927410125732, 43, 21.200000762939453, -25.5)
Sbp(19, -1.5707963705062866, -0, -0, 43, 33.60000228881836, -35.100006103515625)
Sbp(19, -1.5707963705062866, -0, -0, 43, 33.60000228881836, -43.100006103515625)
Sbp(19, -1.5707963705062866, 0, -1.5707963705062866, 67.10000610351562, 35.60000228881836, -84)
Sbp(19, -1.5707963705062866, 0, -1.5707963705062866, 79.10000610351562, 35.60000228881836, -84)
Sbp(19, 1.5707963705062866, 0, 1.5707963705062866, 62.899993896484375, 35.60000228881836, -84)
Sbp(19, -3.1415927410125732, -1.5707963705062866, 0, -13.5, 45, 15)
Sbp(19, 1.5707963705062866, 1.5707963705062866, 0, -11.5, 25.100000381469727, 0.100006103515625)
Sbp(19, -3.1415927410125732, -1.5707963705062866, 0, 13.5, 53, 40)
Sbp(19, -1.5707963705062866, -0, -0, -10, 27.600000381469727, 12.899993896484375)
Sbp(19, -1.5707963705062866, -1.5707963705062866, 0, 15.5, 54.10000228881836, 6.899993896484375)
Sbp(19, 1.5707963705062866, 1.5707963705062866, 0, -12.5, 48.10000228881836, -2.899993896484375)
Sbp(19, 1.5707963705062866, 0, -0, 13, 54.60000228881836, 15.100006103515625)
Sbp(19, 1.5707963705062866, 0, 1.5707963705062866, 1.899993896484375, 28.600000381469727, -11)
Sbp(19, 1.5707963705062866, 1.5707963705062866, 0, 69.5, 21.100000381469727, -23.899993896484375)
Sbp(19, -0, -0, -1.5707963705062866, 70.10000610351562, 21.100000381469727, 8.5)
Sbp(19, -1.5707963705062866, -0, -0, -10, 26.600000381469727, 12.899993896484375)
Sbp(19, 1.5707963705062866, -1.5707963705062866, 0, 84.5, 24.100000381469727, -33.899993896484375)
Sbp(19, -1.5707963705062866, -0, -0, -10, 26.600000381469727, 4.899993896484375)
Sbp(19, 1.5707963705062866, -1.5707963705062866, 0, 84.5, 21.100000381469727, -31.899993896484375)
Sbp(19, -0, 0, -3.1415927410125732, -12, 53, -8.5)
Sbp(19, -1.5707963705062866, 1.5707963705062866, 0, 15.5, 54.10000228881836, 14.899993896484375)
Sbp(19, 0, 1.5707963705062866, 0, -2.5, 8.199999809265137, 24)
Sbp(19, -1.5707963705062866, -1.5707963705062866, 0, 15.5, 54.10000228881836, 38.899993896484375)
Sbp(19, -1.5707963705062866, 0, -1.5707963705062866, -13.899993896484375, 28.600000381469727, -8)
Sbp(19, -1.5707963705062866, 0, -1.5707963705062866, -6.899993896484375, 6.599999904632568, 43)
Sbp(19, -1.5707963705062866, 0, -1.5707963705062866, 1.100006103515625, 6.599999904632568, 43)
Sbp(19, 1.5707963705062866, -1.5707963705062866, 0, 84.5, 24.100000381469727, -1.899993896484375)
Sbp(19, -1.5707963705062866, 0, -3.1415927410125732, -1, 10.600000381469727, 21.100006103515625)
Sbp(19, -1.5707963705062866, -1.5707963705062866, 0, 84.5, 21.100000381469727, -64.10000610351562)
Sbp(19, 1.5707963705062866, -1.5707963705062866, 0, 69.5, 24.100000381469727, -17.899993896484375)
Sbp(19, 3.1415927410125732, 1.5707963705062866, 0, -9.5, 24, -6)
Sbp(19, 1.5707963705062866, -1.5707963705062866, 0, 84.5, 24.100000381469727, -17.899993896484375)
Sbp(19, 1.5707963705062866, -1.5707963705062866, 0, 84.5, 24.100000381469727, -25.899993896484375)
Sbp(19, 1.5707963705062866, -1.5707963705062866, 0, 84.5, 24.100000381469727, -9.899993896484375)
Sbp(19, 3.1415927410125732, 1.5707963705062866, 0, -9.5, 16, -6)
Sbp(19, 1.5707963705062866, 0, -0, 9, 13.600000381469727, 28.100006103515625)
Sbp(19, -0, -1.5707963705062866, 0, 15.5, 16.200000762939453, 21)
Sbp(19, 1.5707963705062866, -1.5707963705062866, 0, 69.5, 24.100000381469727, -1.899993896484375)
Sbp(19, 1.5707963705062866, -1.5707963705062866, 0, 84.5, 21.100000381469727, -39.899993896484375)
Sbp(19, 3.1415927410125732, -0, 1.5707963705062866, 13.899993896484375, 27.100000381469727, 41.5)
Sbp(19, 1.5707963705062866, -1.5707963705062866, 0, 83.5, 18.100000381469727, -33.899993896484375)
Sbp(19, 1.5707963705062866, -1.5707963705062866, 0, 83.5, 18.100000381469727, -1.899993896484375)
Sbp(19, 1.5707963705062866, -1.5707963705062866, 0, 83.5, 18.100000381469727, -41.899993896484375)
Sbp(19, 1.5707963705062866, -1.5707963705062866, 0, 83.5, 18.100000381469727, -9.899993896484375)
Sbp(19, 1.5707963705062866, -1.5707963705062866, 0, 83.5, 18.100000381469727, -65.89999389648438)
Sbp(19, 1.5707963705062866, -1.5707963705062866, 0, 83.5, 18.100000381469727, -57.899993896484375)
Sbp(19, 1.5707963705062866, -1.5707963705062866, 0, 84.5, 21.100000381469727, -47.899993896484375)
Sbp(19, 1.5707963705062866, -1.5707963705062866, 0, 83.5, 18.100000381469727, -17.899993896484375)
Sbp(19, 1.5707963705062866, -1.5707963705062866, 0, 70.5, 18.100000381469727, -1.899993896484375)
Sbp(19, 1.5707963705062866, -1.5707963705062866, 0, 83.5, 18.100000381469727, -49.899993896484375)
Sbp(19, -1.5707963705062866, -1.5707963705062866, 0, 70.5, 18.100000381469727, -2.100006103515625)
Sbp(19, -1.5707963705062866, -1.5707963705062866, 0, 70.5, 18.100000381469727, -10.100006103515625)
Sbp(19, -1.5707963705062866, -1.5707963705062866, 0, 70.5, 18.100000381469727, -18.100006103515625)
Sbp(19, -1.5707963705062866, -1.5707963705062866, 0, 70.5, 18.100000381469727, -34.100006103515625)
Sbp(19, -1.5707963705062866, -1.5707963705062866, 0, 70.5, 18.100000381469727, -50.100006103515625)
Sbp(19, -1.5707963705062866, -1.5707963705062866, 0, 70.5, 18.100000381469727, -26.100006103515625)
Sbp(19, -1.5707963705062866, -1.5707963705062866, 0, 70.5, 18.100000381469727, -42.100006103515625)
Sbp(19, -1.5707963705062866, -1.5707963705062866, 0, 70.5, 18.100000381469727, -58.100006103515625)
Sbp(19, 1.5707963705062866, 1.5707963705062866, 0, 99.5, 1.100000023841858, -28.899993896484375)
Sbp(19, -1.5707963705062866, -0, -0, 98, 0.6000000238418579, -21.100006103515625)
Sbp(19, 0, 0, 1.5707963705062866, 92.89999389648438, 1.100000023841858, -28.5)
Sbp(19, 0, 0, 1.5707963705062866, 68.89999389648438, 1.100000023841858, -28.5)
Sbp(19, -1.5707963705062866, 1.5707963705062866, 0, 88.5, 18.100000381469727, -27.100006103515625)
Sbp(19, 1.5707963705062866, 1.5707963705062866, 0, 89.5, 3.1000001430511475, -19.899993896484375)
Sbp(19, 3.1415927410125732, 1.5707963705062866, 0, 88.5, 13, -51)
Sbp(19, -3.1415927410125732, 0, -3.1415927410125732, 88, 13.199999809265137, -62.5)
Sbp(19, -1.5707963705062866, 1.5707963705062866, 0, 88.5, 18.100000381469727, -35.100006103515625)
Sbp(19, 1.5707963705062866, 1.5707963705062866, 0, 89.5, 3.1000001430511475, -11.899993896484375)
Sbp(19, 3.1415927410125732, 1.5707963705062866, 0, 89.5, 13, -61)
Sbp(19, -3.1415927410125732, -1.5707963705062866, 0, 89.5, 13, -27)
Sbp(19, 3.1415927410125732, 1.5707963705062866, 0, 89.5, 13, -51)
Sbp(19, -1.5707963705062866, -0, -0, 89, 17.600000381469727, -11.100006103515625)
Sbp(19, -3.1415927410125732, 0, -0, 88, 13, -62.5)
Sbp(19, -1.5707963705062866, -0, -0, 89, 18.600000381469727, -11.100006103515625)
Sbp(19, 1.5707963705062866, 1.5707963705062866, 0, 89.5, 18.100000381469727, -58.899993896484375)
Sbp(19, -0, -0, -1.5707963705062866, 58.100006103515625, 3.1000001430511475, -3.5)
Sbp(19, -3.1415927410125732, -1.5707963705062866, 0, 88.5, 13, -5)
Sbp(19, -3.1415927410125732, -1.5707963705062866, 0, 89.5, 13, -5)
Sbp(19, -1.5707963705062866, -0, -0, 89, 17.600000381469727, -3.100006103515625)
Sbp(19, -1.5707963705062866, -0, -0, 89, 18.600000381469727, -3.100006103515625)
Sbp(19, -1.5707963705062866, 1.5707963705062866, 0, 89.5, 18.100000381469727, -27.100006103515625)
Sbp(19, 0, 0, 1.5707963705062866, 80.89999389648438, 3.1000001430511475, -63.5)
Sbp(19, -1.5707963705062866, 1.5707963705062866, 0, 89.5, 18.100000381469727, -43.100006103515625)
Sbp(19, 0, 0, 1.5707963705062866, 88.89999389648438, 3.1000001430511475, -63.5)
Sbp(19, -1.5707963705062866, -0, -0, 89, 18.600000381469727, -19.100006103515625)
Sbp(19, 1.5707963705062866, 1.5707963705062866, 0, 88.5, 18.100000381469727, -58.899993896484375)
Sbp(19, -1.5707963705062866, 1.5707963705062866, 0, 89.5, 3.1000001430511475, -20.100006103515625)
Sbp(19, -1.5707963705062866, 1.5707963705062866, 0, 88.5, 18.100000381469727, -43.100006103515625)
Sbp(19, -1.5707963705062866, 1.5707963705062866, 0, 89.5, 18.100000381469727, -35.100006103515625)
Sbp(19, 0, 0, 1.5707963705062866, 72.89999389648438, 3.1000001430511475, -63.5)
Sbp(19, -1.5707963705062866, 0, -1.5707963705062866, 53.100006103515625, 0.6000000238418579, 2)
Sbp(19, 1.5707963705062866, -1.5707963705062866, 0, 44.5, 1.100000023841858, -4.899993896484375)
Sbp(19, -1.5707963705062866, 1.5707963705062866, 0, 44.5, 1.100000023841858, -21.100006103515625)
Sbp(19, 1.5707963705062866, -1.5707963705062866, 0, 44.5, 1.100000023841858, -12.899993896484375)
Sbp(19, 1.5707963705062866, -1.5707963705062866, 0, 44.5, 1.100000023841858, -20.899993896484375)
Sbp(19, -1.5707963705062866, 0, -1.5707963705062866, 45.100006103515625, 0.6000000238418579, 2)
Sbp(19, 1.5707963705062866, 1.5707963705062866, 0, 52.5, 3.1000001430511475, -19.899993896484375)
Sbp(19, -1.5707963705062866, -1.5707963705062866, 0, 52.5, 6.099999904632568, -12.100006103515625)
Sbp(19, 3.1415927410125732, 1.5707963705062866, 0, 52.5, 15, -5)
Sbp(19, -0, 0, -3.1415927410125732, 79, 13, -4.5)
Sbp(19, 1.5707963705062866, 1.5707963705062866, 0, 54.5, 3.1000001430511475, -61.899993896484375)
Sbp(19, -3.1415927410125732, 0, -1.5707963705062866, 43.100006103515625, 3.1000001430511475, -49.5)
Sbp(19, -3.1415927410125732, 0, -1.5707963705062866, 77.10000610351562, 14.100000381469727, -63.5)
Sbp(19, -1.5707963705062866, 0, -1.5707963705062866, 44.100006103515625, 16.600000381469727, -5)
Sbp(19, -3.1415927410125732, -1.5707963705062866, 0, 52.5, 15, -15)
Sbp(19, -3.1415927410125732, 0, -3.1415927410125732, 61, 5.200000286102295, -4.5)
Sbp(19, -3.1415927410125732, 0, -3.1415927410125732, 70, 5.200000286102295, -4.5)
Sbp(19, -1.5707963705062866, -1.5707963705062866, 0, 52.5, 6.099999904632568, -20.100006103515625)
Sbp(19, -3.1415927410125732, -1.5707963705062866, 0, 51.5, 14, -25)
Sbp(19, 3.1415927410125732, 1.5707963705062866, 0, 51.5, 14, -5)
Sbp(19, -3.1415927410125732, -1.5707963705062866, 0, 52.5, 15, -25)
Sbp(19, -3.1415927410125732, -1.5707963705062866, 0, 43.5, 13, -52)
Sbp(19, -3.1415927410125732, -1.5707963705062866, 0, 43.5, 21, -52)
Sbp(19, -3.1415927410125732, -1.5707963705062866, 0, 42.5, 13, -52)
Sbp(19, -3.1415927410125732, -1.5707963705062866, 0, 42.5, 21, -52)
Sbp(19, -0, -1.5707963705062866, 0, 43.5, 21.200000762939453, -52)
Sbp(19, 0, 1.5707963705062866, 0, 43.5, 5.200000286102295, -26)
Sbp(19, -3.1415927410125732, -1.5707963705062866, 0, 51.5, 14, -63)
Sbp(19, 1.5707963705062866, -1.5707963705062866, 0, 52.5, 6.099999904632568, -63.899993896484375)
Sbp(19, -3.1415927410125732, -1.5707963705062866, 0, 52.5, 15, -63)
Sbp(19, -3.1415927410125732, 0, -1.5707963705062866, 72.10000610351562, 16.100000381469727, -4.5)
Sbp(19, -3.1415927410125732, 0, -1.5707963705062866, 79.10000610351562, 6.099999904632568, -62.5)
Sbp(19, -3.1415927410125732, 0, -1.5707963705062866, 63.100006103515625, 6.099999904632568, -62.5)
Sbp(19, 1.5707963705062866, 1.5707963705062866, 0, 52.5, 3.1000001430511475, -11.899993896484375)
Sbp(19, -1.5707963705062866, -1.5707963705062866, 0, 54.5, 3.1000001430511475, -5.100006103515625)
Sbp(19, -3.1415927410125732, 0, -1.5707963705062866, 53.100006103515625, 14.100000381469727, -63.5)
Sbp(19, -3.1415927410125732, 0, -1.5707963705062866, 61.100006103515625, 14.100000381469727, -63.5)
Sbp(19, 0, 1.5707963705062866, 0, 42.5, 5.200000286102295, -26)
Sbp(19, -3.1415927410125732, 0, -1.5707963705062866, 69.10000610351562, 14.100000381469727, -63.5)
Sbp(19, -3.1415927410125732, -1.5707963705062866, 0, 51.5, 14, -15)
Sbp(19, -1.5707963705062866, 1.5707963705062866, 0, 88.5, 15.100000381469727, -28.100006103515625)
Sbp(19, -1.5707963705062866, 1.5707963705062866, 0, 90.5, 24.100000381469727, -14.100006103515625)
Sbp(19, -1.5707963705062866, 0, -1.5707963705062866, 44.100006103515625, 16.600000381469727, -25)
Sbp(19, 1.5707963705062866, 0, 1.5707963705062866, 51.899993896484375, 16.600000381469727, -53)
Sbp(19, 1.5707963705062866, 0, 1.5707963705062866, 51.899993896484375, 16.600000381469727, -63)
Sbp(19, -3.1415927410125732, -1.5707963705062866, 0, 89.5, 35, -7)
Sbp(19, -3.1415927410125732, -1.5707963705062866, 0, 89.5, 35, -61)
Sbp(19, 0, 0, 1.5707963705062866, 88.89999389648438, 16.100000381469727, -61.5)
Sbp(19, -3.1415927410125732, 0, -3.1415927410125732, 76, 7.200000286102295, -62.5)
Sbp(19, -3.1415927410125732, 0, -1.5707963705062866, 55.100006103515625, 6.099999904632568, -62.5)
Sbp(19, -3.1415927410125732, 0, -1.5707963705062866, 71.10000610351562, 6.099999904632568, -62.5)
Sbp(19, -0, 0, -3.1415927410125732, 68, 27, -3.5)
Sbp(19, -1.5707963705062866, 1.5707963705062866, 0, 88.5, 15.100000381469727, -36.100006103515625)
Sbp(19, -3.1415927410125732, 0, -1.5707963705062866, 80.10000610351562, 16.100000381469727, -4.5)
Sbp(19, 0, 1.5707963705062866, 0, 43.5, 13.199999809265137, -26)
Sbp(19, -3.1415927410125732, 0, -3.1415927410125732, 64, 7.200000286102295, -62.5)
Sbp(19, -3.1415927410125732, 0, -3.1415927410125732, 70, 7.200000286102295, -62.5)
Sbp(19, -3.1415927410125732, 0, -3.1415927410125732, 82, 7.200000286102295, -62.5)
Sbp(19, -3.1415927410125732, 0, -3.1415927410125732, 58, 7.200000286102295, -62.5)
Sbp(19, 1.5707963705062866, -1.5707963705062866, 0, 90.5, 43.10000228881836, -51.899993896484375)
Sbp(19, 1.5707963705062866, 0, -0, 77, 50.60000228881836, 13.100006103515625)
Sbp(19, -3.1415927410125732, 0, -1.5707963705062866, 61.100006103515625, 18.100000381469727, -3.5)
Sbp(19, -0, 0, -0, 53, 5.200000286102295, -51.5)
Sbp(19, -0, -1.5707963705062866, 0, 52.5, 7.200000286102295, -27)
Sbp(19, -0, 0, -0, 53, 5.200000286102295, -50.5)
Sbp(19, -1.5707963705062866, -1.5707963705062866, 0, 43.5, 17.100000381469727, -35.100006103515625)
Sbp(19, -1.5707963705062866, -1.5707963705062866, 0, 43.5, 17.100000381469727, -27.100006103515625)
Sbp(19, -1.5707963705062866, -1.5707963705062866, 0, 43.5, 17.100000381469727, -43.100006103515625)
Sbp(19, 1.5707963705062866, 0, -1.5707963705062866, 44.100006103515625, 15.600000381469727, -37)
Sbp(19, -0, 0, -3.1415927410125732, 62, 27, -2.5)
Sbp(19, -3.1415927410125732, -1.5707963705062866, 0, 90.5, 52, -3)
Sbp(19, -0, 0, -3.1415927410125732, 62, 35, -2.5)
Sbp(19, -1.5707963705062866, 1.5707963705062866, 0, 53.5, 55.10000228881836, -43.100006103515625)
Sbp(19, -3.1415927410125732, -1.5707963705062866, 0, 51.5, 48, -61)
Sbp(19, -1.5707963705062866, 1.5707963705062866, 0, 53.5, 55.10000228881836, -35.100006103515625)
Sbp(19, -1.5707963705062866, 1.5707963705062866, 0, 51.5, 57.10000228881836, -36.100006103515625)
Sbp(19, -1.5707963705062866, -1.5707963705062866, 0, 53.5, 55.10000228881836, -27.100006103515625)
Sbp(19, -0, -1.5707963705062866, 0, 53.5, 48.20000076293945, -60)
Sbp(19, -1.5707963705062866, 1.5707963705062866, 0, 51.5, 57.10000228881836, -44.100006103515625)
Sbp(19, -0, -1.5707963705062866, 0, 52.5, 48.20000076293945, -61)
Sbp(19, -1.5707963705062866, 1.5707963705062866, 0, 52.5, 57.10000228881836, -44.100006103515625)
Sbp(19, 0, 1.5707963705062866, 0, 52.5, 42.20000076293945, -43)
Sbp(19, -1.5707963705062866, -1.5707963705062866, 0, 52.5, 18.100000381469727, -43.100006103515625)
Sbp(19, 3.1415927410125732, -0, 1.5707963705062866, 69.89999389648438, 18.100000381469727, -2.5)
Sbp(19, 1.5707963705062866, 1.5707963705062866, 0, 89.5, 45.10000228881836, -58.899993896484375)
Sbp(19, -1.5707963705062866, -1.5707963705062866, 0, 89.5, 55.10000228881836, -28.100006103515625)
Sbp(19, -3.1415927410125732, 0, -1.5707963705062866, 53.100006103515625, 57.10000228881836, -2.5)
Sbp(19, 1.5707963705062866, -1.5707963705062866, 0, 90.5, 57.10000228881836, -31.899993896484375)
Sbp(19, -0, -1.5707963705062866, 0, 51.5, 24.200000762939453, -58)
Sbp(19, -1.5707963705062866, 1.5707963705062866, 0, 53.5, 55.10000228881836, -19.100006103515625)
Sbp(19, -1.5707963705062866, 1.5707963705062866, 0, 53.5, 55.10000228881836, -11.100006103515625)
Sbp(19, -1.5707963705062866, 1.5707963705062866, 0, 53.5, 55.10000228881836, -3.100006103515625)
Sbp(19, -0, 0, -3.1415927410125732, 55, 56, -3.5)
Sbp(19, -1.5707963705062866, 1.5707963705062866, 0, 52.5, 57.10000228881836, -52.100006103515625)
Sbp(19, -0, -1.5707963705062866, 0, 52.5, 40.20000076293945, -61)
Sbp(19, -3.1415927410125732, 0, -1.5707963705062866, 82.10000610351562, 57.10000228881836, -61.5)
Sbp(19, -3.1415927410125732, 0, -1.5707963705062866, 66.10000610351562, 57.10000228881836, -61.5)
Sbp(19, -0, 0, -3.1415927410125732, 52, 50, -3.5)
Sbp(19, -0, 0, -3.1415927410125732, 52, 58, -3.5)
Sbp(19, -0, -1.5707963705062866, 0, 52.5, 34.20000076293945, -3)
Sbp(19, -0, -1.5707963705062866, 0, 51.5, 34.20000076293945, -3)
Sbp(19, -1.5707963705062866, -1.5707963705062866, 0, 52.5, 18.100000381469727, -4.100006103515625)
Sbp(19, -0, 0, -3.1415927410125732, 52, 50, -2.5)
Sbp(19, -3.1415927410125732, 0, -0, 62, 51, -2.5)
Sbp(19, -3.1415927410125732, -1.5707963705062866, 0, 90.5, 60, -3)
Sbp(19, 1.5707963705062866, -1.5707963705062866, 0, 90.5, 57.10000228881836, -59.899993896484375)
Sbp(19, -3.1415927410125732, 0, -1.5707963705062866, 53.100006103515625, 18.100000381469727, -3.5)
Sbp(19, 3.1415927410125732, 1.5707963705062866, 0, 90.5, 60, -23)
Sbp(19, -3.1415927410125732, 0, -0, 62, 59, -2.5)
Sbp(19, -1.5707963705062866, 1.5707963705062866, 0, 90.5, 57.10000228881836, -32.100006103515625)
Sbp(19, -0, -1.5707963705062866, 0, 51.5, 26.200000762939453, -3)
Sbp(19, -0, 0, -3.1415927410125732, 52, 58, -2.5)
Sbp(19, -0, -0, -1.5707963705062866, 43.100006103515625, 18.100000381469727, -3.5)
Sbp(19, -0, -1.5707963705062866, 0, 52.5, 26.200000762939453, -3)
Sbp(19, -0, -1.5707963705062866, 0, 51.5, 18.200000762939453, -3)
Sbp(19, -1.5707963705062866, 1.5707963705062866, 0, 53.5, 55.10000228881836, -51.100006103515625)
Sbp(19, -3.1415927410125732, 0, -1.5707963705062866, 74.10000610351562, 57.10000228881836, -61.5)
Sbp(19, -3.1415927410125732, 0, -1.5707963705062866, 58.100006103515625, 57.10000228881836, -61.5)
Sbp(19, -1.5707963705062866, -0, -0, 86, 17.600000381469727, -7.100006103515625)
Sbp(19, -0, 0, -3.1415927410125732, 62, 43, -2.5)
Sbp(19, 3.1415927410125732, -0, 1.5707963705062866, 81.89999389648438, 57.10000228881836, -2.5)
Sbp(19, -0, -1.5707963705062866, 0, 52.5, 18.200000762939453, -3)
Sbp(19, 3.1415927410125732, -0, 1.5707963705062866, 73.89999389648438, 57.10000228881836, -2.5)
Sbp(19, -1.5707963705062866, 1.5707963705062866, 0, 90.5, 57.10000228881836, -14.100006103515625)
Sbp(19, 1.5707963705062866, -1.5707963705062866, 0, 90.5, 57.10000228881836, -51.899993896484375)
Sbp(19, -1.5707963705062866, 1.5707963705062866, 0, 90.5, 57.10000228881836, -6.100006103515625)
Sbp(19, 3.1415927410125732, 1.5707963705062866, 0, 52.5, 40, -58)
Sbp(19, -1.5707963705062866, 1.5707963705062866, 0, 52.5, 33.10000228881836, -20.100006103515625)
Sbp(19, 1.5707963705062866, 1.5707963705062866, 0, 51.5, 57.10000228881836, -59.899993896484375)
Sbp(19, -1.5707963705062866, 1.5707963705062866, 0, 52.5, 33.10000228881836, -44.100006103515625)
Sbp(19, -3.1415927410125732, -1.5707963705062866, 0, 51.5, 56, -61)
Sbp(19, -1.5707963705062866, 1.5707963705062866, 0, 52.5, 57.10000228881836, -20.100006103515625)
Sbp(19, -0, -1.5707963705062866, 0, 85.5, 21.200000762939453, 1)
Sbp(19, 1.5707963705062866, 1.5707963705062866, 0, 89.5, 55.10000228881836, -11.899993896484375)
Sbp(19, -1.5707963705062866, -1.5707963705062866, 0, 89.5, 55.10000228881836, -12.100006103515625)
Sbp(19, -1.5707963705062866, 1.5707963705062866, 0, 52.5, 33.10000228881836, -36.100006103515625)
Sbp(19, -1.5707963705062866, 1.5707963705062866, 0, 52.5, 57.10000228881836, -28.100006103515625)
Sbp(19, -1.5707963705062866, 1.5707963705062866, 0, 51.5, 57.10000228881836, -12.100006103515625)
Sbp(19, -1.5707963705062866, -1.5707963705062866, 0, 89.5, 55.10000228881836, -20.100006103515625)
Sbp(19, -1.5707963705062866, -1.5707963705062866, 0, 89.5, 45.10000228881836, -35.100006103515625)
Sbp(19, -1.5707963705062866, -1.5707963705062866, 0, 51.5, 57.10000228881836, -28.100006103515625)
Sbp(19, 0, 0, 1.5707963705062866, 64.89999389648438, 49.10000228881836, -60.5)
Sbp(19, 1.5707963705062866, 1.5707963705062866, 0, 89.5, 55.10000228881836, -51.899993896484375)
Sbp(19, 0, 1.5707963705062866, 0, 52.5, 37.20000076293945, -63)
Sbp(19, 1.5707963705062866, 1.5707963705062866, 0, 89.5, 45.10000228881836, -50.899993896484375)
Sbp(19, 1.5707963705062866, -1.5707963705062866, 0, 52.5, 41.10000228881836, -19.899993896484375)
Sbp(19, 1.5707963705062866, -1.5707963705062866, 0, 51.5, 41.10000228881836, -11.899993896484375)
Sbp(19, 1.5707963705062866, -1.5707963705062866, 0, 51.5, 41.10000228881836, -59.899993896484375)
Sbp(19, -1.5707963705062866, 1.5707963705062866, 0, 51.5, 57.10000228881836, -20.100006103515625)
Sbp(19, 1.5707963705062866, 1.5707963705062866, 0, 89.5, 55.10000228881836, -43.899993896484375)
Sbp(19, -1.5707963705062866, 1.5707963705062866, 0, 52.5, 33.10000228881836, -28.100006103515625)
Sbp(19, 0, 0, 1.5707963705062866, 72.89999389648438, 49.10000228881836, -60.5)
Sbp(19, -1.5707963705062866, 1.5707963705062866, 0, 52.5, 57.10000228881836, -4.100006103515625)
Sbp(19, -3.1415927410125732, 0, -1.5707963705062866, 73.10000610351562, 49.10000228881836, -60.5)
Sbp(19, 0, 0, 1.5707963705062866, 85.89999389648438, 55.10000228881836, -60.5)
Sbp(19, 1.5707963705062866, -1.5707963705062866, 0, 52.5, 41.10000228881836, -59.899993896484375)
Sbp(19, -1.5707963705062866, 1.5707963705062866, 0, 52.5, 57.10000228881836, -12.100006103515625)
Sbp(19, 1.5707963705062866, -1.5707963705062866, 0, 51.5, 41.10000228881836, -51.899993896484375)
Sbp(19, 1.5707963705062866, -1.5707963705062866, 0, 52.5, 41.10000228881836, -35.899993896484375)
Sbp(19, 1.5707963705062866, -1.5707963705062866, 0, 51.5, 41.10000228881836, -43.899993896484375)
Sbp(19, -1.5707963705062866, -1.5707963705062866, 0, 89.5, 45.10000228881836, -11.100006103515625)
Sbp(19, 1.5707963705062866, -1.5707963705062866, 0, 51.5, 41.10000228881836, -35.899993896484375)
Sbp(19, 1.5707963705062866, -1.5707963705062866, 0, 52.5, 41.10000228881836, -27.899993896484375)
Sbp(19, -1.5707963705062866, 1.5707963705062866, 0, 51.5, 57.10000228881836, -4.100006103515625)
Sbp(19, -1.5707963705062866, -1.5707963705062866, 0, 89.5, 45.10000228881836, -19.100006103515625)
Sbp(19, 1.5707963705062866, -1.5707963705062866, 0, 52.5, 41.10000228881836, -11.899993896484375)
Sbp(19, -1.5707963705062866, -1.5707963705062866, 0, 89.5, 45.10000228881836, -27.100006103515625)
Sbp(19, 1.5707963705062866, -1.5707963705062866, 0, 51.5, 41.10000228881836, -19.899993896484375)
Sbp(19, 1.5707963705062866, -1.5707963705062866, 0, 51.5, 41.10000228881836, -27.899993896484375)
Sbp(19, 1.5707963705062866, -1.5707963705062866, 0, 52.5, 33.10000228881836, -19.899993896484375)
Sbp(19, 1.5707963705062866, -1.5707963705062866, 0, 52.5, 41.10000228881836, -51.899993896484375)
Sbp(19, 1.5707963705062866, -1.5707963705062866, 0, 52.5, 41.10000228881836, -43.899993896484375)
Sbp(19, 0, 1.5707963705062866, 0, 52.5, 24.200000762939453, -58)
Sbp(19, -0, 0, -3.1415927410125732, 52, 35, -59.5)
Sbp(19, -3.1415927410125732, 0, -3.1415927410125732, 52, 19.200000762939453, -59.5)
Sbp(19, 3.1415927410125732, 1.5707963705062866, 0, 90.5, 60, -43)
Sbp(19, 1.5707963705062866, 0, -0, 72, 70.5999984741211, -1.899993896484375)
Sbp(19, -1.5707963705062866, 0, -1.5707963705062866, -43.899993896484375, 0.6000000238418579, -54)
Sbp(19, -1.5707963705062866, 0, -1.5707963705062866, -35.899993896484375, 0.6000000238418579, -54)
Sbp(19, 1.5707963705062866, 0, -0, 72, 70.5999984741211, -49.899993896484375)
Sbp(19, 1.5707963705062866, 0, -0, 72, 70.5999984741211, -17.899993896484375)
Sbp(19, 1.5707963705062866, 0, -0, 72, 70.5999984741211, -33.899993896484375)
Sbp(19, -1.5707963705062866, 0, -3.1415927410125732, 72, 69.5999984741211, 2.100006103515625)
Sbp(19, 1.5707963705062866, 0, -0, 72, 70.5999984741211, -9.899993896484375)
Sbp(19, 1.5707963705062866, 0, -0, 72, 70.5999984741211, -65.89999389648438)
Sbp(19, 1.5707963705062866, 0, -0, 72, 70.5999984741211, -73.89999389648438)
Sbp(19, 1.5707963705062866, 0, -0, 72, 70.5999984741211, -25.899993896484375)
Sbp(19, 1.5707963705062866, 0, -0, 72, 70.5999984741211, -41.899993896484375)
Sbp(19, 1.5707963705062866, 0, -0, 72, 69.5999984741211, -73.89999389648438)
Sbp(19, 1.5707963705062866, 0, 1.5707963705062866, 3.899993896484375, 7.599999904632568, -6)
Sbp(19, 1.5707963705062866, 0, 1.5707963705062866, -4.100006103515625, 7.599999904632568, -6)
Sbp(19, -3.1415927410125732, -1.5707963705062866, 0, -7.5, 33, 36)
Sbp(19, -3.1415927410125732, -1.5707963705062866, 0, -7.5, 37, -9)
Sbp(19, 1.5707963705062866, 0, 1.5707963705062866, 11.899993896484375, 7.599999904632568, -6)
Sbp(19, -3.1415927410125732, -1.5707963705062866, 0, 12.5, 71, 3)
Sbp(19, 1.5707963705062866, -1.5707963705062866, 0, 11.5, 66.0999984741211, -2.899993896484375)
Sbp(19, -1.5707963705062866, 0, -1.5707963705062866, -0.899993896484375, 32.60000228881836, 42)
Sbp(19, -3.1415927410125732, -1.5707963705062866, 0, 12.5, 63, 3)
Sbp(19, -0, -1.5707963705062866, 0, -12.5, 63.20000076293945, 3)
Sbp(19, -3.1415927410125732, 0, -1.5707963705062866, 53.100006103515625, 33.10000228881836, -2.5)
Sbp(19, -0, 0, -0, 68, 48.20000076293945, -2.5)
Sbp(19, 3.1415927410125732, 1.5707963705062866, 0, 90.5, 60, -61)
Sbp(19, -1.5707963705062866, 1.5707963705062866, 0, 51.5, 33.10000228881836, -74.10000610351562)
Sbp(19, -3.1415927410125732, -1.5707963705062866, 0, 53.5, 54, -4)
Sbp(19, -1.5707963705062866, 1.5707963705062866, 0, 90.5, 33.10000228881836, -74.10000610351562)
Sbp(19, -1.5707963705062866, 0, -3.1415927410125732, 89, 32.60000228881836, -73.89999389648438)
Sbp(19, 3.1415927410125732, -0, 1.5707963705062866, 90.89999389648438, 33.10000228881836, -82.5)
Sbp(19, 1.5707963705062866, 0, -1.5707963705062866, 75.10000610351562, 37.70000076293945, 30)
Sbp(19, 1.5707963705062866, 0, -1.5707963705062866, 79.10000610351562, 42.70000076293945, 30)
Sbp(19, 0, 1.5707963705062866, 0, 89.5, 37.20000076293945, -63)
Sbp(19, 1.5707963705062866, -1.5707963705062866, 0, 52.5, 33.10000228881836, -11.899993896484375)
Sbp(19, 1.5707963705062866, 0, -1.5707963705062866, 67.10000610351562, 42.70000076293945, 30)
Sbp(19, 1.5707963705062866, 0, -1.5707963705062866, 67.10000610351562, 37.70000076293945, 30)
Sbp(19, -3.1415927410125732, -1.5707963705062866, 0, 89.5, 35, -14)
Sbp(19, -3.1415927410125732, -1.5707963705062866, 0, 88.5, 13, -27)
Sbp(19, 1.5707963705062866, 0, -0, 98, 1.600000023841858, -28.899993896484375)
Sbp(19, -1.5707963705062866, 1.5707963705062866, 0, 51.5, 33.10000228881836, -66.10000610351562)
Sbp(19, 1.5707963705062866, -0, -3.1415927410125732, 53, 32.60000228881836, -66.10000610351562)
Sbp(19, -1.5707963705062866, 0, -3.1415927410125732, 53, 32.60000228881836, -81.89999389648438)
Sbp(19, 3.1415927410125732, -0, 1.5707963705062866, 58.899993896484375, 33.10000228881836, -82.5)
Sbp(19, 3.1415927410125732, -0, 1.5707963705062866, 74.89999389648438, 33.10000228881836, -82.5)
Sbp(19, 3.1415927410125732, -0, 1.5707963705062866, 82.89999389648438, 33.10000228881836, -82.5)
Sbp(19, -1.5707963705062866, 0, -3.1415927410125732, 89, 32.60000228881836, -81.89999389648438)
Sbp(19, -1.5707963705062866, 0, 1.5707963705062866, -52.100006103515625, 0.6000000238418579, 19)
Sbp(19, 0, 0, 1.5707963705062866, -51.100006103515625, 1.100000023841858, -49.5)
Sbp(19, 3.1415927410125732, -0, 1.5707963705062866, 39.899993896484375, 1.100000023841858, -59.5)
Sbp(19, -1.5707963705062866, 0, -1.5707963705062866, 32.100006103515625, 0.6000000238418579, -58)
Sbp(19, -1.5707963705062866, 0, -1.5707963705062866, 32.100006103515625, 1.600000023841858, -58)
Sbp(19, 3.1415927410125732, -0, 1.5707963705062866, -52.100006103515625, 1.100000023841858, -26.5)
Sbp(19, -1.5707963705062866, 0, 1.5707963705062866, -1.100006103515625, 1.600000023841858, -51)
Sbp(19, 3.1415927410125732, -0, 1.5707963705062866, 10.899993896484375, 1.100000023841858, -49.5)
Sbp(19, 1.5707963705062866, 0, 1.5707963705062866, 16.899993896484375, 0.6000000238418579, -51)
Sbp(19, 1.5707963705062866, 0, -1.5707963705062866, -58.899993896484375, 1.600000023841858, -51)
Sbp(19, -1.5707963705062866, 0, 1.5707963705062866, -9.100006103515625, 1.600000023841858, -51)
Sbp(19, 1.5707963705062866, 0, -1.5707963705062866, -58.899993896484375, 0.6000000238418579, -51)
Sbp(19, -1.5707963705062866, 1.5707963705062866, 0, -27.5, 1.100000023841858, -52.100006103515625)
Sbp(19, 3.1415927410125732, -0, 1.5707963705062866, -13.100006103515625, 1.100000023841858, -49.5)
Sbp(19, -1.5707963705062866, 0, 1.5707963705062866, 30.899993896484375, 1.600000023841858, -51)
Sbp(19, 3.1415927410125732, -0, 1.5707963705062866, 2.899993896484375, 1.100000023841858, -49.5)
Sbp(19, -1.5707963705062866, 0, 1.5707963705062866, 22.899993896484375, 1.600000023841858, -51)
Sbp(19, 1.5707963705062866, 0, 1.5707963705062866, -7.100006103515625, 0.6000000238418579, -51)
Sbp(19, 3.1415927410125732, -0, 1.5707963705062866, -5.100006103515625, 1.100000023841858, -49.5)
Sbp(19, 1.5707963705062866, 0, 1.5707963705062866, 8.899993896484375, 0.6000000238418579, -51)
Sbp(19, -1.5707963705062866, 0, 1.5707963705062866, 14.899993896484375, 1.600000023841858, -51)
Sbp(19, 0, 0, 1.5707963705062866, 18.899993896484375, 1.100000023841858, -49.5)
Sbp(19, 1.5707963705062866, 0, 1.5707963705062866, -16.100006103515625, 0.6000000238418579, -51)
Sbp(19, -0, -0, -1.5707963705062866, -59.899993896484375, 1.100000023841858, -27.5)
Sbp(19, 1.5707963705062866, 0, 1.5707963705062866, 24.899993896484375, 0.6000000238418579, -51)
Sbp(19, -1.5707963705062866, 1.5707963705062866, 0, -26.5, 1.100000023841858, -52.100006103515625)
Sbp(19, 3.1415927410125732, -0, 1.5707963705062866, -52.100006103515625, 1.100000023841858, -24.5)
Sbp(19, 1.5707963705062866, 0, 1.5707963705062866, 0.899993896484375, 0.6000000238418579, -51)
Sbp(19, -1.5707963705062866, 0, 1.5707963705062866, 6.899993896484375, 1.600000023841858, -51)
Sbp(19, 3.1415927410125732, -0, 1.5707963705062866, 26.899993896484375, 1.100000023841858, -49.5)
Sbp(19, 1.5707963705062866, 0, -1.5707963705062866, 20.100006103515625, 0.6000000238418579, -21)
Sbp(19, -3.1415927410125732, 0, -1.5707963705062866, -19.899993896484375, 1.100000023841858, -28.5)
Sbp(19, -0, -0, -1.5707963705062866, -27.899993896484375, 1.100000023841858, 3.5)
Sbp(19, -3.1415927410125732, 0, -1.5707963705062866, 4.100006103515625, 1.100000023841858, -28.5)
Sbp(19, -3.1415927410125732, 0, -1.5707963705062866, -3.899993896484375, 1.100000023841858, -28.5)
Sbp(19, -3.1415927410125732, 0, -1.5707963705062866, 28.100006103515625, 1.100000023841858, -28.5)
Sbp(19, 1.5707963705062866, 0, -1.5707963705062866, 28.100006103515625, 0.6000000238418579, -21)
Sbp(19, -3.1415927410125732, 0, -1.5707963705062866, 36.100006103515625, 1.100000023841858, -20.5)
Sbp(19, -3.1415927410125732, 0, -1.5707963705062866, -11.899993896484375, 1.100000023841858, -28.5)
Sbp(19, -3.1415927410125732, 0, -1.5707963705062866, 20.100006103515625, 1.100000023841858, -28.5)
Sbp(19, 1.5707963705062866, -0, -3.1415927410125732, 38, 1.600000023841858, 20.899993896484375)
Sbp(19, -1.5707963705062866, 0, -1.5707963705062866, 36.100006103515625, 1.600000023841858, 1)
Sbp(19, 1.5707963705062866, 0, 1.5707963705062866, 27.899993896484375, 1.600000023841858, 19)
Sbp(19, -1.5707963705062866, 0, -3.1415927410125732, 38, 0.6000000238418579, 13.100006103515625)
Sbp(19, -1.5707963705062866, -1.5707963705062866, 0, 60.5, 1.100000023841858, 51.899993896484375)
Sbp(19, 3.1415927410125732, -0, 1.5707963705062866, 35.899993896484375, 1.100000023841858, 20.5)
Sbp(19, -1.5707963705062866, -1.5707963705062866, 0, 60.5, 1.100000023841858, 11.899993896484375)
Sbp(19, -1.5707963705062866, -1.5707963705062866, 0, 60.5, 1.100000023841858, 19.899993896484375)
Sbp(19, -1.5707963705062866, -1.5707963705062866, 0, 60.5, 1.100000023841858, 35.899993896484375)
Sbp(19, 3.1415927410125732, 1.5707963705062866, 0, 40.5, 9, 53)
Sbp(19, -0, -0, -1.5707963705062866, 34.100006103515625, 10.300000190734863, 55.5)
Sbp(19, 3.1415927410125732, 1.5707963705062866, 0, 27.5, 9, 53)
Sbp(19, -3.1415927410125732, 0, -1.5707963705062866, 81.10000610351562, 49.10000228881836, -60.5)
Sbp(19, 0, 0, 1.5707963705062866, 77.89999389648438, 55.10000228881836, -60.5)
Sbp(19, -0, -0, -1.5707963705062866, 54.100006103515625, 43.10000228881836, -60.5)
Sbp(19, 1.5707963705062866, 1.5707963705062866, 0, 89.5, 55.10000228881836, -59.899993896484375)
Sbp(19, -3.1415927410125732, 0, -1.5707963705062866, 62.100006103515625, 55.10000228881836, -60.5)
Sbp(19, -0, -0, -1.5707963705062866, 62.100006103515625, 43.10000228881836, -60.5)
Sbp(19, 0, 1.5707963705062866, 0, 52.5, 24.200000762939453, -52)
Sbp(19, -1.5707963705062866, -1.5707963705062866, 0, 53.5, 41.10000228881836, -44.100006103515625)
Sbp(19, 3.1415927410125732, -0, 1.5707963705062866, 85.89999389648438, 43.10000228881836, -60.5)
Sbp(19, 0, 1.5707963705062866, 0, 54.5, 32.20000076293945, -17)
Sbp(19, 0, 1.5707963705062866, 0, 52.5, 24.200000762939453, -26)
Sbp(19, 3.1415927410125732, -0, 1.5707963705062866, 77.89999389648438, 43.10000228881836, -60.5)
Sbp(19, -1.5707963705062866, -1.5707963705062866, 0, 53.5, 41.10000228881836, -4.100006103515625)
Sbp(19, -1.5707963705062866, -1.5707963705062866, 0, 53.5, 41.10000228881836, -36.100006103515625)
Sbp(19, -1.5707963705062866, -1.5707963705062866, 0, 53.5, 41.10000228881836, -20.100006103515625)
Sbp(19, 1.5707963705062866, -0, -3.1415927410125732, 63, 40.60000228881836, -16.100006103515625)
Sbp(19, -1.5707963705062866, -1.5707963705062866, 0, 53.5, 41.10000228881836, -28.100006103515625)
Sbp(19, 1.5707963705062866, 0, -1.5707963705062866, 54.100006103515625, 40.5, -37)
Sbp(19, 1.5707963705062866, 0, 1.5707963705062866, 61.899993896484375, 40.5, -47)
Sbp(19, -1.5707963705062866, 0, -1.5707963705062866, 54.100006103515625, 40.60000228881836, -7)
Sbp(19, -3.1415927410125732, 0, -1.5707963705062866, 53.100006103515625, 41.10000228881836, -60.5)
Sbp(19, -3.1415927410125732, 0, -1.5707963705062866, 77.10000610351562, 41.10000228881836, -60.5)
Sbp(19, 3.1415927410125732, 1.5707963705062866, 0, 54.5, 40, -7)
Sbp(19, -3.1415927410125732, 0, -1.5707963705062866, 61.100006103515625, 41.10000228881836, -60.5)
Sbp(19, -1.5707963705062866, -1.5707963705062866, 0, 53.5, 41.10000228881836, -52.100006103515625)
Sbp(19, -1.5707963705062866, -1.5707963705062866, 0, 53.5, 41.10000228881836, -12.100006103515625)
Sbp(19, -0, -1.5707963705062866, 0, 54.5, 32.20000076293945, -47)
Sbp(19, 1.5707963705062866, -0, -3.1415927410125732, 54, 31.600000381469727, -12.100006103515625)
Sbp(19, 3.1415927410125732, 1.5707963705062866, 0, 54.5, 40, -37)
Sbp(19, 1.5707963705062866, -0, -3.1415927410125732, 64, 42.60000228881836, -16.100006103515625)
Sbp(19, 1.5707963705062866, -0, -3.1415927410125732, 64, 42.60000228881836, -40.100006103515625)
Sbp(19, 1.5707963705062866, -0, -3.1415927410125732, 64, 42.60000228881836, -32.100006103515625)
Sbp(19, 1.5707963705062866, -0, -3.1415927410125732, 64, 42.60000228881836, -24.100006103515625)
Sbp(19, 1.5707963705062866, -0, -3.1415927410125732, 64, 42.60000228881836, -48.100006103515625)
Sbp(19, 1.5707963705062866, -0, -3.1415927410125732, 64, 42.60000228881836, -8.100006103515625)
Sbp(19, 1.5707963705062866, -0, -3.1415927410125732, 63, 40.60000228881836, -32.100006103515625)
Sbp(19, 1.5707963705062866, -0, -3.1415927410125732, 63, 40.60000228881836, -24.100006103515625)
Sbp(19, 1.5707963705062866, -0, -3.1415927410125732, 63, 40.60000228881836, -40.100006103515625)
Sbp(19, 1.5707963705062866, -0, -3.1415927410125732, 63, 40.60000228881836, -48.100006103515625)
Sbp(19, 1.5707963705062866, -0, -3.1415927410125732, 54, 31.600000381469727, -4.100006103515625)
Sbp(19, -1.5707963705062866, 0, -1.5707963705062866, 54.100006103515625, 40.5, -17)
Sbp(19, 1.5707963705062866, 0, -0, 54, 31.600000381469727, -43.899993896484375)
Sbp(19, 1.5707963705062866, -0, -3.1415927410125732, 54, 31.600000381469727, -20.100006103515625)
Sbp(19, 0, 1.5707963705062866, 0, 54.5, 32.20000076293945, -27)
Sbp(19, -1.5707963705062866, -0, -0, 54, 31.600000381469727, -44.100006103515625)
Sbp(19, -0, 0, -3.1415927410125732, 86, 35, -3.5)
Sbp(19, 1.5707963705062866, 0, 1.5707963705062866, 78.89999389648438, 37.60000228881836, 4)
Sbp(19, 1.5707963705062866, 0, 1.5707963705062866, 86.89999389648438, 37.60000228881836, 4)
Sbp(19, 1.5707963705062866, -0, -3.1415927410125732, 77, 37.60000228881836, 2.899993896484375)
Sbp(19, 1.5707963705062866, -0, -3.1415927410125732, 63, 40.60000228881836, -8.100006103515625)
Sbp(19, -3.1415927410125732, 0, -0, 62, 27, -3.5)
Sbp(19, 0, 0, 1.5707963705062866, 78.89999389648438, 37.10000228881836, -13.5)
Sbp(19, -3.1415927410125732, 0, -0, 62, 35, -3.5)
Sbp(19, 1.5707963705062866, -0, -3.1415927410125732, 66, 37.60000228881836, 8.899993896484375)
Sbp(19, 1.5707963705062866, -0, -3.1415927410125732, 77, 37.60000228881836, 12.899993896484375)
Sbp(19, -3.1415927410125732, 0, -0, 62, 34, -4.5)
Sbp(19, 0, 0, 1.5707963705062866, 86.89999389648438, 37.10000228881836, -13.5)
Sbp(19, 1.5707963705062866, 1.5707963705062866, 0, 88.5, 37.10000228881836, -19.899993896484375)
Sbp(19, 1.5707963705062866, 1.5707963705062866, 0, 88.5, 37.10000228881836, -27.899993896484375)
Sbp(19, 1.5707963705062866, -1.5707963705062866, 0, 88.5, 25.100000381469727, -27.899993896484375)
Sbp(19, 0, 1.5707963705062866, 0, 89.5, 27.200000762939453, -45)
Sbp(19, 1.5707963705062866, 1.5707963705062866, 0, 88.5, 41.10000228881836, -35.899993896484375)
Sbp(19, 1.5707963705062866, 1.5707963705062866, 0, 88.5, 41.10000228881836, -11.899993896484375)
Sbp(19, 1.5707963705062866, 1.5707963705062866, 0, 88.5, 41.10000228881836, -27.899993896484375)
Sbp(19, 1.5707963705062866, 1.5707963705062866, 0, 88.5, 41.10000228881836, -19.899993896484375)
Sbp(19, 1.5707963705062866, 1.5707963705062866, 0, 88.5, 37.10000228881836, -59.899993896484375)
Sbp(19, 1.5707963705062866, 1.5707963705062866, 0, 88.5, 37.10000228881836, -51.899993896484375)
Sbp(19, 1.5707963705062866, 1.5707963705062866, 0, 88.5, 37.10000228881836, -43.899993896484375)
Sbp(19, 1.5707963705062866, 1.5707963705062866, 0, 88.5, 37.10000228881836, -35.899993896484375)
Sbp(19, 1.5707963705062866, 1.5707963705062866, 0, 88.5, 37.10000228881836, -11.899993896484375)
Sbp(19, 1.5707963705062866, 1.5707963705062866, 0, 88.5, 41.10000228881836, -43.899993896484375)
Sbp(19, 0, 1.5707963705062866, 0, 89.5, 27.200000762939453, -25)
Sbp(19, 1.5707963705062866, 1.5707963705062866, 0, 88.5, 41.10000228881836, -51.899993896484375)
Sbp(19, 1.5707963705062866, 1.5707963705062866, 0, 88.5, 41.10000228881836, -59.899993896484375)
Sbp(19, 1.5707963705062866, -1.5707963705062866, 0, 88.5, 25.100000381469727, -51.899993896484375)
Sbp(19, 1.5707963705062866, -1.5707963705062866, 0, 88.5, 25.100000381469727, -43.899993896484375)
Sbp(19, 1.5707963705062866, -1.5707963705062866, 0, 88.5, 25.100000381469727, -35.899993896484375)
Sbp(19, 1.5707963705062866, -1.5707963705062866, 0, 88.5, 25.100000381469727, -59.899993896484375)
Sbp(19, 1.5707963705062866, -1.5707963705062866, 0, 88.5, 25.100000381469727, -19.899993896484375)
Sbp(19, -1.5707963705062866, 0, -3.1415927410125732, 55, 44.60000228881836, -52.899993896484375)
Sbp(19, -1.5707963705062866, 1.5707963705062866, 0, 52.5, 57.10000228881836, -36.100006103515625)
Sbp(19, -1.5707963705062866, 0, -3.1415927410125732, 55, 44.60000228881836, -12.899993896484375)
Sbp(19, -1.5707963705062866, 0, -3.1415927410125732, 55, 44.60000228881836, -40.899993896484375)
Sbp(19, -1.5707963705062866, 0, -3.1415927410125732, 55, 44.60000228881836, -32.899993896484375)
Sbp(20, -1.5707963705062866, 0, -3.1415927410125732, 55, 44.60000228881836, -56.899993896484375)
Sbp(20, 3.1415927410125732, -0, 1.5707963705062866, 78.89999389648438, 43.10000228881836, 13.5)
Sbp(20, -0, -1.5707963705062866, 0, 52.5, 20.200000762939453, -52)
Sbp(20, -0, -1.5707963705062866, 0, 52.5, 19.200000762939453, -26)
Sbp(20, 1.5707963705062866, -1.5707963705062866, 0, 42.5, 10.300000190734863, 51.100006103515625)
Sbp(20, 1.5707963705062866, 0, -1.5707963705062866, 31.100006103515625, 13.800000190734863, 47)
Sbp(20, 1.5707963705062866, 1.5707963705062866, 0, 42.5, 10.300000190734863, 35.100006103515625)
Sbp(20, 1.5707963705062866, -1.5707963705062866, 0, 25.5, 10.300000190734863, 51.100006103515625)
Sbp(20, 1.5707963705062866, 0, -1.5707963705062866, 20.100006103515625, 1.600000023841858, 23)
Sbp(20, 1.5707963705062866, 0, 1.5707963705062866, 31.899993896484375, 0.6000000238418579, 23)
Sbp(20, 3.1415927410125732, -0, 1.5707963705062866, 23.899993896484375, 1.100000023841858, 21.5)
Sbp(20, -1.5707963705062866, 1.5707963705062866, 0, 25.5, 1.100000023841858, 57.899993896484375)
Sbp(20, 1.5707963705062866, 0, -0, 27, 0.6000000238418579, 54.100006103515625)
Sbp(20, 0, 0, 1.5707963705062866, 44.899993896484375, 1.100000023841858, 3.5)
Sbp(20, 3.1415927410125732, -0, 1.5707963705062866, 30.899993896484375, 1.100000023841858, 21.5)
Sbp(20, -1.5707963705062866, 1.5707963705062866, 0, 24.5, 1.100000023841858, 27.899993896484375)
Sbp(20, -1.5707963705062866, 0, -1.5707963705062866, -47.899993896484375, 0.6000000238418579, -54)
Sbp(20, -1.5707963705062866, 0, -3.1415927410125732, -26, 1.600000023841858, -27.899993896484375)
Sbp(20, 1.5707963705062866, 0, 1.5707963705062866, -17.100006103515625, 1.600000023841858, -51)
Sbp(20, 1.5707963705062866, 0, -1.5707963705062866, -11.899993896484375, 55.60000228881836, 18)
Sbp(20, -0, -0, -1.5707963705062866, -6.899993896484375, 54.10000228881836, -10.5)
Sbp(20, 1.5707963705062866, -1.5707963705062866, 0, 0.5, 3.1000001430511475, 44.100006103515625)
Sbp(20, 3.1415927410125732, -0, 1.5707963705062866, 83.89999389648438, 45.10000228881836, 13.5)
Sbp(20, -3.1415927410125732, 0, -0, 87, 42, 13.5)
Sbp(20, -1.5707963705062866, 1.5707963705062866, 0, 51.5, 33.10000228881836, -62.100006103515625)
Sbp(20, -1.5707963705062866, 0, -3.1415927410125732, 89, 32.60000228881836, -65.89999389648438)
Sbp(20, -3.1415927410125732, 0, -1.5707963705062866, 63.100006103515625, 33.10000228881836, -2.5)
Sbp(20, -1.5707963705062866, 0, -1.5707963705062866, -6.899993896484375, 53.60000228881836, 38)
Sbp(20, 1.5707963705062866, 0, 1.5707963705062866, 1.899993896484375, 54.60000228881836, 38)
Sbp(20, -1.5707963705062866, 0, -1.5707963705062866, -6.899993896484375, 54.60000228881836, 9)
Sbp(20, 1.5707963705062866, 0, 1.5707963705062866, 1.899993896484375, 53.60000228881836, 38)
Sbp(20, 1.5707963705062866, -0, -3.1415927410125732, -0, 83.80000305175781, -0.100006103515625)
Sbp(20, -1.5707963705062866, -0, -0, -7, 54.60000228881836, 22.899993896484375)
Sbp(20, 1.5707963705062866, -0, -3.1415927410125732, -7, 54.60000228881836, 26.899993896484375)
Sbp(20, -0, -0, -1.5707963705062866, 4.100006103515625, 54.10000228881836, -10.5)
Sbp(20, -0, -0, -1.5707963705062866, -1.899993896484375, 54.10000228881836, -10.5)
Sbp(20, -1.5707963705062866, -0, -0, -15, 54.60000228881836, -7.100006103515625)
Sbp(20, -1.5707963705062866, -0, -0, -7, 54.60000228881836, 30.899993896484375)
Sbp(20, 3.1415927410125732, -0, 1.5707963705062866, 13.899993896484375, 27.100000381469727, 39.5)
Sbp(20, 1.5707963705062866, 0, -1.5707963705062866, -14.899993896484375, 27.600000381469727, -8)
Sbp(20, 0, 0, 1.5707963705062866, 13.899993896484375, 27.100000381469727, 40.5)
Sbp(20, 0, 0, 1.5707963705062866, -2.100006103515625, 27.100000381469727, 41.5)
Sbp(20, -1.5707963705062866, 1.5707963705062866, 0, -2.5, 27.100000381469727, 16.899993896484375)
Sbp(20, 3.1415927410125732, -0, 1.5707963705062866, -1.100006103515625, 25.100000381469727, 13.5)
Sbp(20, 3.1415927410125732, -0, 1.5707963705062866, -1.100006103515625, 25.100000381469727, 14.5)
Sbp(20, -1.5707963705062866, -1.5707963705062866, 0, 9.5, 27.100000381469727, -5.100006103515625)
Sbp(20, -0, -0, -1.5707963705062866, 10.100006103515625, 27.100000381469727, -9.5)
Sbp(20, 3.1415927410125732, -0, 1.5707963705062866, 9.899993896484375, 27.100000381469727, 40.5)
Sbp(20, 1.5707963705062866, 0, -1.5707963705062866, -14.899993896484375, 26.600000381469727, -8)
Sbp(20, -1.5707963705062866, -1.5707963705062866, 0, -2.5, 25.100000381469727, 32.899993896484375)
Sbp(20, 1.5707963705062866, 1.5707963705062866, 0, -2.5, 25.100000381469727, 33.100006103515625)
Sbp(20, -1.5707963705062866, -1.5707963705062866, 0, -2.5, 25.100000381469727, 22.899993896484375)
Sbp(20, 0, 0, 1.5707963705062866, -6.100006103515625, 25.100000381469727, 13.5)
Sbp(20, 1.5707963705062866, 1.5707963705062866, 0, -2.5, 9.100000381469727, 29.100006103515625)
Sbp(20, 0, 0, 1.5707963705062866, -1.100006103515625, 25.100000381469727, -10.5)
Sbp(20, -1.5707963705062866, -0, -0, -8, 6.599999904632568, -10.100006103515625)
Sbp(20, -1.5707963705062866, -1.5707963705062866, 0, -11.5, 69.0999984741211, 2.899993896484375)
Sbp(20, -1.5707963705062866, 1.5707963705062866, 0, -11.5, 60.10000228881836, 4.899993896484375)
Sbp(20, -1.5707963705062866, -0, -0, -4, 83.80000305175781, 11.899993896484375)
Sbp(20, -1.5707963705062866, -0, -0, -4, 84.80000305175781, 11.899993896484375)
Sbp(20, -1.5707963705062866, 0, -1.5707963705062866, -2.899993896484375, 84.80000305175781, 7)
Sbp(20, 1.5707963705062866, 0, -1.5707963705062866, -4.899993896484375, 83.80000305175781, -5)
Sbp(20, 1.5707963705062866, 0, -1.5707963705062866, -4.899993896484375, 84.80000305175781, -5)
Sbp(20, 1.5707963705062866, 0, 1.5707963705062866, 12.899993896484375, 6.599999904632568, 43)
Sbp(20, 1.5707963705062866, -0, -3.1415927410125732, -1, 22.600000381469727, 20.899993896484375)
Sbp(20, -1.5707963705062866, 0, -3.1415927410125732, -1, 10.600000381469727, 17.100006103515625)
Sbp(20, -1.5707963705062866, -0, -0, -1, 16.600000381469727, 36.899993896484375)
Sbp(20, -1.5707963705062866, -0, -0, -1, 13.600000381469727, 18.899993896484375)
Sbp(20, -1.5707963705062866, -1.5707963705062866, 0, 10.5, 25.100000381469727, -1.100006103515625)
Sbp(20, -1.5707963705062866, 0, 1.5707963705062866, 16.899993896484375, 36.60000228881836, 19)
Sbp(20, -1.5707963705062866, 0, 1.5707963705062866, 16.899993896484375, 37.60000228881836, 19)
Sbp(20, 1.5707963705062866, -1.5707963705062866, 0, 13.5, 51.10000228881836, 11.100006103515625)
Sbp(20, -1.5707963705062866, 1.5707963705062866, 0, 13.5, 51.10000228881836, -1.100006103515625)
Sbp(20, -1.5707963705062866, 1.5707963705062866, 0, 13.5, 51.10000228881836, 37.899993896484375)
Sbp(20, -1.5707963705062866, 1.5707963705062866, 0, 13.5, 51.10000228881836, 23.899993896484375)
Sbp(20, -3.1415927410125732, 0, -0, -3, 52, -12.5)
Sbp(20, 1.5707963705062866, 0, -0, -6, 55.60000228881836, 4.100006103515625)
Sbp(20, 1.5707963705062866, -0, -3.1415927410125732, 2, 65.5999984741211, 10.899993896484375)
Sbp(20, 1.5707963705062866, 0, -0, 4, 68.5999984741211, 7.100006103515625)
Sbp(20, 1.5707963705062866, 0, -0, 4, 67.5999984741211, 7.100006103515625)
Sbp(20, 1.5707963705062866, -0, -3.1415927410125732, 6, 65.5999984741211, 22.899993896484375)
Sbp(20, 1.5707963705062866, 0, -0, 5, 65.5999984741211, 39.100006103515625)
Sbp(20, -1.5707963705062866, -0, -0, 4, 68.5999984741211, 38.899993896484375)
Sbp(20, 1.5707963705062866, 0, -1.5707963705062866, -15.899993896484375, 72.5999984741211, 3)
Sbp(20, -1.5707963705062866, 0, -3.1415927410125732, 4, 66.5999984741211, 43.100006103515625)
Sbp(20, 1.5707963705062866, 0, -0, 3, 65.5999984741211, 39.100006103515625)
Sbp(20, 1.5707963705062866, 0, 1.5707963705062866, 15.899993896484375, 56.60000228881836, -12)
Sbp(20, -1.5707963705062866, 0, 1.5707963705062866, -12.100006103515625, 56.60000228881836, 18)
Sbp(20, -1.5707963705062866, 0, 1.5707963705062866, -12.100006103515625, 55.60000228881836, 18)
Sbp(20, 1.5707963705062866, 0, -1.5707963705062866, -11.899993896484375, 72.5999984741211, 3)
Sbp(20, -1.5707963705062866, 0, -1.5707963705062866, 12.100006103515625, 55.60000228881836, 18)
Sbp(20, -1.5707963705062866, -1.5707963705062866, 0, -13.5, 50.10000228881836, 13.899993896484375)
Sbp(20, 3.1415927410125732, 1.5707963705062866, 0, -13.5, 33, 4)
Sbp(20, -0, 0, -3.1415927410125732, -8, 41, -9.5)
Sbp(20, -0, 0, -3.1415927410125732, -7, 45, -7.5)
Sbp(20, 1.5707963705062866, 1.5707963705062866, 0, -12.5, 46.10000228881836, 2.100006103515625)
Sbp(20, 3.1415927410125732, 1.5707963705062866, 0, -12.5, 33, -4)
Sbp(20, -0, -1.5707963705062866, 0, 1.5, 37.20000076293945, -11)
Sbp(20, -3.1415927410125732, 0, -3.1415927410125732, 2, 37.20000076293945, -9.5)
Sbp(20, -0, 0, -3.1415927410125732, -8, 41, -8.5)
Sbp(20, 1.5707963705062866, 1.5707963705062866, 0, -2.5, 23.100000381469727, 29.100006103515625)
Sbp(20, -0, -1.5707963705062866, 0, -7.5, 37.20000076293945, -11)
Sbp(20, 0, 0, 1.5707963705062866, -1.100006103515625, 9.100000381469727, -10.5)
Sbp(20, -1.5707963705062866, 0, -1.5707963705062866, -2.899993896484375, 83.80000305175781, 7)
Sbp(20, -1.5707963705062866, 0, -3.1415927410125732, -16, 6.599999904632568, 6.100006103515625)
Sbp(20, -1.5707963705062866, 0, -3.1415927410125732, 14, 6.599999904632568, 38.100006103515625)
Sbp(20, 1.5707963705062866, -0, -3.1415927410125732, -1, 19.600000381469727, 18.899993896484375)
Sbp(20, -1.5707963705062866, 0, -3.1415927410125732, 2, 6.599999904632568, -13.899993896484375)
Sbp(20, 3.1415927410125732, -0, 1.5707963705062866, -1.100006103515625, 25.100000381469727, 12.5)
Sbp(20, -1.5707963705062866, -0, -0, -1, 16.600000381469727, 18.899993896484375)
Sbp(20, 1.5707963705062866, -0, -3.1415927410125732, -1, 13.600000381469727, 28.899993896484375)
Sbp(20, 1.5707963705062866, -0, -3.1415927410125732, -1, 19.600000381469727, 36.899993896484375)
Sbp(20, 1.5707963705062866, -0, -3.1415927410125732, -1, 13.600000381469727, 36.899993896484375)
Sbp(20, -1.5707963705062866, -1.5707963705062866, 0, 70.5, 18.100000381469727, -66.10000610351562)
Sbp(20, -3.1415927410125732, -1.5707963705062866, 0, 89.5, 17, -61)
Sbp(20, -0, -1.5707963705062866, 0, 88.5, 13.199999809265137, -5)
Sbp(20, -1.5707963705062866, -1.5707963705062866, 0, 89.5, 18.100000381469727, -59.100006103515625)
Sbp(20, 3.1415927410125732, -0, 1.5707963705062866, 57.899993896484375, 3.1000001430511475, -3.5)
Sbp(20, -1.5707963705062866, -1.5707963705062866, 0, 89.5, 3.1000001430511475, -58.100006103515625)
Sbp(20, 1.5707963705062866, 1.5707963705062866, 0, 54.5, 3.1000001430511475, -53.899993896484375)
Sbp(20, -1.5707963705062866, -1.5707963705062866, 0, 52.5, 6.099999904632568, -52.100006103515625)
Sbp(20, 1.5707963705062866, 1.5707963705062866, 0, 43.5, 3.1000001430511475, -27.899993896484375)
Sbp(20, 0, 0, 1.5707963705062866, 56.899993896484375, 14.100000381469727, -62.5)
Sbp(20, 0, 0, 1.5707963705062866, 86.89999389648438, 14.100000381469727, -62.5)
Sbp(20, -3.1415927410125732, 0, -1.5707963705062866, 52.100006103515625, 16.100000381469727, -4.5)
Sbp(20, -3.1415927410125732, -1.5707963705062866, 0, 53.5, 17, -27)
Sbp(20, 0, 0, 1.5707963705062866, 80.89999389648438, 14.100000381469727, -62.5)
Sbp(20, 0, 0, 1.5707963705062866, 62.899993896484375, 14.100000381469727, -62.5)
Sbp(20, -1.5707963705062866, -0, -0, 77, 49.60000228881836, 12.899993896484375)
Sbp(20, -0, 0, -0, 53, 13.199999809265137, -50.5)
Sbp(20, -0, 0, -0, 53, 13.199999809265137, -51.5)
Sbp(20, 1.5707963705062866, 0, -0, 75, 48.60000228881836, 9.100006103515625)
Sbp(20, 1.5707963705062866, -0, -3.1415927410125732, 75, 48.60000228881836, 4.899993896484375)
Sbp(20, -3.1415927410125732, 0, -1.5707963705062866, 54.100006103515625, 57.10000228881836, -61.5)
Sbp(20, -0, -0, -1.5707963705062866, 54.100006103515625, 18.100000381469727, -2.5)
Sbp(20, -1.5707963705062866, -0, -0, 86, 17.600000381469727, -24.100006103515625)
Sbp(20, 1.5707963705062866, 1.5707963705062866, 0, 89.5, 45.10000228881836, -10.899993896484375)
Sbp(20, 0, 0, 1.5707963705062866, 66.89999389648438, 45.10000228881836, -3.5)
Sbp(20, -1.5707963705062866, 1.5707963705062866, 0, 52.5, 33.10000228881836, -52.100006103515625)
Sbp(20, -3.1415927410125732, -1.5707963705062866, 0, 52.5, 54, -23)
Sbp(20, -3.1415927410125732, -1.5707963705062866, 0, 52.5, 54, -43)
Sbp(20, -0, 0, -3.1415927410125732, 52, 39, -59.5)
Sbp(20, -0, -1.5707963705062866, 0, 51.5, 18.200000762939453, -58)
Sbp(20, -3.1415927410125732, 0, -0, 79, 43.60000228881836, -59.5)
Sbp(20, -0, -0, -1.5707963705062866, 83.10000610351562, 62.10000228881836, -62.5)
Sbp(20, -3.1415927410125732, 0, -0, 68, 48, -2.5)
Sbp(20, 0, 1.5707963705062866, 0, 89.5, 33.20000076293945, -63)
Sbp(20, 0, 1.5707963705062866, 0, 52.5, 33.20000076293945, -63)
Sbp(20, -0, 0, -0, 77, 52.20000076293945, -2.5)
Sbp(20, -1.5707963705062866, -0, -0, 65, 54.60000228881836, 0.899993896484375)
Sbp(20, -1.5707963705062866, -0, -0, 87, 54.60000228881836, 0.899993896484375)
Sbp(20, -1.5707963705062866, -0, -0, 65, 55.60000228881836, 0.899993896484375)
Sbp(20, 1.5707963705062866, 1.5707963705062866, 0, 57.5, 77.9000015258789, -58.899993896484375)
Sbp(20, -3.1415927410125732, 0, -1.5707963705062866, 59.100006103515625, 77.9000015258789, -54.5)
Sbp(20, 0, 0, 1.5707963705062866, 62.899993896484375, 77.9000015258789, -53.5)
Sbp(20, -1.5707963705062866, -0, -0, 87, 53.60000228881836, 0.899993896484375)
Sbp(20, -1.5707963705062866, -1.5707963705062866, 0, 58.5, 77.9000015258789, -55.100006103515625)
Sbp(20, 3.1415927410125732, -0, 1.5707963705062866, 55.899993896484375, 60.10000228881836, -2.5)
Sbp(20, 3.1415927410125732, -0, 1.5707963705062866, 83.89999389648438, 64.0999984741211, -2.5)
Sbp(20, 3.1415927410125732, -0, 1.5707963705062866, 91.89999389648438, 60.10000228881836, -2.5)
Sbp(20, -3.1415927410125732, 0, -1.5707963705062866, 52.100006103515625, 60.10000228881836, -61.5)
Sbp(20, -3.1415927410125732, 0, -1.5707963705062866, 80.10000610351562, 64.0999984741211, -61.5)
Sbp(20, -3.1415927410125732, 0, -1.5707963705062866, 60.100006103515625, 64.0999984741211, -61.5)
Sbp(20, -0, 0, -3.1415927410125732, 82, 63, -62.5)
Sbp(20, -0, 0, -3.1415927410125732, 62, 63, -62.5)
Sbp(20, -0, 0, -0, 62, 59.20000076293945, -1.5)
Sbp(20, -0, 0, -0, 82, 59.20000076293945, -1.5)
Sbp(20, -0, -0, -1.5707963705062866, 57.100006103515625, 62.10000228881836, -62.5)
Sbp(20, 0, 0, 1.5707963705062866, 86.89999389648438, 62.10000228881836, -1.5)
Sbp(20, 1.5707963705062866, -1.5707963705062866, 0, 79.5, 85.5, -57.899993896484375)
Sbp(20, 1.5707963705062866, -1.5707963705062866, 0, 74.5, 85.5, -59.899993896484375)
Sbp(20, -3.1415927410125732, 0, -1.5707963705062866, 88.10000610351562, 60.10000228881836, -61.5)
Sbp(20, 3.1415927410125732, -0, 1.5707963705062866, 63.899993896484375, 64.0999984741211, -2.5)
Sbp(20, 3.1415927410125732, -0, 1.5707963705062866, 78.89999389648438, 85.5, -54.5)
Sbp(20, -0, -0, -1.5707963705062866, 75.10000610351562, 85.5, -59.5)
Sbp(20, 0, 0, 1.5707963705062866, 60.899993896484375, 62.10000228881836, -1.5)
Sbp(20, -0, 0, -0, 72, 71.20000457763672, -75.5)
Sbp(20, -0, 0, -0, 72, 71.20000457763672, 11.5)
Sbp(20, 1.5707963705062866, 0, -0, 72, 70.5999984741211, 6.100006103515625)
Sbp(20, -0, 0, -0, 72, 71.20000457763672, 10.5)
Sbp(20, -0, 0, -0, 72, 71.20000457763672, -74.5)
Sbp(20, 3.1415927410125732, -0, 1.5707963705062866, 78.89999389648438, 26.700000762939453, -53.5)
Sbp(20, 1.5707963705062866, -1.5707963705062866, 0, -4.5, 43.10000228881836, -11.899993896484375)
Sbp(20, 1.5707963705062866, 0, 1.5707963705062866, 1.899993896484375, 44.60000228881836, -6)
Sbp(20, -1.5707963705062866, 0, -1.5707963705062866, -1.899993896484375, 54.60000228881836, 34)
Sbp(20, 1.5707963705062866, 0, -1.5707963705062866, -6.899993896484375, 54.60000228881836, -6)
Sbp(20, 1.5707963705062866, 0, 1.5707963705062866, 14.899993896484375, 24.600000381469727, 25)
Sbp(20, -1.5707963705062866, 0, -1.5707963705062866, 11.100006103515625, 24.600000381469727, 12)
Sbp(20, -1.5707963705062866, 1.5707963705062866, 0, 10.5, 25.100000381469727, 15.899993896484375)
Sbp(20, -0, 0, -0, -7, 23.200000762939453, 1.5)
Sbp(20, -1.5707963705062866, 0, -3.1415927410125732, -1, 16.600000381469727, 25.100006103515625)
Sbp(20, -1.5707963705062866, 0, -3.1415927410125732, -9, 9.600000381469727, 3.100006103515625)
Sbp(20, 1.5707963705062866, -0, -3.1415927410125732, -9, 9.600000381469727, 10.899993896484375)
Sbp(20, 1.5707963705062866, -0, -3.1415927410125732, -9, 13.600000381469727, 10.899993896484375)
Sbp(20, 1.5707963705062866, -0, -3.1415927410125732, -9, 9.600000381469727, -0.100006103515625)
Sbp(20, 1.5707963705062866, -0, -3.1415927410125732, -9, 13.600000381469727, -0.100006103515625)
Sbp(20, 1.5707963705062866, -0, -3.1415927410125732, -9, 20.600000381469727, -0.100006103515625)
Sbp(20, 1.5707963705062866, -0, -3.1415927410125732, -9, 20.600000381469727, 10.899993896484375)
Sbp(20, -1.5707963705062866, -1.5707963705062866, 0, -10.5, 25.100000381469727, 11.899993896484375)
Sbp(20, -1.5707963705062866, -1.5707963705062866, 0, -10.5, 25.100000381469727, -1.100006103515625)
Sbp(20, 3.1415927410125732, -0, 1.5707963705062866, -5.100006103515625, 27.100000381469727, 12.5)
Sbp(20, 3.1415927410125732, -0, 1.5707963705062866, -1.100006103515625, 27.100000381469727, 12.5)
Sbp(20, 1.5707963705062866, -0, -3.1415927410125732, -1, 19.600000381469727, 28.899993896484375)
Sbp(20, -0, -1.5707963705062866, 0, 89.5, 13.199999809265137, -27)
Sbp(20, -0, -1.5707963705062866, 0, 88.5, 13.199999809265137, -27)
Sbp(20, -0, -1.5707963705062866, 0, 89.5, 13.199999809265137, -5)
Sbp(20, -3.1415927410125732, -1.5707963705062866, 0, 88.5, 17, -51)
Sbp(20, -3.1415927410125732, -1.5707963705062866, 0, 89.5, 17, -51)
Sbp(20, -1.5707963705062866, 0, 1.5707963705062866, 90.89999389648438, 4.599999904632568, -63)
Sbp(20, -1.5707963705062866, 0, 1.5707963705062866, 54.899993896484375, 4.599999904632568, -55)
Sbp(20, -3.1415927410125732, 0, -1.5707963705062866, 51.100006103515625, 3.1000001430511475, -49.5)
Sbp(20, 1.5707963705062866, 1.5707963705062866, 0, 43.5, 3.1000001430511475, -53.899993896484375)
Sbp(20, 1.5707963705062866, 0, 1.5707963705062866, 54.899993896484375, 4.599999904632568, -4)
Sbp(20, 0, 0, 1.5707963705062866, 68.89999389648438, 14.100000381469727, -62.5)
Sbp(20, 0, 0, 1.5707963705062866, 74.89999389648438, 14.100000381469727, -62.5)
Sbp(20, 0, 0, 1.5707963705062866, 80.89999389648438, 16.100000381469727, -61.5)
Sbp(20, -1.5707963705062866, 1.5707963705062866, 0, 88.5, 15.100000381469727, -44.100006103515625)
Sbp(20, -0, 0, -3.1415927410125732, 87, 17, -5.5)
Sbp(20, 3.1415927410125732, 1.5707963705062866, 0, 87.5, 17, -51)
Sbp(20, 3.1415927410125732, 1.5707963705062866, 0, 53.5, 17, -53)
Sbp(20, -1.5707963705062866, -0, -0, 75, 49.60000228881836, 16.899993896484375)
Sbp(20, -1.5707963705062866, -0, -0, 75, 48.60000228881836, 16.899993896484375)
Sbp(20, 1.5707963705062866, 1.5707963705062866, 0, 52.5, 14.100000381469727, -9.899993896484375)
Sbp(20, -1.5707963705062866, -1.5707963705062866, 0, 87.5, 43.10000228881836, 16.899993896484375)
Sbp(20, 1.5707963705062866, 1.5707963705062866, 0, 66.5, 43.10000228881836, 13.100006103515625)
Sbp(20, 0, 1.5707963705062866, 0, 53.5, 13.199999809265137, -15)
Sbp(20, -1.5707963705062866, -1.5707963705062866, 0, 52.5, 14.100000381469727, -10.100006103515625)
Sbp(20, 0, 1.5707963705062866, 0, 87.5, 13.199999809265137, -9)
Sbp(20, 3.1415927410125732, -0, 1.5707963705062866, 61.899993896484375, 16.100000381469727, -6.5)
Sbp(20, 1.5707963705062866, -1.5707963705062866, 0, 53.5, 15.100000381469727, -11.899993896484375)
Sbp(20, -3.1415927410125732, 0, -1.5707963705062866, 79.10000610351562, 16.100000381469727, -60.5)
Sbp(20, 1.5707963705062866, 1.5707963705062866, 0, 53.5, 15.100000381469727, -57.899993896484375)
Sbp(20, 1.5707963705062866, -1.5707963705062866, 0, 66.5, 43.10000228881836, 5.100006103515625)
Sbp(20, -1.5707963705062866, -0, -0, 77, 49.60000228881836, 4.899993896484375)
Sbp(20, -3.1415927410125732, 0, -1.5707963705062866, 63.100006103515625, 41.10000228881836, -2.5)
Sbp(20, 1.5707963705062866, 0, -0, 77, 48.60000228881836, 25.100006103515625)
Sbp(20, -1.5707963705062866, 0, -3.1415927410125732, 79, 49.60000228881836, -2.899993896484375)
Sbp(20, -1.5707963705062866, 0, -3.1415927410125732, 79, 48.60000228881836, -2.899993896484375)
Sbp(20, -1.5707963705062866, 0, -3.1415927410125732, 79, 48.60000228881836, 5.100006103515625)
Sbp(20, 1.5707963705062866, -1.5707963705062866, 0, 87.5, 43.10000228881836, -2.899993896484375)
Sbp(20, -1.5707963705062866, 0, -3.1415927410125732, 79, 49.60000228881836, 5.100006103515625)
Sbp(20, 1.5707963705062866, -1.5707963705062866, 0, 87.5, 43.10000228881836, 5.100006103515625)
Sbp(20, 1.5707963705062866, -1.5707963705062866, 0, 52.5, 18.100000381469727, -62.899993896484375)
Sbp(20, -0, -1.5707963705062866, 0, 53.5, 42.20000076293945, -60)
Sbp(20, -1.5707963705062866, 0, 1.5707963705062866, 87.89999389648438, 17.600000381469727, -29)
Sbp(20, 3.1415927410125732, 1.5707963705062866, 0, 52.5, 40, -43)
Sbp(20, -3.1415927410125732, -1.5707963705062866, 0, 52.5, 38, -23)
Sbp(20, -3.1415927410125732, 0, -0, 89, 48, -3.5)
Sbp(20, -0, 0, -0, 65, 40.20000076293945, -3.5)
Sbp(20, -3.1415927410125732, 0, -1.5707963705062866, 65.10000610351562, 47.10000228881836, -3.5)
Sbp(20, -1.5707963705062866, -1.5707963705062866, 0, 39.5, 34.10000228881836, -51.100006103515625)
Sbp(20, -1.5707963705062866, -1.5707963705062866, 0, 39.5, 34.10000228881836, -43.100006103515625)
Sbp(20, -1.5707963705062866, -1.5707963705062866, 0, 38.5, 34.10000228881836, -27.100006103515625)
Sbp(20, -1.5707963705062866, -1.5707963705062866, 0, 38.5, 34.10000228881836, -35.100006103515625)
Sbp(20, -1.5707963705062866, -1.5707963705062866, 0, 38.5, 34.10000228881836, -43.100006103515625)
Sbp(20, -3.1415927410125732, 0, -3.1415927410125732, 43, 29.200000762939453, -25.5)
Sbp(20, -1.5707963705062866, -1.5707963705062866, 0, 38.5, 34.10000228881836, -51.100006103515625)
Sbp(20, 1.5707963705062866, -0, -3.1415927410125732, 90, 58.60000228881836, -0.100006103515625)
Sbp(20, 1.5707963705062866, -0, -3.1415927410125732, 54, 58.60000228881836, -60.100006103515625)
Sbp(20, -3.1415927410125732, 0, -3.1415927410125732, 43, 29.200000762939453, -26.5)
Sbp(20, -3.1415927410125732, 0, -3.1415927410125732, 43, 29.200000762939453, -52.5)
Sbp(20, -3.1415927410125732, 0, -3.1415927410125732, 43, 29.200000762939453, -51.5)
Sbp(20, -1.5707963705062866, 1.5707963705062866, 0, 39.5, 34.10000228881836, -35.100006103515625)
Sbp(20, -1.5707963705062866, 1.5707963705062866, 0, 39.5, 34.10000228881836, -27.100006103515625)
Sbp(20, -3.1415927410125732, 0, -1.5707963705062866, 75.10000610351562, 36.10000228881836, -83.5)
Sbp(20, -0, -0, -1.5707963705062866, 87.10000610351562, 36.10000228881836, -84.5)
Sbp(20, -0, -0, -1.5707963705062866, 87.10000610351562, 36.10000228881836, -83.5)
Sbp(20, -0, -0, -1.5707963705062866, 51.100006103515625, 36.10000228881836, -83.5)
Sbp(20, -0, 0, -0, 91, 44.20000076293945, -62.5)
Sbp(20, -3.1415927410125732, 0, -1.5707963705062866, 63.100006103515625, 36.10000228881836, -84.5)
Sbp(20, -3.1415927410125732, 0, -1.5707963705062866, 75.10000610351562, 36.10000228881836, -84.5)
Sbp(20, -3.1415927410125732, 0, -1.5707963705062866, 63.100006103515625, 36.10000228881836, -83.5)
Sbp(20, 1.5707963705062866, 1.5707963705062866, 0, 39.5, 33.10000228881836, -50.899993896484375)
Sbp(20, 1.5707963705062866, 1.5707963705062866, 0, 38.5, 33.10000228881836, -50.899993896484375)
Sbp(20, 3.1415927410125732, -0, 1.5707963705062866, 54.899993896484375, 36.10000228881836, -84.5)
Sbp(20, 1.5707963705062866, 1.5707963705062866, 0, 39.5, 33.10000228881836, -26.899993896484375)
Sbp(20, 1.5707963705062866, 1.5707963705062866, 0, 38.5, 33.10000228881836, -42.899993896484375)
Sbp(20, 1.5707963705062866, 1.5707963705062866, 0, 38.5, 33.10000228881836, -26.899993896484375)
Sbp(20, 1.5707963705062866, 1.5707963705062866, 0, 39.5, 33.10000228881836, -42.899993896484375)
Sbp(20, 1.5707963705062866, 1.5707963705062866, 0, 39.5, 33.10000228881836, -34.899993896484375)
Sbp(20, 1.5707963705062866, 1.5707963705062866, 0, 38.5, 33.10000228881836, -34.899993896484375)
Sbp(20, 0, 1.5707963705062866, 0, 52.5, 19.200000762939453, -58)
Sbp(20, -3.1415927410125732, 0, -0, 79, 43.60000228881836, -54.5)
Sbp(20, -3.1415927410125732, 0, -3.1415927410125732, 77, 39.79999923706055, -60.5)
Sbp(20, -0, -1.5707963705062866, 0, 81.5, 2.200000047683716, 43)
Sbp(20, 1.5707963705062866, -1.5707963705062866, 0, 83.5, 18.100000381469727, -69.89999389648438)
Sbp(20, -0, -1.5707963705062866, 0, 72.5, 2.200000047683716, 43)
Sbp(20, 0, 1.5707963705062866, 0, 81.5, 10.199999809265137, 10)
Sbp(20, 0, 1.5707963705062866, 0, 72.5, 10.199999809265137, 10)
Sbp(20, -3.1415927410125732, 0, -1.5707963705062866, 75.10000610351562, 26.30000114440918, -43.5)
Sbp(20, -0, -1.5707963705062866, 0, 73.5, 19.399999618530273, -57)
Sbp(20, -3.1415927410125732, 0, -1.5707963705062866, 75.10000610351562, 26.700000762939453, -53.5)
Sbp(20, -1.5707963705062866, 0, -1.5707963705062866, 75.10000610351562, 25.200000762939453, -52)
Sbp(20, -3.1415927410125732, 0, -0, -3, 46, -11.5)
Sbp(20, 1.5707963705062866, 0, 1.5707963705062866, -8.100006103515625, 36.60000228881836, -6)
Sbp(20, 1.5707963705062866, 0, 1.5707963705062866, -8.100006103515625, 40.60000228881836, -6)
Sbp(20, 1.5707963705062866, 0, 1.5707963705062866, -8.100006103515625, 44.60000228881836, -6)
Sbp(20, 1.5707963705062866, 0, 1.5707963705062866, -8.100006103515625, 32.60000228881836, -6)
Sbp(20, 1.5707963705062866, 0, -1.5707963705062866, -5.899993896484375, 44.60000228881836, -6)
Sbp(20, 1.5707963705062866, 0, -0, -3, 22.600000381469727, -0.899993896484375)
Sbp(20, -1.5707963705062866, 0, -1.5707963705062866, 2.100006103515625, 54.60000228881836, 34)
Sbp(20, 1.5707963705062866, -1.5707963705062866, 0, -2.5, 25.100000381469727, 15.100006103515625)
Sbp(20, 3.1415927410125732, -0, 1.5707963705062866, -6.100006103515625, 23.100000381469727, 14.5)
Sbp(20, -0, -0, -1.5707963705062866, -4.899993896484375, 30.100000381469727, -11.5)
Sbp(20, -1.5707963705062866, -0, -0, -7, 54.60000228881836, 34.899993896484375)
Sbp(20, -1.5707963705062866, 1.5707963705062866, 0, 84.5, 24.100000381469727, -34.100006103515625)
Sbp(20, -1.5707963705062866, 1.5707963705062866, 0, 69.5, 2.1000001430511475, 87.89999389648438)
Sbp(20, -1.5707963705062866, 1.5707963705062866, 0, 84.5, 8.100000381469727, 63.899993896484375)
Sbp(20, -1.5707963705062866, 1.5707963705062866, 0, 69.5, 15.100000381469727, 35.899993896484375)
Sbp(20, -1.5707963705062866, 1.5707963705062866, 0, 69.5, 13.100000381469727, 43.899993896484375)
Sbp(20, -1.5707963705062866, 1.5707963705062866, 0, 84.5, 2.1000001430511475, 87.89999389648438)
Sbp(20, -1.5707963705062866, 1.5707963705062866, 0, 69.5, 18.100000381469727, 23.899993896484375)
Sbp(20, -1.5707963705062866, 1.5707963705062866, 0, 69.5, 21.100000381469727, 11.899993896484375)
Sbp(20, -1.5707963705062866, 1.5707963705062866, 0, 69.5, 5.099999904632568, 75.89999389648438)
Sbp(20, -1.5707963705062866, 1.5707963705062866, 0, 69.5, 6.099999904632568, 71.89999389648438)
Sbp(20, -1.5707963705062866, 1.5707963705062866, 0, 69.5, 7.099999904632568, 67.89999389648438)
Sbp(20, -1.5707963705062866, 1.5707963705062866, 0, 69.5, 19.100000381469727, 19.899993896484375)
Sbp(20, -1.5707963705062866, 1.5707963705062866, 0, 69.5, 20.100000381469727, 15.899993896484375)
Sbp(20, -1.5707963705062866, 1.5707963705062866, 0, 69.5, 8.100000381469727, 63.899993896484375)
Sbp(20, -1.5707963705062866, 1.5707963705062866, 0, 69.5, 9.100000381469727, 59.899993896484375)
Sbp(20, -1.5707963705062866, 1.5707963705062866, 0, 69.5, 10.100000381469727, 55.899993896484375)
Sbp(20, -1.5707963705062866, 1.5707963705062866, 0, 69.5, 11.100000381469727, 51.899993896484375)
Sbp(20, -1.5707963705062866, 1.5707963705062866, 0, 69.5, 14.100000381469727, 39.899993896484375)
Sbp(20, -1.5707963705062866, 1.5707963705062866, 0, 69.5, 12.100000381469727, 47.899993896484375)
Sbp(20, -1.5707963705062866, 1.5707963705062866, 0, 69.5, 4.099999904632568, 79.89999389648438)
Sbp(20, -1.5707963705062866, 1.5707963705062866, 0, 69.5, 3.1000001430511475, 83.89999389648438)
Sbp(20, -1.5707963705062866, 1.5707963705062866, 0, 84.5, 9.100000381469727, 59.899993896484375)
Sbp(20, -1.5707963705062866, 1.5707963705062866, 0, 84.5, 18.100000381469727, 23.899993896484375)
Sbp(20, -1.5707963705062866, 1.5707963705062866, 0, 84.5, 10.100000381469727, 55.899993896484375)
Sbp(20, -1.5707963705062866, 1.5707963705062866, 0, 84.5, 11.100000381469727, 51.899993896484375)
Sbp(20, -1.5707963705062866, 1.5707963705062866, 0, 69.5, 16.100000381469727, 31.899993896484375)
Sbp(20, -1.5707963705062866, 1.5707963705062866, 0, 84.5, 19.100000381469727, 19.899993896484375)
Sbp(20, -1.5707963705062866, 1.5707963705062866, 0, 84.5, 21.100000381469727, 11.899993896484375)
Sbp(20, -1.5707963705062866, 1.5707963705062866, 0, 84.5, 3.1000001430511475, 83.89999389648438)
Sbp(20, -1.5707963705062866, 1.5707963705062866, 0, 84.5, 4.099999904632568, 79.89999389648438)
Sbp(20, -1.5707963705062866, 1.5707963705062866, 0, 84.5, 13.100000381469727, 43.899993896484375)
Sbp(20, -1.5707963705062866, 1.5707963705062866, 0, 84.5, 5.099999904632568, 75.89999389648438)
Sbp(20, -1.5707963705062866, 1.5707963705062866, 0, 84.5, 7.099999904632568, 67.89999389648438)
Sbp(20, -1.5707963705062866, 1.5707963705062866, 0, 69.5, 17.100000381469727, 27.899993896484375)
Sbp(20, -1.5707963705062866, 1.5707963705062866, 0, 84.5, 6.099999904632568, 71.89999389648438)
Sbp(20, -1.5707963705062866, 1.5707963705062866, 0, 84.5, 14.100000381469727, 39.899993896484375)
Sbp(20, -1.5707963705062866, 1.5707963705062866, 0, 84.5, 12.100000381469727, 47.899993896484375)
Sbp(20, 1.5707963705062866, -1.5707963705062866, 0, 11.5, 64.0999984741211, 5.100006103515625)
Sbp(20, 1.5707963705062866, -1.5707963705062866, 0, -11.5, 69.0999984741211, 3.100006103515625)
Sbp(20, -0, -1.5707963705062866, 0, 11.5, 55.20000076293945, 12)
Sbp(20, 1.5707963705062866, -1.5707963705062866, 0, 11.5, 66.0999984741211, 5.100006103515625)
Sbp(20, 0, 1.5707963705062866, 0, 11.5, 55.20000076293945, -6)
Sbp(20, 1.5707963705062866, -0, -3.1415927410125732, 16, 6.599999904632568, 7.899993896484375)
Sbp(20, -1.5707963705062866, -1.5707963705062866, 0, 10.5, 25.100000381469727, 3.899993896484375)
Sbp(20, -1.5707963705062866, -0, -0, -7, 54.60000228881836, 38.899993896484375)
Sbp(20, 1.5707963705062866, 1.5707963705062866, 0, -11.5, 9.100000381469727, 0.100006103515625)
Sbp(20, -1.5707963705062866, 1.5707963705062866, 0, 69.5, 24.100000381469727, -34.100006103515625)
Sbp(20, -0, -0, -1.5707963705062866, 78.10000610351562, 21.100000381469727, 8.5)
Sbp(20, -1.5707963705062866, 1.5707963705062866, 0, 84.5, 20.100000381469727, 15.899993896484375)
Sbp(20, -1.5707963705062866, 1.5707963705062866, 0, 84.5, 16.100000381469727, 31.899993896484375)
Sbp(20, -1.5707963705062866, 1.5707963705062866, 0, 84.5, 15.100000381469727, 35.899993896484375)
Sbp(20, -1.5707963705062866, 1.5707963705062866, 0, 84.5, 17.100000381469727, 27.899993896484375)
Sbp(20, -0, -1.5707963705062866, 0, 11.5, 55.20000076293945, 14)
Sbp(20, 0, 1.5707963705062866, 0, 11.5, 55.20000076293945, -8)
Sbp(20, 1.5707963705062866, 0, 1.5707963705062866, -4.100006103515625, 23.600000381469727, 36)
Sbp(20, -1.5707963705062866, 0, -1.5707963705062866, -6.899993896484375, 24.600000381469727, 36)
Sbp(20, -1.5707963705062866, 0, 1.5707963705062866, -6.100006103515625, 37.60000228881836, 28)
Sbp(20, -1.5707963705062866, 0, 1.5707963705062866, -6.100006103515625, 38.60000228881836, 28)
Sbp(20, 1.5707963705062866, 0, 1.5707963705062866, -24.100006103515625, 72.5999984741211, 3)
Sbp(20, 3.1415927410125732, -0, 1.5707963705062866, 8.899993896484375, 25.100000381469727, -6.5)
Sbp(20, -1.5707963705062866, -0, -0, -14, 32.60000228881836, -1.100006103515625)
Sbp(20, -1.5707963705062866, -0, -0, -14, 32.60000228881836, 9.899993896484375)
Sbp(20, 1.5707963705062866, -0, -3.1415927410125732, -0, 84.80000305175781, -0.100006103515625)
Sbp(20, -3.1415927410125732, 0, -1.5707963705062866, -2.899993896484375, 62.10000228881836, 38.5)
Sbp(20, -0, 0, -0, -3, 61.20000076293945, 33.5)
Sbp(20, -0, 0, -0, -3, 61.20000076293945, 21.5)
Sbp(20, -0, 0, -0, -3, 61.20000076293945, 16.5)
Sbp(20, -0, 0, -0, -3, 61.20000076293945, 28.5)
Sbp(20, 1.5707963705062866, 0, 1.5707963705062866, -1.100006103515625, 67.5999984741211, 31)
Sbp(20, -1.5707963705062866, 0, -1.5707963705062866, -4.899993896484375, 67.5999984741211, 19)
Sbp(20, -1.5707963705062866, 0, -3.1415927410125732, 6, 65.5999984741211, 7.100006103515625)
Sbp(20, 1.5707963705062866, -0, -3.1415927410125732, 2, 65.5999984741211, 22.899993896484375)
Sbp(20, -1.5707963705062866, 1.5707963705062866, 0, 13.5, 60.10000228881836, 42.899993896484375)
Sbp(20, 1.5707963705062866, 0, -1.5707963705062866, -15.899993896484375, 56.60000228881836, -12)
Sbp(20, -1.5707963705062866, 0, -1.5707963705062866, 12.100006103515625, 56.60000228881836, 18)
Sbp(20, 1.5707963705062866, 0, -1.5707963705062866, -14.899993896484375, 71.5999984741211, 3)
Sbp(20, -1.5707963705062866, -1.5707963705062866, 0, 66.5, 43.10000228881836, 0.899993896484375)
Sbp(20, -1.5707963705062866, 0, -3.1415927410125732, 53, 32.60000228881836, -65.89999389648438)
Sbp(20, -1.5707963705062866, 1.5707963705062866, 0, 90.5, 33.10000228881836, -62.100006103515625)
Sbp(20, 1.5707963705062866, 0, -1.5707963705062866, 75.10000610351562, 42.70000076293945, 30)
Sbp(20, -3.1415927410125732, -1.5707963705062866, 0, 66.5, 42.10000228881836, 30)
Sbp(20, -3.1415927410125732, -1.5707963705062866, 0, 87.5, 42.10000228881836, 30)
Sbp(20, 1.5707963705062866, 0, -1.5707963705062866, 83.10000610351562, 37.70000076293945, 30)
Sbp(20, 3.1415927410125732, 1.5707963705062866, 0, 87.5, 17, -27)
Sbp(20, 1.5707963705062866, -1.5707963705062866, 0, 7.5, 3.1000001430511475, 44.100006103515625)
Sbp(20, -1.5707963705062866, 0, -1.5707963705062866, -24.899993896484375, 1.600000023841858, -51)
Sbp(20, -1.5707963705062866, 0, -1.5707963705062866, -51.899993896484375, 0.6000000238418579, 59)
Sbp(20, 3.1415927410125732, -0, 1.5707963705062866, 43.899993896484375, 1.100000023841858, -59.5)
Sbp(20, -1.5707963705062866, 0, -1.5707963705062866, 40.100006103515625, 0.6000000238418579, -58)
Sbp(20, -1.5707963705062866, -0, -0, -51, 1.600000023841858, -56.100006103515625)
Sbp(20, -1.5707963705062866, 0, -1.5707963705062866, 40.100006103515625, 1.600000023841858, -58)
Sbp(20, -1.5707963705062866, -0, -0, -49, 0.6000000238418579, -56.100006103515625)
Sbp(20, -1.5707963705062866, 0, -1.5707963705062866, -51.899993896484375, 0.6000000238418579, -24)
Sbp(20, 1.5707963705062866, 0, 1.5707963705062866, 28.899993896484375, 0.6000000238418579, -51)
Sbp(20, 3.1415927410125732, -0, 1.5707963705062866, -48.100006103515625, 1.100000023841858, -22.5)
Sbp(20, -1.5707963705062866, -0, -0, -51, 0.6000000238418579, -56.100006103515625)
Sbp(20, -0, -0, -1.5707963705062866, -24.899993896484375, 1.100000023841858, -49.5)
Sbp(20, -1.5707963705062866, -0, -0, -49, 1.600000023841858, -56.100006103515625)
Sbp(20, -1.5707963705062866, 0, -1.5707963705062866, -51.899993896484375, 1.600000023841858, -24)
Sbp(20, 3.1415927410125732, -0, 1.5707963705062866, 30.899993896484375, 1.100000023841858, -49.5)
Sbp(20, -1.5707963705062866, 0, -1.5707963705062866, -59.899993896484375, 1.600000023841858, 59)
Sbp(20, 1.5707963705062866, 1.5707963705062866, 0, -27.5, 1.100000023841858, -25.899993896484375)
Sbp(20, -1.5707963705062866, 0, -3.1415927410125732, -26, 0.6000000238418579, -27.899993896484375)
Sbp(20, 1.5707963705062866, -1.5707963705062866, 0, 25.5, 10.300000190734863, 35.100006103515625)
Sbp(20, 1.5707963705062866, 0, 1.5707963705062866, 39.899993896484375, 11.800000190734863, 41)
Sbp(20, 1.5707963705062866, 0, 1.5707963705062866, 31.899993896484375, 11.800000190734863, 41)
Sbp(20, 1.5707963705062866, 0, -0, 36, 13.800000190734863, 42.100006103515625)
Sbp(20, -1.5707963705062866, 0, -3.1415927410125732, 36, 16.80000114440918, 42.100006103515625)
Sbp(20, 0, 0, 1.5707963705062866, 89.89999389648438, 55.10000228881836, -60.5)
Sbp(20, -1.5707963705062866, 0, -1.5707963705062866, 31.100006103515625, 16.80000114440918, 47)
Sbp(20, -3.1415927410125732, -1.5707963705062866, 0, 89.5, 52, -60)
Sbp(20, -3.1415927410125732, 0, -1.5707963705062866, 85.10000610351562, 41.10000228881836, -60.5)
Sbp(20, 0, 1.5707963705062866, 0, 53.5, 34.20000076293945, -58)
Sbp(20, -1.5707963705062866, -0, -0, 54, 31.600000381469727, -52.100006103515625)
Sbp(20, 1.5707963705062866, 1.5707963705062866, 0, 86.5, 37.10000228881836, -8.899993896484375)
Sbp(20, 1.5707963705062866, -1.5707963705062866, 0, 86.5, 37.10000228881836, -12.899993896484375)
Sbp(20, 1.5707963705062866, 0, -1.5707963705062866, 67.10000610351562, 37.60000228881836, 4)
Sbp(20, -3.1415927410125732, 0, -0, 62, 38, -4.5)
Sbp(20, 1.5707963705062866, 1.5707963705062866, 0, 67.5, 37.10000228881836, -8.899993896484375)
Sbp(20, -1.5707963705062866, 0, -3.1415927410125732, 77, 37.60000228881836, -8.899993896484375)
Sbp(20, 0, 0, 1.5707963705062866, 70.89999389648438, 37.10000228881836, -13.5)
Sbp(20, 1.5707963705062866, 0, -0, 77, 37.60000228881836, -12.899993896484375)
Sbp(20, 1.5707963705062866, -1.5707963705062866, 0, 67.5, 37.10000228881836, -12.899993896484375)
Sbp(20, 1.5707963705062866, -1.5707963705062866, 0, 88.5, 25.100000381469727, -11.899993896484375)
Sbp(22, 1.5707963705062866, 1.5707963705062866, 0, 52, 44.10000228881836, -40.899993896484375)
Sbp(22, -1.5707963705062866, 0, 1.5707963705062866, 51.899993896484375, 31.100000381469727, -26)
Sbp(22, -1.5707963705062866, -0, -0, 43, 32.10000228881836, -27.100006103515625)
Sbp(22, -1.5707963705062866, 0, -1.5707963705062866, 44.100006103515625, 31.100000381469727, -52)
Sbp(22, -1.5707963705062866, -0, -0, 43, 32.10000228881836, -35.100006103515625)
Sbp(22, -1.5707963705062866, -0, -0, 43, 32.10000228881836, -43.100006103515625)
Sbp(22, -0, -1.5707963705062866, 0, 54, 5.200000286102295, -7)
Sbp(22, -1.5707963705062866, 0, 1.5707963705062866, 84.89999389648438, 36.10000228881836, 13)
Sbp(22, -1.5707963705062866, 0, 1.5707963705062866, 76.89999389648438, 36.10000228881836, 13)
Sbp(22, 1.5707963705062866, -0, -3.1415927410125732, 87, 36.10000228881836, 6.899993896484375)
Sbp(22, 1.5707963705062866, 0, -0, 67, 36.10000228881836, -0.899993896484375)
Sbp(22, 1.5707963705062866, -0, -3.1415927410125732, 87, 36.10000228881836, 14.899993896484375)
Sbp(22, 1.5707963705062866, 0, -0, 67, 36.10000228881836, 7.100006103515625)
Sbp(22, -3.1415927410125732, -1.5707963705062866, 0, 54, 17, -60)
Sbp(22, -0, 0, -0, 87, 5.200000286102295, -7)
Sbp(22, -3.1415927410125732, 0, -0, 87, 13, -60)
Sbp(22, 1.5707963705062866, 1.5707963705062866, 0, 43, 18.100000381469727, -60.899993896484375)
Sbp(22, -3.1415927410125732, 0, -1.5707963705062866, 73.10000610351562, 8.100000381469727, 43)
Sbp(22, -1.5707963705062866, 0, 1.5707963705062866, 80.89999389648438, 4.099999904632568, 63)
Sbp(22, -3.1415927410125732, 0, -1.5707963705062866, 73.10000610351562, 12.100000381469727, 25)
Sbp(22, -1.5707963705062866, 0, 1.5707963705062866, 80.89999389648438, 17.100000381469727, 10)
Sbp(22, -1.5707963705062866, 0, 1.5707963705062866, 80.89999389648438, 11.100000381469727, 10)
Sbp(22, -3.1415927410125732, 0, -3.1415927410125732, -3, 8.199999809265137, 38)
Sbp(22, 3.1415927410125732, 1.5707963705062866, 0, 10, 26, 39)
Sbp(22, 3.1415927410125732, 1.5707963705062866, 0, 10, 18, 39)
Sbp(22, 0, 1.5707963705062866, 0, 11, 18.200000762939453, 38)
Sbp(22, -3.1415927410125732, 0, -0, -4, 16, 16)
Sbp(22, -3.1415927410125732, 0, -0, -4, 24, 16)
Sbp(22, -0, -1.5707963705062866, 0, -2, 16.200000762939453, 39)
Sbp(22, -3.1415927410125732, 0, -3.1415927410125732, -3, 16.200000762939453, 38)
Sbp(22, -0, -1.5707963705062866, 0, -2, 8.199999809265137, 39)
Sbp(22, 0, 1.5707963705062866, 0, 11, 8.199999809265137, 38)
Sbp(22, 0, 1.5707963705062866, 0, 10, 16.200000762939453, -7)
Sbp(22, -0, 0, -0, 11, 16.200000762939453, -6)
Sbp(22, 0, 1.5707963705062866, 0, 10, 8.199999809265137, -7)
Sbp(22, -0, 0, -0, 11, 8.199999809265137, -6)
Sbp(22, -3.1415927410125732, 0, -1.5707963705062866, 73.10000610351562, 7.099999904632568, 25)
Sbp(22, -3.1415927410125732, 0, -1.5707963705062866, 73.10000610351562, 3.1000001430511475, 43)
Sbp(22, -1.5707963705062866, -0, -0, 43, 18.100000381469727, -12.100006103515625)
Sbp(22, -1.5707963705062866, -0, -0, 43, 18.100000381469727, -4.100006103515625)
Sbp(22, 0, 0, 1.5707963705062866, 51.899993896484375, 18.100000381469727, -65)
Sbp(22, 1.5707963705062866, 1.5707963705062866, 0, 52, 44.10000228881836, -12.899993896484375)
Sbp(22, 1.5707963705062866, 1.5707963705062866, 0, 52, 44.10000228881836, -32.899993896484375)
Sbp(22, 1.5707963705062866, 1.5707963705062866, 0, 52, 44.10000228881836, -20.899993896484375)
Sbp(22, 1.5707963705062866, 1.5707963705062866, 0, 52, 44.10000228881836, -58.899993896484375)
Sbp(23, 1.5707963705062866, 1.5707963705062866, 0, 52, 44.10000228881836, -48.899993896484375)
Sbp(23, 1.5707963705062866, -1.5707963705062866, 0, 87, 36.10000228881836, -4.899993896484375)
Sbp(23, -1.5707963705062866, 1.5707963705062866, 0, 67, 36.10000228881836, -1.100006103515625)
Sbp(23, -3.1415927410125732, 0, -0, 87, 17, -60)
Sbp(23, -0, 0, -0, 87, 15.199999809265137, -7)
Sbp(23, -0, -1.5707963705062866, 0, 54, 13.199999809265137, -7)
Sbp(23, -3.1415927410125732, -1.5707963705062866, 0, 54, 9, -60)
Sbp(23, -1.5707963705062866, -0, -0, 43, 18.100000381469727, -20.100006103515625)
Sbp(23, -3.1415927410125732, 0, -0, -5, 6, 16)
Sbp(24, 1.5707963705062866, 1.5707963705062866, 0, 52, 44.10000228881836, -50.899993896484375)
Sbp(24, -1.5707963705062866, 0, -3.1415927410125732, 92, 57.10000228881836, -61.899993896484375)
Sbp(24, -1.5707963705062866, 0, -3.1415927410125732, 92, 57.10000228881836, -43.899993896484375)
Sbp(24, -1.5707963705062866, 0, -3.1415927410125732, 92, 57.10000228881836, -23.899993896484375)
Sbp(24, -1.5707963705062866, 0, -3.1415927410125732, 92, 57.10000228881836, -3.899993896484375)
Sbp(24, -1.5707963705062866, -1.5707963705062866, 0, 91, 43.10000228881836, -2.100006103515625)
Sbp(24, -0, 0, -0, 87, 13.199999809265137, -7)
Sbp(24, -1.5707963705062866, -1.5707963705062866, 0, 91, 43.10000228881836, -60.100006103515625)
Sbp(24, -1.5707963705062866, -1.5707963705062866, 0, 91, 43.10000228881836, -22.100006103515625)
Sbp(24, -1.5707963705062866, -1.5707963705062866, 0, 91, 43.10000228881836, -42.100006103515625)
Sbp(24, -1.5707963705062866, -1.5707963705062866, 0, 91, 43.10000228881836, -4.100006103515625)
Sbp(24, 1.5707963705062866, 1.5707963705062866, 0, 43, 18.100000381469727, -62.899993896484375)
Sbp(24, 0, 1.5707963705062866, 0, 10, 24.200000762939453, -7)
Sbp(24, 0, 1.5707963705062866, 0, 11, 16.200000762939453, 38)
Sbp(24, -3.1415927410125732, 0, -0, -4, 26, 16)
Sbp(24, -3.1415927410125732, 0, -3.1415927410125732, -3, 24.200000762939453, 38)
Sbp(24, -0, -1.5707963705062866, 0, -2, 24.200000762939453, 39)
Sbp(24, -0, 0, -0, 11, 24.200000762939453, -6)
Sbp(24, 3.1415927410125732, 1.5707963705062866, 0, 10, 10, 39)
Sbp(24, -1.5707963705062866, -1.5707963705062866, 0, -8, 24.100000381469727, 36.899993896484375)
Sbp(26, -0, 0, -3.1415927410125732, -1, 41, 41.5)
Sbp(26, -3.1415927410125732, 0, -0, 9, 41, 41.5)
Sbp(26, -3.1415927410125732, 0, -3.1415927410125732, -1, 41.20000076293945, 41.5)
Sbp(26, -0, 0, -0, 9, 41.20000076293945, 41.5)
Sbp(32, -3.1415927410125732, -1.5707963705062866, 0, -3, 11.199999809265137, 9)
Sbp(32, 0, 1.5707963705062866, 0, -3, 12.40000057220459, 9)
Sbp(32, -0, -1.5707963705062866, 0, -3, 11.199999809265137, 11)
Sbp(32, 0, 1.5707963705062866, 0, -3, 12.40000057220459, 11)
Sbp(32, 1.5707963705062866, -0, -3.1415927410125732, -4, 11.100000381469727, -4.100006103515625)
Sbp(32, 1.5707963705062866, -0, -3.1415927410125732, -4, 9.100000381469727, -4.100006103515625)
Sbp(32, 1.5707963705062866, 0, -0, -2, 19.100000381469727, -4.100006103515625)
Sbp(32, 1.5707963705062866, -0, -3.1415927410125732, -2, 9.100000381469727, -4.100006103515625)
Sbp(32, 1.5707963705062866, -0, -3.1415927410125732, -4, 19.100000381469727, -4.100006103515625)
Sbp(32, 1.5707963705062866, -0, -3.1415927410125732, -2, 11.100000381469727, -4.100006103515625)
Sbp(32, 1.5707963705062866, 0, -0, -2, 9.300000190734863, 0.100006103515625)
Sbp(32, 1.5707963705062866, -0, -3.1415927410125732, -2, 9.300000190734863, 3.899993896484375)
Sbp(32, -3.1415927410125732, 0, -3.1415927410125732, 4, 61.79999923706055, 48)
Sbp(32, 3.1415927410125732, 1.5707963705062866, 0, -25, 43.79999923706055, 3)
Sbp(32, -3.1415927410125732, 0, -1.5707963705062866, -25.29998779296875, 61.70000076293945, 3)
Sbp(32, 0, 1.5707963705062866, 0, -23, 43.79999923706055, 3)
Sbp(32, 0, 1.5707963705062866, 0, -23, 63, 3)
Sbp(32, -3.1415927410125732, 0, -1.5707963705062866, -20.899993896484375, 61.70000076293945, 3)
Sbp(32, 0, 1.5707963705062866, 0, -21, 43.79999923706055, 3)
Sbp(32, 3.1415927410125732, 1.5707963705062866, 0, -23, 61.79999923706055, 3)
Sbp(32, 3.1415927410125732, 1.5707963705062866, 0, -21, 61.79999923706055, 3)
Sbp(32, 0, 1.5707963705062866, 0, -25, 42.79999923706055, 3)
Sbp(32, 0, 1.5707963705062866, 0, -23, 43, 3)
Sbp(32, -0, -1.5707963705062866, 0, -21, 42.79999923706055, 3)
Sbp(32, 0, 1.5707963705062866, 0, -23, 42.79999923706055, 3)
Sbp(32, 3.1415927410125732, 1.5707963705062866, 0, -23, 62.60000228881836, 3)
Sbp(32, 0, 1.5707963705062866, 0, -23, 62.79999923706055, 3)
Sbp(32, -1.5707963705062866, 0, 1.5707963705062866, -25.100006103515625, 43.900001525878906, 3)
Sbp(32, -1.5707963705062866, 0, 1.5707963705062866, -20.70001220703125, 43.900001525878906, 3)
Sbp(32, 3.1415927410125732, 1.5707963705062866, 0, -25, 61.79999923706055, 3)
Sbp(32, 3.1415927410125732, 1.5707963705062866, 0, -25, 62.79999923706055, 3)
Sbp(32, 3.1415927410125732, 1.5707963705062866, 0, -21, 62.79999923706055, 3)
Sbp(32, -3.1415927410125732, 0, -1.5707963705062866, -24.899993896484375, 61.70000076293945, 3)
Sbp(32, -3.1415927410125732, 0, -1.5707963705062866, -20.5, 61.70000076293945, 3)
Sbp(32, -1.5707963705062866, 0, 1.5707963705062866, -25.5, 43.900001525878906, 3)
Sbp(32, 0, 1.5707963705062866, 0, -23, 42.60000228881836, 3)
Sbp(32, 1.5707963705062866, 0, -0, -2, 9.300000190734863, 4.100006103515625)
Sbp(32, 1.5707963705062866, -0, -3.1415927410125732, -2, 9.300000190734863, -0.100006103515625)
Sbp(32, 1.5707963705062866, -0, -3.1415927410125732, -2, 9.300000190734863, 11.899993896484375)
Sbp(32, 1.5707963705062866, 0, -0, -2, 9.300000190734863, -3.6999969482421875)
Sbp(32, 1.5707963705062866, -0, -3.1415927410125732, -2, 9.300000190734863, 7.899993896484375)
Sbp(32, 1.5707963705062866, 0, -0, -2, 9.300000190734863, 8.100006103515625)
Sbp(32, 1.5707963705062866, 0, -0, -2, 9.300000190734863, -3.899993896484375)
Sbp(32, -0, 0, -3.1415927410125732, 79, 36.900001525878906, 30)
Sbp(32, -3.1415927410125732, -1.5707963705062866, 0, 66, 42.5, 30)
Sbp(32, -3.1415927410125732, -1.5707963705062866, 0, 66, 38.10000228881836, 30)
Sbp(32, 0, 1.5707963705062866, 0, 88, 42.29999923706055, 30)
Sbp(32, -0, 0, -3.1415927410125732, 88, 37.900001525878906, 30)
Sbp(32, -0, 0, -3.1415927410125732, 79, 43.5, 30)
Sbp(32, 0, 1.5707963705062866, 0, 88, 42.5, 30)
Sbp(32, -3.1415927410125732, -1.5707963705062866, 0, 66, 37.900001525878906, 30)
Sbp(32, -3.1415927410125732, -1.5707963705062866, 0, 66, 42.29999923706055, 30)
Sbp(32, -0, 0, -3.1415927410125732, 75, 43.5, 30)
Sbp(32, -0, 0, -3.1415927410125732, 88, 38.10000228881836, 30)
Sbp(32, -0, 0, -3.1415927410125732, 75, 36.900001525878906, 30)
Sbp(34, 0, 1.5707963705062866, 0, 6, 2.200000047683716, 50)
Sbp(34, 0, 1.5707963705062866, 0, 6, 4.200000286102295, 46)
Sbp(34, 0, 1.5707963705062866, 0, 2, 2.200000047683716, 50)
Sbp(34, 0, 1.5707963705062866, 0, 2, 4.200000286102295, 46)
Sbp(35, -1.5707963705062866, -1.5707963705062866, 0, 71.5, 67.0999984741211, -63.100006103515625)
Sbp(35, 1.5707963705062866, 1.5707963705062866, 0, 72.5, 67.0999984741211, -0.899993896484375)
Sbp(35, 1.5707963705062866, 1.5707963705062866, 0, 71.5, 67.0999984741211, -0.899993896484375)
Sbp(35, -1.5707963705062866, -0, -0, -11, 6.599999904632568, -10.100006103515625)
Sbp(35, -1.5707963705062866, 0, -1.5707963705062866, 3.100006103515625, 6.599999904632568, -12)
Sbp(35, 1.5707963705062866, 0, -1.5707963705062866, 69.10000610351562, 0.6000000238418579, 13)
Sbp(35, 1.5707963705062866, 0, -1.5707963705062866, 69.10000610351562, 1.600000023841858, 13)
Sbp(35, 1.5707963705062866, 0, -0, 83, 0.6000000238418579, 11.100006103515625)
Sbp(35, 1.5707963705062866, 0, -0, 83, 1.600000023841858, 11.100006103515625)
Sbp(35, -1.5707963705062866, 0, -3.1415927410125732, 95, 0.6000000238418579, -20.899993896484375)
Sbp(35, -1.5707963705062866, 0, -3.1415927410125732, 95, 1.600000023841858, -20.899993896484375)
Sbp(35, -1.5707963705062866, -1.5707963705062866, 0, 72.5, 67.0999984741211, -63.100006103515625)
Sbp(36, -0, 0, -3.1415927410125732, 64, 41, -27.5)
Sbp(36, -0, 0, -3.1415927410125732, 64, 41, -36.5)
Sbp(36, -0, 0, -3.1415927410125732, 64, 41, -16.5)
Sbp(36, -0, 0, -3.1415927410125732, 64, 41, -47.5)
Sbp(36, -0, 0, -3.1415927410125732, 64, 41, -26.5)
Sbp(36, -0, 0, -3.1415927410125732, 64, 41, -6.5)
Sbp(36, -0, 0, -3.1415927410125732, 64, 41, -37.5)
Sbp(36, -0, 0, -3.1415927410125732, 64, 41, -46.5)
Sbp(36, -0, 0, -3.1415927410125732, 64, 41, -7.5)
Sbp(36, 0, 1.5707963705062866, 0, 71.5, 44.79999923706055, -59)
Sbp(36, 1.5707963705062866, 1.5707963705062866, 0, 71.5, 42.70000076293945, -59.899993896484375)
Sbp(36, -0, 0, -3.1415927410125732, 64, 41, -17.5)
Sbp(36, -1.5707963705062866, -0, -0, -26, 1.600000023841858, -28.100006103515625)
Sbp(36, 1.5707963705062866, 0, -1.5707963705062866, -48.899993896484375, 1.600000023841858, -51)
Sbp(36, -1.5707963705062866, 0, -1.5707963705062866, -48.899993896484375, 0.6000000238418579, -27)
Sbp(36, 1.5707963705062866, 0, -0, -26, 0.6000000238418579, -49.899993896484375)
Sbp(36, -1.5707963705062866, 0, 1.5707963705062866, -27.100006103515625, 1.600000023841858, -51)
Sbp(36, -0, 0, -0, 76, 43.29999923706055, 29.5)
Sbp(36, -0, 0, -0, 76, 43.29999923706055, 30.5)
Sbp(36, -3.1415927410125732, 0, -3.1415927410125732, 78, 43.29999923706055, 30.5)
Sbp(36, 0, 1.5707963705062866, 0, 52.5, 31.200000762939453, -70)
Sbp(36, -0, -1.5707963705062866, 0, 52.5, 39.20000076293945, -75)
Sbp(36, -0, -1.5707963705062866, 0, 89.5, 39.20000076293945, -75)
Sbp(36, 0, 1.5707963705062866, 0, 89.5, 39.20000076293945, -73)
Sbp(36, -0, 0, -3.1415927410125732, 78, 37.10000228881836, 29.5)
Sbp(36, -3.1415927410125732, 0, -0, 76, 37.10000228881836, 29.5)
Sbp(36, -3.1415927410125732, 0, -3.1415927410125732, 78, 43.29999923706055, 29.5)
Sbp(36, -3.1415927410125732, 0, -0, 76, 37.10000228881836, 30.5)
Sbp(36, -0, 0, -3.1415927410125732, 78, 37.10000228881836, 30.5)
Sbp(36, 0, 1.5707963705062866, 0, 52.5, 39.20000076293945, -73)
Sbp(36, -3.1415927410125732, 0, -1.5707963705062866, 85.10000610351562, 8.100000381469727, 64.5)
Sbp(36, -3.1415927410125732, 0, -1.5707963705062866, 85.10000610351562, 6.099999904632568, 72.5)
Sbp(36, 0, 0, 1.5707963705062866, 68.89999389648438, 6.099999904632568, 72.5)
Sbp(36, -3.1415927410125732, 0, -1.5707963705062866, 85.10000610351562, 4.099999904632568, 80.5)
Sbp(36, 0, 0, 1.5707963705062866, 68.89999389648438, 4.099999904632568, 80.5)
Sbp(36, -3.1415927410125732, -1.5707963705062866, 0, -7.5, 18, 31)
Sbp(36, -3.1415927410125732, -1.5707963705062866, 0, -8.5, 32, 23)
Sbp(36, -1.5707963705062866, 1.5707963705062866, 0, 15.5, 31.100000381469727, 11.899993896484375)
Sbp(36, 1.5707963705062866, -1.5707963705062866, 0, 15.5, 35.10000228881836, 13.100006103515625)
Sbp(36, 1.5707963705062866, 1.5707963705062866, 0, 15.5, 39.10000228881836, 13.100006103515625)
Sbp(36, 0, 1.5707963705062866, 0, 15.5, 31.200000762939453, 17)
Sbp(36, -0, -1.5707963705062866, 0, 15.5, 41.20000076293945, 27)
Sbp(36, 1.5707963705062866, 1.5707963705062866, 0, 15.5, 43.10000228881836, 26.100006103515625)
Sbp(36, 1.5707963705062866, 1.5707963705062866, 0, 15.5, 45.10000228881836, 23.100006103515625)
Sbp(36, -3.1415927410125732, -1.5707963705062866, 0, 15.5, 33, 11)
Sbp(36, -3.1415927410125732, -1.5707963705062866, 0, 15.5, 30, 13)
Sbp(36, -1.5707963705062866, 1.5707963705062866, 0, 15.5, 46.10000228881836, 21.899993896484375)
Sbp(36, 3.1415927410125732, 1.5707963705062866, 0, 15.5, 40, 10)
Sbp(36, -1.5707963705062866, -1.5707963705062866, 0, 15.5, 32.10000228881836, 11.899993896484375)
Sbp(36, -1.5707963705062866, 1.5707963705062866, 0, 15.5, 29, 14.899993896484375)
Sbp(36, 1.5707963705062866, -1.5707963705062866, 0, 15.5, 46.10000228881836, 16.100006103515625)
Sbp(36, 0, 1.5707963705062866, 0, 15.5, 41.20000076293945, 11)
Sbp(36, 1.5707963705062866, -1.5707963705062866, 0, 15.5, 46.10000228881836, 20.100006103515625)
Sbp(36, -3.1415927410125732, -1.5707963705062866, 0, 15.5, 40, 28)
Sbp(36, -3.1415927410125732, -1.5707963705062866, 0, 15.5, 36, 28)
Sbp(36, -1.5707963705062866, 1.5707963705062866, 0, 15.5, 35.10000228881836, 24.899993896484375)
Sbp(36, 3.1415927410125732, 1.5707963705062866, 0, 15.5, 30, 25)
Sbp(36, 1.5707963705062866, 1.5707963705062866, 0, 15.5, 28.100000381469727, 20.100006103515625)
Sbp(36, 1.5707963705062866, -1.5707963705062866, 0, 15.5, 31.100000381469727, 26.100006103515625)
Sbp(36, -0, -1.5707963705062866, 0, 15.5, 34.20000076293945, 10)
Sbp(36, -0, -1.5707963705062866, 0, 15.5, 38.20000076293945, 10)
Sbp(36, -0, -1.5707963705062866, 0, 15.5, 31.200000762939453, 21)
Sbp(36, -1.5707963705062866, -1.5707963705062866, 0, 15.5, 28.100000381469727, 17.899993896484375)
Sbp(36, 0, 1.5707963705062866, 0, 15.5, 34.20000076293945, 28)
Sbp(36, 3.1415927410125732, 1.5707963705062866, 0, 15.5, 33, 27)
Sbp(36, 3.1415927410125732, 1.5707963705062866, 0, 15.5, 36, 10)
Sbp(36, -1.5707963705062866, -1.5707963705062866, 0, 15.5, 28.100000381469727, 21.899993896484375)
Sbp(36, -1.5707963705062866, -1.5707963705062866, 0, 15.5, 43.10000228881836, 11.899993896484375)
Sbp(36, -1.5707963705062866, 1.5707963705062866, 0, 15.5, 46.10000228881836, 17.899993896484375)
Sbp(36, 1.5707963705062866, 1.5707963705062866, 0, 15.5, 28.100000381469727, 16.100006103515625)
Sbp(36, -0, -1.5707963705062866, 0, 15.5, 44.20000076293945, 25)
Sbp(36, 0, 1.5707963705062866, 0, 15.5, 38.20000076293945, 28)
Sbp(36, 0, 0, 1.5707963705062866, 68.89999389648438, 16.100000381469727, 32.5)
Sbp(36, 0, 0, 1.5707963705062866, 68.89999389648438, 12.100000381469727, 48.5)
Sbp(36, 0, 0, 1.5707963705062866, 68.89999389648438, 10.100000381469727, 56.5)
Sbp(36, 0, 0, 1.5707963705062866, 68.89999389648438, 14.100000381469727, 40.5)
Sbp(36, -3.1415927410125732, 0, -1.5707963705062866, 85.10000610351562, 22.100000381469727, 8.5)
Sbp(36, -0, -0, -1.5707963705062866, 85.10000610351562, 7.099999904632568, 96.5)
Sbp(36, -3.1415927410125732, -1.5707963705062866, 0, 71.5, 37.60000228881836, -55)
Sbp(36, -1.5707963705062866, -1.5707963705062866, 0, 71.5, 42.70000076293945, -53.100006103515625)
Sbp(36, -0, -1.5707963705062866, 0, 71.5, 41.79999923706055, -61)
Sbp(36, 0, 1.5707963705062866, 0, 71.5, 41.79999923706055, -52)
Sbp(36, -1.5707963705062866, 1.5707963705062866, 0, 71.5, 42.70000076293945, -60.100006103515625)
Sbp(36, -3.1415927410125732, -1.5707963705062866, 0, 77.5, 48, 30)
Sbp(36, -1.5707963705062866, 1.5707963705062866, 0, 76.5, 51.10000228881836, 31.899993896484375)
Sbp(36, -1.5707963705062866, -1.5707963705062866, 0, 77.5, 53.10000228881836, 31.899993896484375)
Sbp(36, 0, 1.5707963705062866, 0, 76.5, 54.20000076293945, 31)
Sbp(36, 0, 1.5707963705062866, 0, 77.5, 54.20000076293945, 31)
Sbp(36, -0, -1.5707963705062866, 0, 71.5, 44.79999923706055, -54)
Sbp(36, -3.1415927410125732, 0, -1.5707963705062866, 85.10000610351562, 20.100000381469727, 16.5)
Sbp(36, -1.5707963705062866, -1.5707963705062866, 0, 76.5, 53.10000228881836, 31.899993896484375)
Sbp(36, -0, -1.5707963705062866, 0, 76.5, 54.20000076293945, 29)
Sbp(36, -1.5707963705062866, 1.5707963705062866, 0, 77.5, 51.10000228881836, 31.899993896484375)
Sbp(36, 1.5707963705062866, 1.5707963705062866, 0, 77.5, 50.10000228881836, 32.100006103515625)
Sbp(36, -3.1415927410125732, -1.5707963705062866, 0, 76.5, 48, 30)
Sbp(36, -0, -1.5707963705062866, 0, 77.5, 54.20000076293945, 29)
Sbp(36, -0, -1.5707963705062866, 0, 77.5, 49.20000076293945, 30)
Sbp(36, -0, -1.5707963705062866, 0, 76.5, 49.20000076293945, 30)
Sbp(36, 1.5707963705062866, 1.5707963705062866, 0, 76.5, 50.10000228881836, 32.100006103515625)
Sbp(36, 0, 0, 1.5707963705062866, 68.89999389648438, 22.100000381469727, 8.5)
Sbp(36, 0, 0, 1.5707963705062866, 68.89999389648438, 18.100000381469727, 24.5)
Sbp(36, -3.1415927410125732, 0, -1.5707963705062866, 85.10000610351562, 18.100000381469727, 24.5)
Sbp(36, -3.1415927410125732, 0, -1.5707963705062866, 85.10000610351562, 16.100000381469727, 32.5)
Sbp(36, -3.1415927410125732, 0, -1.5707963705062866, 85.10000610351562, 12.100000381469727, 48.5)
Sbp(36, -3.1415927410125732, 0, -1.5707963705062866, 85.10000610351562, 14.100000381469727, 40.5)
Sbp(36, -3.1415927410125732, 0, -1.5707963705062866, 85.10000610351562, 10.100000381469727, 56.5)
Sbp(36, 0, 0, 1.5707963705062866, 68.89999389648438, 8.100000381469727, 64.5)
Sbp(36, 1.5707963705062866, 1.5707963705062866, 0, 2.5, 52.10000228881836, 41.100006103515625)
Sbp(36, 1.5707963705062866, 1.5707963705062866, 0, -0.5, 52.10000228881836, 41.100006103515625)
Sbp(36, -0, 0, -0, -3, 11.800000190734863, 0.5)
Sbp(36, 1.5707963705062866, -1.5707963705062866, 0, 15.5, 29.100000381469727, 23.100006103515625)
Sbp(36, 0, 1.5707963705062866, 0, 15.5, 44.20000076293945, 13)
Sbp(36, -3.1415927410125732, 0, -1.5707963705062866, 13.100006103515625, 5.099999904632568, -5.5)
Sbp(36, 0, 0, 1.5707963705062866, -15.100006103515625, 5.099999904632568, 14.5)
Sbp(36, 0, 0, 1.5707963705062866, -15.100006103515625, 5.099999904632568, -5.5)
Sbp(36, -1.5707963705062866, -0, -0, -8, 7.599999904632568, -11.100006103515625)
Sbp(36, 1.5707963705062866, -0, -3.1415927410125732, 2, 7.599999904632568, -11.100006103515625)
Sbp(36, 1.5707963705062866, 0, 1.5707963705062866, -12.100006103515625, 7.599999904632568, -4)
Sbp(36, 0, 0, 1.5707963705062866, -15.100006103515625, 5.099999904632568, -6.5)
Sbp(36, 1.5707963705062866, 1.5707963705062866, 0, -7.5, 5.099999904632568, 16.100006103515625)
Sbp(36, 0, 0, 1.5707963705062866, -15.100006103515625, 5.099999904632568, 13.5)
Sbp(36, -1.5707963705062866, -1.5707963705062866, 0, -13.5, 5.099999904632568, -8.100006103515625)
Sbp(36, -1.5707963705062866, -1.5707963705062866, 0, 11.5, 5.099999904632568, -8.100006103515625)
Sbp(36, -1.5707963705062866, -1.5707963705062866, 0, -12.5, 5.099999904632568, -8.100006103515625)
Sbp(36, 1.5707963705062866, 1.5707963705062866, 0, -13.5, 5.099999904632568, 16.100006103515625)
Sbp(36, -3.1415927410125732, 0, -1.5707963705062866, 13.100006103515625, 5.099999904632568, -6.5)
Sbp(36, 1.5707963705062866, 1.5707963705062866, 0, -6.5, 5.099999904632568, 16.100006103515625)
Sbp(36, -3.1415927410125732, 0, -1.5707963705062866, 13.100006103515625, 5.099999904632568, 40.5)
Sbp(36, 0, 0, 1.5707963705062866, -5.100006103515625, 5.099999904632568, 18.5)
Sbp(36, -1.5707963705062866, -1.5707963705062866, 0, 10.5, 5.099999904632568, -8.100006103515625)
Sbp(36, 0, 0, 1.5707963705062866, -5.100006103515625, 5.099999904632568, 17.5)
Sbp(36, 1.5707963705062866, 1.5707963705062866, 0, -12.5, 5.099999904632568, 16.100006103515625)
Sbp(36, -3.1415927410125732, 0, -1.5707963705062866, 13.100006103515625, 5.099999904632568, 39.5)
Sbp(36, -3.1415927410125732, 0, -0, 6, 22, 39.5)
Sbp(36, 0, 0, 1.5707963705062866, -1.100006103515625, 18.100000381469727, -10.5)
Sbp(36, 1.5707963705062866, 0, 1.5707963705062866, -11.100006103515625, 25.600000381469727, -4)
Sbp(36, 1.5707963705062866, 0, 1.5707963705062866, -11.100006103515625, 24.600000381469727, -4)
Sbp(36, 3.1415927410125732, 1.5707963705062866, 0, -11.5, 24, 5)
Sbp(36, -3.1415927410125732, -1.5707963705062866, 0, -11.5, 24, 2)
Sbp(36, 1.5707963705062866, 1.5707963705062866, 0, -11.5, 22.100000381469727, 0.100006103515625)
Sbp(36, -1.5707963705062866, -1.5707963705062866, 0, -11.5, 22.100000381469727, 6.899993896484375)
Sbp(36, -3.1415927410125732, 0, -1.5707963705062866, -4.899993896484375, 18.100000381469727, -10.5)
Sbp(36, -0, 0, -3.1415927410125732, 2, 22, 39.5)
Sbp(36, 1.5707963705062866, 1.5707963705062866, 0, -2.5, 20.100000381469727, 29.100006103515625)
Sbp(36, -1.5707963705062866, -1.5707963705062866, 0, -2.5, 20.100000381469727, 32.899993896484375)
Sbp(36, 3.1415927410125732, 1.5707963705062866, 0, 12.5, 49, 35)
Sbp(36, 1.5707963705062866, 1.5707963705062866, 0, 12.5, 47.10000228881836, -2.899993896484375)
Sbp(36, -1.5707963705062866, -1.5707963705062866, 0, 12.5, 47.10000228881836, 36.899993896484375)
Sbp(36, -3.1415927410125732, -1.5707963705062866, 0, 12.5, 49, 31)
Sbp(36, 1.5707963705062866, 1.5707963705062866, 0, 12.5, 47.10000228881836, 29.100006103515625)
Sbp(36, -3.1415927410125732, -1.5707963705062866, 0, 12.5, 49, -1)
Sbp(36, 3.1415927410125732, 1.5707963705062866, 0, -12.5, 47, -0)
Sbp(36, -1.5707963705062866, -1.5707963705062866, 0, 12.5, 47.10000228881836, 4.899993896484375)
Sbp(36, 3.1415927410125732, 1.5707963705062866, 0, 12.5, 49, 3)
Sbp(36, 1.5707963705062866, 1.5707963705062866, 0, -2.5, 20.100000381469727, 19.100006103515625)
Sbp(36, -0, -0, -1.5707963705062866, -25.899993896484375, 74.0999984741211, 2.5)
Sbp(36, -1.5707963705062866, -1.5707963705062866, 0, -12.5, 45.10000228881836, 1.899993896484375)
Sbp(36, 1.5707963705062866, 1.5707963705062866, 0, -12.5, 45.10000228881836, -4.899993896484375)
Sbp(36, 0, 0, 1.5707963705062866, -13.100006103515625, 31.100000381469727, 7.5)
Sbp(36, -3.1415927410125732, -1.5707963705062866, 0, -12.5, 47, 8)
Sbp(36, -3.1415927410125732, 0, -3.1415927410125732, -25, 73.20000457763672, 2.5)
Sbp(36, -1.5707963705062866, -1.5707963705062866, 0, -2.5, 20.100000381469727, 22.899993896484375)
Sbp(36, -3.1415927410125732, 0, -3.1415927410125732, -25, 73.20000457763672, 3.5)
Sbp(36, -3.1415927410125732, 0, -3.1415927410125732, -23, 73.20000457763672, 2.5)
Sbp(36, -3.1415927410125732, 0, -3.1415927410125732, -23, 73.20000457763672, 3.5)
Sbp(36, -3.1415927410125732, 0, -0, -27, 72, 3.5)
Sbp(36, -0, -0, -1.5707963705062866, -25.899993896484375, 74.0999984741211, 3.5)
Sbp(36, 0, 1.5707963705062866, 0, 3.5, 72.20000457763672, 49)
Sbp(36, -1.5707963705062866, 1.5707963705062866, 0, 3.5, 69.0999984741211, 49.899993896484375)
Sbp(36, 0, 1.5707963705062866, 0, 4.5, 72.20000457763672, 49)
Sbp(36, 1.5707963705062866, 1.5707963705062866, 0, 3.5, 68.0999984741211, 50.100006103515625)
Sbp(36, -3.1415927410125732, -1.5707963705062866, 0, 4.5, 66, 48)
Sbp(36, -0, -1.5707963705062866, 0, 3.5, 72.20000457763672, 47)
Sbp(36, 1.5707963705062866, 1.5707963705062866, 0, 4.5, 68.0999984741211, 50.100006103515625)
Sbp(36, -3.1415927410125732, -1.5707963705062866, 0, 3.5, 66, 48)
Sbp(36, -1.5707963705062866, 1.5707963705062866, 0, 4.5, 69.0999984741211, 49.899993896484375)
Sbp(36, -0, -1.5707963705062866, 0, 4.5, 72.20000457763672, 47)
Sbp(36, -0, -1.5707963705062866, 0, 3.5, 67.20000457763672, 48)
Sbp(36, 0, 0, 1.5707963705062866, -13.100006103515625, 31.100000381469727, 0.5)
Sbp(36, 0, 0, 1.5707963705062866, -13.100006103515625, 31.100000381469727, -3.5)
Sbp(36, 0, 0, 1.5707963705062866, -13.100006103515625, 31.100000381469727, 11.5)
Sbp(36, -1.5707963705062866, -1.5707963705062866, 0, -12.5, 45.10000228881836, 12.899993896484375)
Sbp(36, 3.1415927410125732, 1.5707963705062866, 0, -12.5, 47, 11)
Sbp(36, 1.5707963705062866, 1.5707963705062866, 0, -12.5, 45.10000228881836, 6.100006103515625)
Sbp(36, -3.1415927410125732, -1.5707963705062866, 0, -12.5, 47, -3)
Sbp(36, 1.5707963705062866, 1.5707963705062866, 0, 8.5, 52.10000228881836, 41.100006103515625)
Sbp(36, -0, -1.5707963705062866, 0, -7.5, 30.200000762939453, 41)
Sbp(36, 0, 1.5707963705062866, 0, -7.5, 18.200000762939453, 34)
Sbp(36, -1.5707963705062866, 1.5707963705062866, 0, -7.5, 22.100000381469727, 41.899993896484375)
Sbp(36, 1.5707963705062866, 1.5707963705062866, 0, -7.5, 26.100000381469727, 30.100006103515625)
Sbp(36, 1.5707963705062866, -1.5707963705062866, 0, -7.5, 22.100000381469727, 30.100006103515625)
Sbp(36, 3.1415927410125732, 1.5707963705062866, 0, -7.5, 30, 38)
Sbp(36, -0, -1.5707963705062866, 0, -7.5, 18.200000762939453, 38)
Sbp(36, -3.1415927410125732, -1.5707963705062866, 0, -7.5, 30, 34)
Sbp(36, -1.5707963705062866, -1.5707963705062866, 0, -7.5, 29.100000381469727, 29.899993896484375)
Sbp(36, -1.5707963705062866, 1.5707963705062866, 0, -7.5, 19.100000381469727, 29.899993896484375)
Sbp(36, 0, 1.5707963705062866, 0, -8.5, 32.20000076293945, 26)
Sbp(36, 1.5707963705062866, -1.5707963705062866, 0, -8.5, 36.10000228881836, 22.100006103515625)
Sbp(36, -1.5707963705062866, -1.5707963705062866, 0, -8.5, 40.10000228881836, 33.899993896484375)
Sbp(36, -1.5707963705062866, 1.5707963705062866, 0, -8.5, 36.10000228881836, 33.899993896484375)
Sbp(36, -3.1415927410125732, -1.5707963705062866, 0, -8.5, 44, 26)
Sbp(36, 0, 1.5707963705062866, 0, -8.5, 44.20000076293945, 23)
Sbp(36, 1.5707963705062866, 1.5707963705062866, 0, 5.5, 52.10000228881836, 41.100006103515625)
Sbp(36, 1.5707963705062866, 1.5707963705062866, 0, -8.5, 40.10000228881836, 22.100006103515625)
Sbp(36, -0, -1.5707963705062866, 0, -8.5, 32.20000076293945, 30)
Sbp(36, 3.1415927410125732, 1.5707963705062866, 0, -8.5, 44, 30)
Sbp(36, 1.5707963705062866, -1.5707963705062866, 0, -8.5, 33.10000228881836, 34.100006103515625)
Sbp(36, -1.5707963705062866, -1.5707963705062866, 0, -8.5, 43.10000228881836, 21.899993896484375)
Sbp(36, -1.5707963705062866, 0, -1.5707963705062866, 2.100006103515625, 26.600000381469727, -11)
Sbp(36, 1.5707963705062866, 0, 1.5707963705062866, -8.100006103515625, 27.600000381469727, -11)
Sbp(36, -1.5707963705062866, 1.5707963705062866, 0, -8.5, 33.10000228881836, 21.899993896484375)
Sbp(36, 3.1415927410125732, 1.5707963705062866, 0, -8.5, 32, 33)
Sbp(36, -0, -1.5707963705062866, 0, -8.5, 44.20000076293945, 33)
Sbp(36, -3.1415927410125732, 0, -0, -27, 72, 2.5)
Sbp(36, 1.5707963705062866, 1.5707963705062866, 0, -8.5, 43.10000228881836, 34.100006103515625)
Sbp(36, 1.5707963705062866, 1.5707963705062866, 0, -7.5, 29.100000381469727, 42.100006103515625)
Sbp(36, -1.5707963705062866, -1.5707963705062866, 0, 1.5, 21.100000381469727, -11.100006103515625)
Sbp(36, 1.5707963705062866, 0, 1.5707963705062866, -8.100006103515625, 26.600000381469727, -11)
Sbp(36, -1.5707963705062866, -1.5707963705062866, 0, -7.5, 21.100000381469727, -11.100006103515625)
Sbp(36, -1.5707963705062866, 0, -1.5707963705062866, 2.100006103515625, 27.600000381469727, -11)
Sbp(36, -1.5707963705062866, 0, -1.5707963705062866, 2.100006103515625, 28.600000381469727, -11)
Sbp(36, 1.5707963705062866, 0, 1.5707963705062866, -8.100006103515625, 28.600000381469727, -11)
Sbp(36, -0, -1.5707963705062866, 0, 4.5, 67.20000457763672, 48)
Sbp(36, 3.1415927410125732, 1.5707963705062866, 0, -7.5, 18, 41)
Sbp(36, 0, 1.5707963705062866, 0, -7.5, 30.200000762939453, 31)
Sbp(36, -1.5707963705062866, -1.5707963705062866, 0, -7.5, 26.100000381469727, 41.899993896484375)
Sbp(36, 1.5707963705062866, -1.5707963705062866, 0, -7.5, 19.100000381469727, 42.100006103515625)
Sbp(36, 1.5707963705062866, 1.5707963705062866, 0, 6.5, 31.100000381469727, 41.100006103515625)
Sbp(36, 1.5707963705062866, 1.5707963705062866, 0, 15.5, 32.10000228881836, 26.100006103515625)
Sbp(36, -1.5707963705062866, -1.5707963705062866, 0, 15.5, 45.10000228881836, 14.899993896484375)
Sbp(36, 0, 0, 1.5707963705062866, -2.100006103515625, 47.10000228881836, -12.5)
Sbp(36, -3.1415927410125732, 0, -1.5707963705062866, -3.899993896484375, 47.10000228881836, -12.5)
Sbp(36, -0, -0, -1.5707963705062866, -2.899993896484375, 53.10000228881836, -12.5)
Sbp(36, 3.1415927410125732, -0, 1.5707963705062866, -3.100006103515625, 53.10000228881836, -12.5)
Sbp(36, -3.1415927410125732, -1.5707963705062866, 0, 15.5, 43, 17)
Sbp(36, 3.1415927410125732, 1.5707963705062866, 0, 15.5, 30, 14)
Sbp(36, -1.5707963705062866, -1.5707963705062866, 0, 15.5, 39.10000228881836, 24.899993896484375)
Sbp(36, -1.5707963705062866, 1.5707963705062866, 0, 15.5, 42.10000228881836, 11.899993896484375)
Sbp(36, -3.1415927410125732, -1.5707963705062866, 0, 15.5, 30, 24)
Sbp(36, 0, 1.5707963705062866, 0, 15.5, 44.20000076293945, 24)
Sbp(36, -0, -1.5707963705062866, 0, 15.5, 44.20000076293945, 14)
Sbp(36, 1.5707963705062866, 1.5707963705062866, 0, 1.5, 31.100000381469727, 41.100006103515625)
Sbp(36, -0, 0, -0, -3, 11.800000190734863, 1.5)
Sbp(36, 3.1415927410125732, 1.5707963705062866, 0, 15.5, 43, 21)
Sbp(36, 1.5707963705062866, -1.5707963705062866, 0, 15.5, 42.10000228881836, 26.100006103515625)
Sbp(36, 0, 0, 1.5707963705062866, 68.89999389648438, 20.100000381469727, 16.5)
Sbp(36, 3.1415927410125732, -0, 1.5707963705062866, 68.89999389648438, 7.099999904632568, 96.5)
Sbp(36, -1.5707963705062866, 1.5707963705062866, 0, 77.5, 29.700000762939453, -62.100006103515625)
Sbp(36, -1.5707963705062866, 1.5707963705062866, 0, 76.5, 29.700000762939453, -62.100006103515625)
Sbp(36, 0, 1.5707963705062866, 0, 71.5, 44.79999923706055, -55)
Sbp(36, 0, 1.5707963705062866, 0, 71.5, 37.79999923706055, -58)
Sbp(36, -1.5707963705062866, -1.5707963705062866, 0, 71.5, 39.70000076293945, -60.100006103515625)
Sbp(36, 1.5707963705062866, 1.5707963705062866, 0, 71.5, 43.70000076293945, -52.899993896484375)
Sbp(36, 3.1415927410125732, 1.5707963705062866, 0, 71.5, 40.60000228881836, -61)
Sbp(36, 1.5707963705062866, -1.5707963705062866, 0, 71.5, 45.70000076293945, -55.899993896484375)
Sbp(36, -1.5707963705062866, 1.5707963705062866, 0, 71.5, 45.70000076293945, -57.100006103515625)
Sbp(36, -1.5707963705062866, -1.5707963705062866, 0, 71.5, 36.70000076293945, -57.100006103515625)
Sbp(36, -3.1415927410125732, -1.5707963705062866, 0, 71.5, 40.60000228881836, -52)
Sbp(36, -1.5707963705062866, 1.5707963705062866, 0, 71.5, 38.70000076293945, -60.100006103515625)
Sbp(36, -3.1415927410125732, -1.5707963705062866, 0, 71.5, 37.60000228881836, -59)
Sbp(36, -0, -1.5707963705062866, 0, 71.5, 37.79999923706055, -55)
Sbp(36, -1.5707963705062866, 1.5707963705062866, 0, 71.5, 39.70000076293945, -53.100006103515625)
Sbp(36, 1.5707963705062866, 1.5707963705062866, 0, 71.5, 39.70000076293945, -52.899993896484375)
Sbp(36, 1.5707963705062866, -1.5707963705062866, 0, 71.5, 42.70000076293945, -52.899993896484375)
Sbp(36, 3.1415927410125732, 1.5707963705062866, 0, 71.5, 37.60000228881836, -54)
Sbp(36, -0, -1.5707963705062866, 0, 71.5, 44.79999923706055, -58)
Sbp(36, -1.5707963705062866, -1.5707963705062866, 0, 71.5, 43.70000076293945, -60.100006103515625)
Sbp(36, 3.1415927410125732, 1.5707963705062866, 0, 71.5, 37.60000228881836, -58)
Sbp(36, 3.1415927410125732, 1.5707963705062866, 0, 71.5, 44.60000228881836, -55)
Sbp(36, -3.1415927410125732, -1.5707963705062866, 0, 71.5, 44.60000228881836, -58)
Sbp(36, 1.5707963705062866, -1.5707963705062866, 0, 71.5, 39.70000076293945, -59.899993896484375)
Sbp(36, 1.5707963705062866, -1.5707963705062866, 0, 71.5, 38.70000076293945, -52.899993896484375)
Sbp(36, -1.5707963705062866, 0, -1.5707963705062866, -48.899993896484375, 1.600000023841858, -27)
Sbp(36, -1.5707963705062866, 0, -3.1415927410125732, -50, 1.600000023841858, -49.899993896484375)
Sbp(36, -1.5707963705062866, 0, -3.1415927410125732, -50, 0.6000000238418579, -49.899993896484375)
Sbp(36, 1.5707963705062866, -0, -3.1415927410125732, -50, 1.600000023841858, -28.100006103515625)
Sbp(36, 1.5707963705062866, 0, -1.5707963705062866, -48.899993896484375, 0.6000000238418579, -51)
Sbp(36, -1.5707963705062866, 0, 1.5707963705062866, -27.100006103515625, 0.6000000238418579, -51)
Sbp(36, 1.5707963705062866, 0, -0, -26, 1.600000023841858, -49.899993896484375)
Sbp(36, 1.5707963705062866, -0, -3.1415927410125732, -50, 0.6000000238418579, -28.100006103515625)
Sbp(36, 1.5707963705062866, 0, 1.5707963705062866, -27.100006103515625, 1.600000023841858, -27)
Sbp(36, -1.5707963705062866, -0, -0, -26, 0.6000000238418579, -28.100006103515625)
Sbp(36, 1.5707963705062866, 0, 1.5707963705062866, -27.100006103515625, 0.6000000238418579, -27)
Sbp(36, 1.5707963705062866, 1.5707963705062866, 0, 71.5, 36.70000076293945, -55.899993896484375)
Sbp(37, 3.1415927410125732, 1.5707963705062866, 0, 52.5, 32, -75)
Sbp(37, 1.5707963705062866, 1.5707963705062866, 0, 77.5, 44.10000228881836, 15.100006103515625)
Sbp(37, 0, 1.5707963705062866, 0, 77.5, 50.20000076293945, 23)
Sbp(37, 3.1415927410125732, 1.5707963705062866, 0, 77.5, 48, 27)
Sbp(37, 0, 1.5707963705062866, 0, 76.5, 50.20000076293945, 23)
Sbp(37, 3.1415927410125732, 1.5707963705062866, 0, 76.5, 48, 27)
Sbp(37, 1.5707963705062866, 1.5707963705062866, 0, 76.5, 44.10000228881836, 15.100006103515625)
Sbp(37, -1.5707963705062866, 1.5707963705062866, 0, 76.5, 32.70000076293945, -61.100006103515625)
Sbp(37, -3.1415927410125732, 0, -1.5707963705062866, 12.100006103515625, 24.100000381469727, 27.5)
Sbp(37, 3.1415927410125732, 1.5707963705062866, 0, 4.5, 67, 9)
Sbp(37, 3.1415927410125732, 1.5707963705062866, 0, 3.5, 67, 9)
Sbp(37, 0, 1.5707963705062866, 0, 3.5, 69.20000457763672, 9)
Sbp(37, 3.1415927410125732, 1.5707963705062866, 0, 3.5, 66, 45)
Sbp(37, 0, 1.5707963705062866, 0, 3.5, 68.20000457763672, 41)
Sbp(37, 0, 1.5707963705062866, 0, 4.5, 68.20000457763672, 41)
Sbp(37, 3.1415927410125732, 1.5707963705062866, 0, 4.5, 66, 45)
Sbp(37, 0, 1.5707963705062866, 0, 4.5, 69.20000457763672, 9)
Sbp(37, -1.5707963705062866, 1.5707963705062866, 0, 77.5, 32.70000076293945, -61.100006103515625)
Sbp(37, 0, 0, 1.5707963705062866, 87.89999389648438, 42.10000228881836, -3.5)
Sbp(37, -3.1415927410125732, 0, -1.5707963705062866, 66.10000610351562, 42.10000228881836, -3.5)
Sbp(38, 1.5707963705062866, 1.5707963705062866, 0, 40.5, 7.800000190734863, 54.100006103515625)
Sbp(38, -1.5707963705062866, -1.5707963705062866, 0, 40.5, 7.800000190734863, 51.899993896484375)
Sbp(38, -1.5707963705062866, -1.5707963705062866, 0, 27.5, 7.800000190734863, 51.899993896484375)
Sbp(38, 1.5707963705062866, 1.5707963705062866, 0, 27.5, 7.800000190734863, 54.100006103515625)
Sbp(38, 1.5707963705062866, 1.5707963705062866, 0, 40.5, 7.800000190734863, 38.100006103515625)
Sbp(38, 0, 1.5707963705062866, 0, 77.5, 49.20000076293945, 26.5)
Sbp(38, 0, 1.5707963705062866, 0, 76.5, 49.20000076293945, 26.5)
Sbp(38, -0, 0, -0, 1.5, 68.20000457763672, 19.5)
Sbp(38, -0, 0, -3.1415927410125732, 1.5, 68, 18.5)
Sbp(38, -0, -1.5707963705062866, 0, -0.5, 66.20000457763672, 16.5)
Sbp(38, -0, -1.5707963705062866, 0, -0.5, 66.20000457763672, 28.5)
Sbp(38, 3.1415927410125732, 1.5707963705062866, 0, -2.5, 20, 44.5)
Sbp(38, 3.1415927410125732, 1.5707963705062866, 0, 10.5, 20, 44.5)
Sbp(38, -0, 0, -3.1415927410125732, -15.5, 51, -5.5)
Sbp(38, -0, 0, -3.1415927410125732, -15.5, 51, 13.5)
Sbp(38, -0, 0, -3.1415927410125732, 1.5, 68, 31.5)
Sbp(38, -0, 0, -3.1415927410125732, 1.5, 68, 30.5)
Sbp(38, -0, 0, -3.1415927410125732, 1.5, 68, 19.5)
Sbp(38, -0, 0, -0, 1.5, 68.20000457763672, 18.5)
Sbp(38, 1.5707963705062866, 0, 1.5707963705062866, -9.100006103515625, 7.599999904632568, -9.5)
Sbp(38, -0, 0, -0, 1.5, 68.20000457763672, 30.5)
Sbp(38, -1.5707963705062866, 0, 1.5707963705062866, -12.100006103515625, 7.599999904632568, 11.5)
Sbp(38, -1.5707963705062866, 0, -1.5707963705062866, 3.100006103515625, 7.599999904632568, -9.5)
Sbp(38, -1.5707963705062866, 0, 1.5707963705062866, -11.100006103515625, 25.600000381469727, 11.5)
Sbp(38, -1.5707963705062866, 0, 1.5707963705062866, -11.100006103515625, 24.600000381469727, 11.5)
Sbp(38, 0, 1.5707963705062866, 0, 4.5, 67.20000457763672, 44.5)
Sbp(38, 0, 1.5707963705062866, 0, 3.5, 67.20000457763672, 44.5)
Sbp(38, 0, 1.5707963705062866, 0, -0.5, 66.20000457763672, 21.5)
Sbp(38, 0, 1.5707963705062866, 0, -0.5, 66.20000457763672, 33.5)
Sbp(38, -0, 0, -0, 1.5, 68.20000457763672, 31.5)
Sbp(38, -1.5707963705062866, 1.5707963705062866, 0, 15.5, 39.60000228881836, 10.899993896484375)
Sbp(38, 0, 1.5707963705062866, 0, 15.5, 45.20000076293945, 21.5)
Sbp(38, 1.5707963705062866, -1.5707963705062866, 0, 15.5, 39.60000228881836, 27.100006103515625)
Sbp(38, -3.1415927410125732, -1.5707963705062866, 0, 15.5, 29, 21.5)
Sbp(38, -3.1415927410125732, 0, -1.5707963705062866, 12.100006103515625, 24.600000381469727, -0.5)
Sbp(38, 1.5707963705062866, 1.5707963705062866, 0, 15.5, 34.60000228881836, 27.100006103515625)
Sbp(38, -0, -1.5707963705062866, 0, 15.5, 45.20000076293945, 16.5)
Sbp(38, -1.5707963705062866, -1.5707963705062866, 0, 15.5, 34.60000228881836, 10.899993896484375)
Sbp(38, 3.1415927410125732, 1.5707963705062866, 0, 15.5, 29, 16.5)
Sbp(38, 1.5707963705062866, 1.5707963705062866, 0, 27.5, 7.800000190734863, 38.100006103515625)
Sbp(38, -1.5707963705062866, -1.5707963705062866, 0, 40.5, 7.800000190734863, 35.899993896484375)
Sbp(38, -1.5707963705062866, -1.5707963705062866, 0, 27.5, 7.800000190734863, 35.899993896484375)
Sbp(38, 3.1415927410125732, -0, 1.5707963705062866, 88.89999389648438, 43.60000228881836, -44.5)
Sbp(38, 3.1415927410125732, -0, 1.5707963705062866, 88.89999389648438, 43.60000228881836, -38.5)
Sbp(38, 3.1415927410125732, -0, 1.5707963705062866, 88.89999389648438, 43.60000228881836, -32.5)
Sbp(38, 3.1415927410125732, -0, 1.5707963705062866, 88.89999389648438, 43.60000228881836, -53.5)
Sbp(38, 3.1415927410125732, -0, 1.5707963705062866, 88.89999389648438, 43.60000228881836, -50.5)
Sbp(38, 3.1415927410125732, -0, 1.5707963705062866, 88.89999389648438, 43.60000228881836, -14.5)
Sbp(38, 3.1415927410125732, -0, 1.5707963705062866, 88.89999389648438, 43.60000228881836, -17.5)
Sbp(38, 3.1415927410125732, -0, 1.5707963705062866, 88.89999389648438, 43.60000228881836, -23.5)
Sbp(38, 3.1415927410125732, -0, 1.5707963705062866, 88.89999389648438, 43.60000228881836, -59.5)
Sbp(38, 3.1415927410125732, -0, 1.5707963705062866, 88.89999389648438, 43.60000228881836, -47.5)
Sbp(38, 3.1415927410125732, -0, 1.5707963705062866, 88.89999389648438, 43.60000228881836, -11.5)
Sbp(38, 3.1415927410125732, -0, 1.5707963705062866, 88.89999389648438, 43.60000228881836, -26.5)
Sbp(38, 3.1415927410125732, -0, 1.5707963705062866, 88.89999389648438, 43.60000228881836, -20.5)
Sbp(38, 3.1415927410125732, -0, 1.5707963705062866, 88.89999389648438, 43.60000228881836, -8.5)
Sbp(38, 3.1415927410125732, -0, 1.5707963705062866, 88.89999389648438, 43.60000228881836, -35.5)
Sbp(38, 3.1415927410125732, -0, 1.5707963705062866, 88.89999389648438, 43.60000228881836, -29.5)
Sbp(38, 3.1415927410125732, -0, 1.5707963705062866, 88.89999389648438, 43.60000228881836, -41.5)
Sbp(38, 3.1415927410125732, -0, 1.5707963705062866, 88.89999389648438, 43.60000228881836, -56.5)
Sbp(38, 3.1415927410125732, -0, 1.5707963705062866, 88.89999389648438, 43.60000228881836, -5.5)
Sbp(50, 0, 1.5707963705062866, 0, 40.5, 9.199999809265137, 52.5)
Sbp(50, 0, 1.5707963705062866, 0, 27.5, 9.199999809265137, 53.5)
Sbp(50, 0, 1.5707963705062866, 0, 27.5, 9.199999809265137, 52.5)
Sbp(50, 0, 1.5707963705062866, 0, 40.5, 9.199999809265137, 53.5)
Sbp(50, 0, 1.5707963705062866, 0, 40.5, 9.199999809265137, 36.5)
Sbp(50, -1.5707963705062866, 0, -1.5707963705062866, 59.100006103515625, 40.60000228881836, 1.5)
Sbp(50, -1.5707963705062866, 0, -3.1415927410125732, 58.5, 40.60000228881836, 2.100006103515625)
Sbp(50, -1.5707963705062866, 0, 1.5707963705062866, 57.899993896484375, 40.60000228881836, 1.5)
Sbp(50, -1.5707963705062866, -0, -0, 58.5, 40.60000228881836, 0.899993896484375)
Sbp(50, -1.5707963705062866, 0, 1.5707963705062866, 81.89999389648438, 46.20000076293945, -56.5)
Sbp(50, -1.5707963705062866, 0, -3.1415927410125732, 82.5, 46.20000076293945, -57.100006103515625)
Sbp(50, -1.5707963705062866, 0, -1.5707963705062866, 83.10000610351562, 46.20000076293945, -56.5)
Sbp(50, -1.5707963705062866, 0, -3.1415927410125732, 82.5, 46.20000076293945, -55.899993896484375)
Sbp(50, -3.1415927410125732, 0, -1.5707963705062866, -1.899993896484375, 12.199999809265137, 0.5)
Sbp(50, 3.1415927410125732, -0, 1.5707963705062866, -1.899993896484375, 12.199999809265137, 1.5)
Sbp(50, -0, -0, -1.5707963705062866, -4.100006103515625, 11.199999809265137, 0.5)
Sbp(50, 0, 1.5707963705062866, 0, -4.5, 11.800000190734863, 4.5)
Sbp(50, 0, 1.5707963705062866, 0, -3.5, 11.800000190734863, 4.5)
Sbp(50, 3.1415927410125732, 1.5707963705062866, 0, -4.5, 11.600000381469727, 4.5)
Sbp(50, 3.1415927410125732, 1.5707963705062866, 0, -3.5, 11.600000381469727, 4.5)
Sbp(50, 1.5707963705062866, -0, -3.1415927410125732, -1.5, 12.600000381469727, -4.100006103515625)
Sbp(50, 1.5707963705062866, -0, -3.1415927410125732, -4.5, 13.600000381469727, -4.100006103515625)
Sbp(50, 1.5707963705062866, 0, -0, -4.5, 15.600000381469727, -4.100006103515625)
Sbp(50, 1.5707963705062866, -0, -3.1415927410125732, -1.5, 13.600000381469727, -4.100006103515625)
Sbp(50, 1.5707963705062866, -0, -3.1415927410125732, -4.5, 12.600000381469727, -4.100006103515625)
Sbp(50, 1.5707963705062866, 0, -0, -1.5, 14.600000381469727, -4.100006103515625)
Sbp(50, 1.5707963705062866, 0, -0, -1.5, 15.600000381469727, -4.100006103515625)
Sbp(50, 1.5707963705062866, -0, -3.1415927410125732, -4.5, 16.600000381469727, -4.100006103515625)
Sbp(50, 1.5707963705062866, 0, -0, -4.5, 14.600000381469727, -4.100006103515625)
Sbp(50, 1.5707963705062866, -0, -3.1415927410125732, -1.5, 16.600000381469727, -4.100006103515625)
Sbp(50, 1.5707963705062866, 0, -0, -4.5, 20.600000381469727, -4.100006103515625)
Sbp(50, 1.5707963705062866, -0, -3.1415927410125732, -1.5, 20.600000381469727, -4.100006103515625)
Sbp(50, 1.5707963705062866, -0, -3.1415927410125732, -1.5, 17.600000381469727, -4.100006103515625)
Sbp(50, 1.5707963705062866, 0, -0, -4.5, 17.600000381469727, -4.100006103515625)
Sbp(50, -3.1415927410125732, 0, -1.5707963705062866, -1.70001220703125, 11.199999809265137, 0.5)
Sbp(50, -3.1415927410125732, 0, -1.5707963705062866, -1.899993896484375, 11.199999809265137, 1.5)
Sbp(50, -0, -0, -1.5707963705062866, -4.29998779296875, 11.199999809265137, 1.5)
Sbp(50, 3.1415927410125732, -0, 1.5707963705062866, -4.100006103515625, 11.199999809265137, 1.5)
Sbp(50, -3.1415927410125732, 0, -1.5707963705062866, -1.70001220703125, 11.199999809265137, 1.5)
Sbp(50, -3.1415927410125732, 0, -1.5707963705062866, -1.899993896484375, 11.199999809265137, 0.5)
Sbp(50, -0, -0, -1.5707963705062866, -4.29998779296875, 11.199999809265137, 0.5)
Sbp(50, -3.1415927410125732, -1.5707963705062866, 0, 27.5, 9.199999809265137, 37.5)
Sbp(50, 0, 1.5707963705062866, 0, 40.5, 9.199999809265137, 37.5)
Sbp(50, -3.1415927410125732, -1.5707963705062866, 0, 27.5, 9.199999809265137, 36.5)
Sbp(51, -1.5707963705062866, -0, -0, 53.5, 31.600000381469727, -56.100006103515625)
Sbp(51, -0, -1.5707963705062866, 0, 52.5, 23.200000762939453, -25.5)
Sbp(51, 1.5707963705062866, 1.5707963705062866, 0, 56.5, 48.60000228881836, -60.899993896484375)
Sbp(51, 3.1415927410125732, -0, 1.5707963705062866, 24.899993896484375, 0.6000000238418579, 21.5)
Sbp(51, 3.1415927410125732, -0, 1.5707963705062866, 24.899993896484375, 1.600000023841858, 21.5)
Sbp(51, 3.1415927410125732, 1.5707963705062866, 0, -27.5, 1, -51.5)
Sbp(51, 3.1415927410125732, 1.5707963705062866, 0, -48.5, 1, -49.5)
Sbp(51, 3.1415927410125732, 1.5707963705062866, 0, -50.5, 1, -49.5)
Sbp(51, 3.1415927410125732, 1.5707963705062866, 0, -26.5, 1, -49.5)
Sbp(51, 3.1415927410125732, 1.5707963705062866, 0, -25.5, 1, -28.5)
Sbp(51, 3.1415927410125732, 1.5707963705062866, 0, -27.5, 1, -50.5)
Sbp(51, 3.1415927410125732, 1.5707963705062866, 0, -27.5, 1, -49.5)
Sbp(51, 3.1415927410125732, 1.5707963705062866, 0, -27.5, 1, -26.5)
Sbp(51, 3.1415927410125732, 1.5707963705062866, 0, -25.5, 1, -49.5)
Sbp(51, 3.1415927410125732, 1.5707963705062866, 0, -27.5, 1, -28.5)
Sbp(51, 3.1415927410125732, 1.5707963705062866, 0, -50.5, 1, -28.5)
Sbp(51, 3.1415927410125732, 1.5707963705062866, 0, -48.5, 1, -26.5)
Sbp(51, 3.1415927410125732, 1.5707963705062866, 0, -48.5, 1, -28.5)
Sbp(51, 3.1415927410125732, 1.5707963705062866, 0, -48.5, 1, -27.5)
Sbp(51, 3.1415927410125732, 1.5707963705062866, 0, -49.5, 1, -49.5)
Sbp(51, 3.1415927410125732, 1.5707963705062866, 0, -27.5, 1, -27.5)
Sbp(51, -1.5707963705062866, 0, -1.5707963705062866, -25.899993896484375, 1.600000023841858, -50.5)
Sbp(51, 1.5707963705062866, -0, -3.1415927410125732, -7.5, 55.60000228881836, 18.899993896484375)
Sbp(51, 1.5707963705062866, -1.5707963705062866, 0, 7.5, 5.599999904632568, 43.100006103515625)
Sbp(51, 1.5707963705062866, -1.5707963705062866, 0, 7.5, 4.599999904632568, 42.100006103515625)
Sbp(51, -3.1415927410125732, -1.5707963705062866, 0, -5.5, 39, -11.5)
Sbp(51, 1.5707963705062866, -0, -3.1415927410125732, -13.5, 32.60000228881836, -0.100006103515625)
Sbp(51, -3.1415927410125732, -1.5707963705062866, 0, -15.5, 72, 2.5)
Sbp(51, -0, 0, -3.1415927410125732, -0.5, 68, 19.5)
Sbp(51, -0, 0, -3.1415927410125732, -0.5, 68, 18.5)
Sbp(51, -0, 0, -3.1415927410125732, -0.5, 68, 30.5)
Sbp(51, -0, 0, -3.1415927410125732, -0.5, 68, 31.5)
Sbp(51, 0, 1.5707963705062866, 0, -3.5, 61.20000076293945, 19.5)
Sbp(51, 0, 1.5707963705062866, 0, -3.5, 61.20000076293945, 18.5)
Sbp(51, 0, 1.5707963705062866, 0, -3.5, 64.20000457763672, 18.5)
Sbp(51, 0, 1.5707963705062866, 0, -3.5, 64.20000457763672, 19.5)
Sbp(51, 3.1415927410125732, 1.5707963705062866, 0, -3.5, 65, 30.5)
Sbp(51, 3.1415927410125732, 1.5707963705062866, 0, -3.5, 62, 31.5)
Sbp(51, -1.5707963705062866, 0, 1.5707963705062866, 13.899993896484375, 58.60000228881836, 17.5)
Sbp(51, -1.5707963705062866, 0, 1.5707963705062866, 13.899993896484375, 58.60000228881836, 18.5)
Sbp(51, 1.5707963705062866, -1.5707963705062866, 0, 11.5, 63.60000228881836, -3.899993896484375)
Sbp(51, 1.5707963705062866, -1.5707963705062866, 0, 11.5, 67.5999984741211, -1.899993896484375)
Sbp(51, 1.5707963705062866, -1.5707963705062866, 0, 11.5, 63.60000228881836, 9.100006103515625)
Sbp(51, 1.5707963705062866, -1.5707963705062866, 0, 11.5, 67.5999984741211, 7.100006103515625)
Sbp(51, 0, 1.5707963705062866, 0, 9.5, 19.200000762939453, 46.5)
Sbp(51, 0, 1.5707963705062866, 0, 1.5, 19.200000762939453, 46.5)
Sbp(51, 0, 1.5707963705062866, 0, -0.5, 19.200000762939453, 46.5)
Sbp(51, 0, 1.5707963705062866, 0, 7.5, 19.200000762939453, 46.5)
Sbp(51, 0, 1.5707963705062866, 0, -2.5, 19.200000762939453, 46.5)
Sbp(51, -1.5707963705062866, -0, -0, 88.5, 36.60000228881836, -1.100006103515625)
Sbp(51, -3.1415927410125732, -1.5707963705062866, 0, -0.5, 38, -11.5)
Sbp(51, 1.5707963705062866, 1.5707963705062866, 0, -11.5, 25.600000381469727, -0.899993896484375)
Sbp(51, 3.1415927410125732, 1.5707963705062866, 0, -9.5, 55, 9.5)
Sbp(51, -3.1415927410125732, -1.5707963705062866, 0, -9.5, 55, -5.5)
Sbp(51, -1.5707963705062866, 1.5707963705062866, 0, 2.5, 54.60000228881836, -10.100006103515625)
Sbp(51, -1.5707963705062866, 1.5707963705062866, 0, -9.5, 54.60000228881836, -10.100006103515625)
Sbp(51, -1.5707963705062866, 1.5707963705062866, 0, -9.5, 53.60000228881836, -10.100006103515625)
Sbp(51, -1.5707963705062866, 0, -1.5707963705062866, 3.100006103515625, 54.60000228881836, -10.5)
Sbp(51, -1.5707963705062866, -0, -0, -14.5, 28.600000381469727, 15.899993896484375)
Sbp(51, -3.1415927410125732, 0, -3.1415927410125732, -11.5, 24.200000762939453, 14.5)
Sbp(51, -3.1415927410125732, 0, -3.1415927410125732, -11.5, 25.200000762939453, 14.5)
Sbp(51, -0, -1.5707963705062866, 0, 14.5, 7.200000286102295, 16.5)
Sbp(51, -1.5707963705062866, -1.5707963705062866, 0, -8.5, 35.60000228881836, 21.899993896484375)
Sbp(51, 1.5707963705062866, -0, -3.1415927410125732, -10.5, 25.600000381469727, 1.899993896484375)
Sbp(51, 1.5707963705062866, -0, -3.1415927410125732, -9.5, 25.600000381469727, 1.899993896484375)
Sbp(51, -1.5707963705062866, -0, -0, -14.5, 28.600000381469727, 16.899993896484375)
Sbp(51, -0, -1.5707963705062866, 0, 11.5, 24.200000762939453, 27.5)
Sbp(51, -0, -1.5707963705062866, 0, 11.5, 25.200000762939453, 27.5)
Sbp(51, 0, 0, 1.5707963705062866, 9.899993896484375, 7.599999904632568, -7.5)
Sbp(51, 0, 0, 1.5707963705062866, 10.899993896484375, 7.599999904632568, -7.5)
Sbp(51, -1.5707963705062866, 0, -1.5707963705062866, -5.899993896484375, 7.599999904632568, 15.5)
Sbp(51, 1.5707963705062866, -0, -3.1415927410125732, 65.5, 36.60000228881836, -3.100006103515625)
Sbp(51, 1.5707963705062866, -0, -3.1415927410125732, 66.5, 36.60000228881836, -3.100006103515625)
Sbp(51, -0, 0, -0, 77.5, 51.20000076293945, -2.5)
Sbp(51, 0, 1.5707963705062866, 0, 5.5, 19.200000762939453, 46.5)
Sbp(51, -1.5707963705062866, -1.5707963705062866, 0, 15.5, 20.600000381469727, 24.899993896484375)
Sbp(51, -1.5707963705062866, 0, -1.5707963705062866, 14.100006103515625, 20.600000381469727, 25.5)
Sbp(51, -1.5707963705062866, 0, -3.1415927410125732, 15.5, 12.600000381469727, 10.100006103515625)
Sbp(51, -1.5707963705062866, 0, -3.1415927410125732, 15.5, 12.600000381469727, 9.100006103515625)
Sbp(51, -1.5707963705062866, 0, -1.5707963705062866, 13.100006103515625, 20.600000381469727, 25.5)
Sbp(51, -3.1415927410125732, 0, -3.1415927410125732, 15.5, 20.200000762939453, 6.5)
Sbp(51, -3.1415927410125732, 0, -3.1415927410125732, 15.5, 20.200000762939453, 5.5)
Sbp(51, -3.1415927410125732, 0, -3.1415927410125732, 15.5, 20.200000762939453, 4.5)
Sbp(51, -3.1415927410125732, 0, -3.1415927410125732, 14.5, 20.200000762939453, 3.5)
Sbp(51, -1.5707963705062866, 0, -1.5707963705062866, 11.100006103515625, 14.600000381469727, 34.5)
Sbp(51, 0, 1.5707963705062866, 0, 76.5, 39.79999923706055, -53.5)
Sbp(51, -1.5707963705062866, 0, -1.5707963705062866, 71.10000610351562, 41.20000076293945, -55.5)
Sbp(51, -1.5707963705062866, 0, -1.5707963705062866, 71.10000610351562, 42.20000076293945, -56.5)
Sbp(51, -3.1415927410125732, 0, -3.1415927410125732, 72.5, 40.79999923706055, -56.5)
Sbp(51, -1.5707963705062866, 0, -1.5707963705062866, 71.10000610351562, 42.20000076293945, -55.5)
Sbp(51, -1.5707963705062866, 0, -1.5707963705062866, 71.10000610351562, 40.20000076293945, -55.5)
Sbp(51, -1.5707963705062866, 0, -1.5707963705062866, 71.10000610351562, 42.20000076293945, -57.5)
Sbp(51, -1.5707963705062866, 1.5707963705062866, 0, 70.5, 41.20000076293945, -56.100006103515625)
Sbp(51, -3.1415927410125732, 0, -0, 0.5, 39, -11.5)
Sbp(51, -3.1415927410125732, -1.5707963705062866, 0, -0.5, 39, -11.5)
Sbp(51, -1.5707963705062866, 1.5707963705062866, 0, -7.5, 27.600000381469727, 40.899993896484375)
Sbp(51, -1.5707963705062866, -1.5707963705062866, 0, -8.5, 41.60000228881836, 33.899993896484375)
Sbp(51, -1.5707963705062866, -1.5707963705062866, 0, -8.5, 39.60000228881836, 34.899993896484375)
Sbp(51, -0, -1.5707963705062866, 0, -8.5, 44.20000076293945, 30.5)
Sbp(51, -1.5707963705062866, -1.5707963705062866, 0, -8.5, 40.60000228881836, 34.899993896484375)
Sbp(51, -1.5707963705062866, -1.5707963705062866, 0, -8.5, 34.60000228881836, 21.899993896484375)
Sbp(51, 3.1415927410125732, 1.5707963705062866, 0, -3.5, 62, 30.5)
Sbp(51, -0, 0, -3.1415927410125732, -9.5, 19, 16.5)
Sbp(51, -1.5707963705062866, -0, -0, -8.5, 21.600000381469727, 15.899993896484375)
Sbp(51, 0, 1.5707963705062866, 0, -8.5, 34.20000076293945, 16.5)
Sbp(51, -1.5707963705062866, -0, -0, -8.5, 21.600000381469727, 16.899993896484375)
Sbp(51, 3.1415927410125732, 1.5707963705062866, 0, -8.5, 42, 32.5)
Sbp(51, 1.5707963705062866, 1.5707963705062866, 0, -2.5, 21.600000381469727, 32.100006103515625)
Sbp(51, 3.1415927410125732, 1.5707963705062866, 0, -8.5, 42, 23.5)
Sbp(51, 0, 1.5707963705062866, 0, -8.5, 33.20000076293945, 24.5)
Sbp(51, 3.1415927410125732, 1.5707963705062866, 0, -8.5, 43, 23.5)
Sbp(51, 1.5707963705062866, -1.5707963705062866, 0, -8.5, 45.60000228881836, 31.100006103515625)
Sbp(51, -0, -1.5707963705062866, 0, -8.5, 33.20000076293945, 32.5)
Sbp(51, -1.5707963705062866, -1.5707963705062866, 0, -8.5, 45.60000228881836, 24.899993896484375)
Sbp(51, -0, 0, -3.1415927410125732, -4.5, 19, 16.5)
Sbp(51, 3.1415927410125732, -0, 1.5707963705062866, -5.100006103515625, 23.600000381469727, 14.5)
Sbp(51, -1.5707963705062866, -1.5707963705062866, 0, -8.5, 32.60000228881836, 24.899993896484375)
Sbp(51, -0, 0, -3.1415927410125732, -9.5, 26, 15.5)
Sbp(51, -0, 0, -0, -7.5, 30.200000762939453, 32.5)
Sbp(51, 3.1415927410125732, -0, 1.5707963705062866, -5.100006103515625, 22.600000381469727, 14.5)
Sbp(51, -0, 0, -3.1415927410125732, -9.5, 25, 15.5)
Sbp(51, -0, -1.5707963705062866, 0, 73.5, 23.399999618530273, -48.5)
Sbp(51, 1.5707963705062866, -1.5707963705062866, 0, -7.5, 28.600000381469727, 41.100006103515625)
Sbp(51, 3.1415927410125732, 1.5707963705062866, 0, -3.5, 65, 31.5)
Sbp(51, -3.1415927410125732, -1.5707963705062866, 0, 12.5, 49, -2.5)
Sbp(51, 1.5707963705062866, -1.5707963705062866, 0, -8.5, 30.600000381469727, 24.100006103515625)
Sbp(51, -1.5707963705062866, -1.5707963705062866, 0, -8.5, 34.60000228881836, 20.899993896484375)
Sbp(51, 3.1415927410125732, 1.5707963705062866, 0, -8.5, 43, 32.5)
Sbp(51, 0, 1.5707963705062866, 0, -8.5, 33.20000076293945, 23.5)
Sbp(51, -3.1415927410125732, -1.5707963705062866, 0, 12.5, 49, 4.5)
Sbp(51, 1.5707963705062866, 0, -0, 4.5, 40.60000228881836, -12.899993896484375)
Sbp(51, 1.5707963705062866, -1.5707963705062866, 0, -8.5, 42.60000228881836, -12.899993896484375)
Sbp(51, 1.5707963705062866, -1.5707963705062866, 0, 1.5, 42.60000228881836, -12.899993896484375)
Sbp(51, -1.5707963705062866, 1.5707963705062866, 0, -1.5, 44.60000228881836, -11.100006103515625)
Sbp(51, 0, 1.5707963705062866, 0, 77.5, 39.79999923706055, -53.5)
Sbp(51, -1.5707963705062866, 1.5707963705062866, 0, -4.5, 44.60000228881836, -11.100006103515625)
Sbp(51, -3.1415927410125732, 0, -3.1415927410125732, -5.5, 55.20000076293945, 11.5)
Sbp(51, -3.1415927410125732, -1.5707963705062866, 0, -15.5, 72, 3.5)
Sbp(51, -0, -1.5707963705062866, 0, 3.5, 67.20000457763672, 49.5)
Sbp(51, -1.5707963705062866, -1.5707963705062866, 0, -12.5, 46.60000228881836, 12.899993896484375)
Sbp(51, -1.5707963705062866, -1.5707963705062866, 0, -12.5, 46.60000228881836, 1.899993896484375)
Sbp(51, 1.5707963705062866, -0, -3.1415927410125732, -14.5, 32.60000228881836, 10.899993896484375)
Sbp(51, -1.5707963705062866, -1.5707963705062866, 0, -12.5, 46.60000228881836, -4.100006103515625)
Sbp(51, -1.5707963705062866, -1.5707963705062866, 0, -12.5, 46.60000228881836, 6.899993896484375)
Sbp(51, 1.5707963705062866, -0, -3.1415927410125732, -13.5, 32.60000228881836, 10.899993896484375)
Sbp(51, 1.5707963705062866, 1.5707963705062866, 0, -2.5, 21.600000381469727, 29.100006103515625)
Sbp(51, -0, -1.5707963705062866, 0, 73.5, 23.399999618530273, -49.5)
Sbp(51, -3.1415927410125732, 0, -0, -6.5, 38, -11.5)
Sbp(51, 1.5707963705062866, -1.5707963705062866, 0, -8.5, 41.60000228881836, 35.100006103515625)
Sbp(51, -1.5707963705062866, -1.5707963705062866, 0, -2.5, 21.600000381469727, 19.899993896484375)
Sbp(51, -1.5707963705062866, -1.5707963705062866, 0, 80.5, 23.80000114440918, -61.100006103515625)
Sbp(51, 1.5707963705062866, -1.5707963705062866, 0, -8.5, 30.600000381469727, 31.100006103515625)
Sbp(51, -0, -1.5707963705062866, 0, 81.5, 40.79999923706055, -56.5)
Sbp(51, 3.1415927410125732, 1.5707963705062866, 0, 71.5, 38.60000228881836, -53.5)
Sbp(51, 3.1415927410125732, 1.5707963705062866, 0, 71.5, 38.60000228881836, -59.5)
Sbp(51, 3.1415927410125732, 1.5707963705062866, 0, 71.5, 44.60000228881836, -53.5)
Sbp(51, 3.1415927410125732, 1.5707963705062866, 0, 71.5, 44.60000228881836, -59.5)
Sbp(51, -1.5707963705062866, -1.5707963705062866, 0, 10.5, 16.600000381469727, 36.899993896484375)
Sbp(51, -3.1415927410125732, 0, -0, 0.5, 38, -11.5)
Sbp(51, -1.5707963705062866, -1.5707963705062866, 0, 54.5, 4.599999904632568, -53.100006103515625)
Sbp(51, -1.5707963705062866, -1.5707963705062866, 0, 55.5, 4.599999904632568, -62.100006103515625)
Sbp(51, -1.5707963705062866, -1.5707963705062866, 0, 55.5, 4.599999904632568, -60.100006103515625)
Sbp(51, 1.5707963705062866, 1.5707963705062866, 0, 43.5, 3.6000001430511475, -28.899993896484375)
Sbp(51, 1.5707963705062866, 1.5707963705062866, 0, 43.5, 2.6000001430511475, -28.899993896484375)
Sbp(51, 1.5707963705062866, 1.5707963705062866, 0, 53.5, 15.600000381469727, -58.899993896484375)
Sbp(51, 3.1415927410125732, -0, 1.5707963705062866, 42.899993896484375, 18.600000381469727, -3.5)
Sbp(51, -0, -1.5707963705062866, 0, 76.5, 49.20000076293945, 31.5)
Sbp(51, -0, -1.5707963705062866, 0, 77.5, 49.20000076293945, 31.5)
Sbp(51, -3.1415927410125732, 0, -1.5707963705062866, 52.100006103515625, 18.600000381469727, -65.5)
Sbp(51, 1.5707963705062866, -0, -3.1415927410125732, 65.5, 56.60000228881836, -2.100006103515625)
Sbp(51, 3.1415927410125732, -0, 1.5707963705062866, 42.899993896484375, 18.600000381469727, -2.5)
Sbp(51, 3.1415927410125732, -0, 1.5707963705062866, 43.899993896484375, 17.600000381469727, -2.5)
Sbp(51, 0, 1.5707963705062866, 0, 52.5, 23.200000762939453, -57.5)
Sbp(51, -0, -0, -1.5707963705062866, 53.100006103515625, 18.600000381469727, -2.5)
Sbp(51, 1.5707963705062866, -0, -3.1415927410125732, 50.5, 18.600000381469727, -2.100006103515625)
Sbp(51, 3.1415927410125732, -0, 1.5707963705062866, 43.899993896484375, 17.600000381469727, -24.5)
Sbp(51, 3.1415927410125732, -0, 1.5707963705062866, 43.899993896484375, 18.600000381469727, -2.5)
Sbp(51, 1.5707963705062866, 1.5707963705062866, 0, 85.5, 17.600000381469727, -23.899993896484375)
Sbp(51, 1.5707963705062866, 1.5707963705062866, 0, 84.5, 17.600000381469727, -23.899993896484375)
Sbp(51, 3.1415927410125732, 1.5707963705062866, 0, 86.5, 18, -50.5)
Sbp(51, 1.5707963705062866, 1.5707963705062866, 0, 86.5, 17.600000381469727, -23.899993896484375)
Sbp(51, 3.1415927410125732, -0, 1.5707963705062866, 43.899993896484375, 18.600000381469727, -24.5)
Sbp(51, 1.5707963705062866, -0, -3.1415927410125732, 65.5, 57.60000228881836, -2.100006103515625)
Sbp(51, -1.5707963705062866, 1.5707963705062866, 0, 52.5, 56.60000228881836, -60.100006103515625)
Sbp(51, -1.5707963705062866, 1.5707963705062866, 0, 52.5, 57.60000228881836, -60.100006103515625)
Sbp(51, 1.5707963705062866, 1.5707963705062866, 0, 56.5, 49.60000228881836, -60.899993896484375)
Sbp(51, -0, -1.5707963705062866, 0, 52.5, 23.200000762939453, -26.5)
Sbp(51, -1.5707963705062866, 1.5707963705062866, 0, 52.5, 32.60000228881836, -56.100006103515625)
Sbp(51, -1.5707963705062866, 1.5707963705062866, 0, 52.5, 33.60000228881836, -56.100006103515625)
Sbp(51, -3.1415927410125732, 0, -1.5707963705062866, 53.100006103515625, 44.60000228881836, -61.5)
Sbp(51, -0, 0, -3.1415927410125732, 51.5, 19, -59.5)
Sbp(51, -0, 0, -3.1415927410125732, 51.5, 40, -59.5)
Sbp(51, -1.5707963705062866, 0, -1.5707963705062866, 9.100006103515625, 7.599999904632568, 39.5)
Sbp(51, -0, -1.5707963705062866, 0, -7.5, 7.200000286102295, -10.5)
Sbp(51, -1.5707963705062866, 0, -3.1415927410125732, -12.5, 7.599999904632568, 5.100006103515625)
Sbp(51, -3.1415927410125732, 0, -3.1415927410125732, 1.5, 7.200000286102295, -10.5)
Sbp(51, -0, -1.5707963705062866, 0, -8.5, 7.200000286102295, -10.5)
Sbp(51, -0, 0, -0, -7.5, 29.200000762939453, 32.5)
Sbp(51, 1.5707963705062866, -1.5707963705062866, 0, -7.5, 27.600000381469727, 42.100006103515625)
Sbp(51, -0, 0, -0, -7.5, 29.200000762939453, 30.5)
Sbp(51, -1.5707963705062866, 0, -1.5707963705062866, -4.899993896484375, 7.599999904632568, 15.5)
Sbp(51, -0, 0, -0, -7.5, 26.200000762939453, 29.5)
Sbp(51, 1.5707963705062866, 0, -0, -1.5, 22.600000381469727, 2.100006103515625)
Sbp(51, 1.5707963705062866, 0, -0, -1.5, 22.600000381469727, 8.100006103515625)
Sbp(51, 1.5707963705062866, 0, -0, -1.5, 23.600000381469727, 5.100006103515625)
Sbp(51, 1.5707963705062866, 0, -0, -1.5, 23.600000381469727, 2.100006103515625)
Sbp(51, 1.5707963705062866, 0, -0, -1.5, 23.600000381469727, 8.100006103515625)
Sbp(51, -3.1415927410125732, 0, -1.5707963705062866, 11.100006103515625, 62.60000228881836, 39.5)
Sbp(51, -3.1415927410125732, -1.5707963705062866, 0, 12.5, 63, 10.5)
Sbp(51, -0, -1.5707963705062866, 0, -12.5, 63.20000076293945, 10.5)
Sbp(51, 0, 1.5707963705062866, 0, -12.5, 64.20000457763672, -4.5)
Sbp(51, 0, 0, 1.5707963705062866, -3.100006103515625, 62.60000228881836, 39.5)
Sbp(51, 0, 0, 1.5707963705062866, -2.100006103515625, 61.60000228881836, 39.5)
Sbp(51, 3.1415927410125732, 1.5707963705062866, 0, 12.5, 61, -2.5)
Sbp(51, 3.1415927410125732, 1.5707963705062866, 0, -12.5, 63, -4.5)
Sbp(51, -1.5707963705062866, -0, -0, 16.5, 6.599999904632568, 16.899993896484375)
Sbp(51, -3.1415927410125732, 0, -1.5707963705062866, -2.899993896484375, 11.199999809265137, 0.5)
Sbp(51, -3.1415927410125732, 0, -1.5707963705062866, -3.899993896484375, 11.199999809265137, 0.5)
Sbp(51, 3.1415927410125732, 1.5707963705062866, 0, -7.5, 20, 40.5)
Sbp(51, -0, 0, -0, -7.5, 25.200000762939453, 29.5)
Sbp(51, -0, 0, -0, 84.5, 22.200000762939453, 7.5)
Sbp(51, 1.5707963705062866, 1.5707963705062866, 0, 69.5, 22.600000381469727, 7.100006103515625)
Sbp(51, 0, 1.5707963705062866, 0, 3.5, 19.200000762939453, 46.5)
Sbp(51, 3.1415927410125732, 1.5707963705062866, 0, 8.5, 20, 46.5)
Sbp(51, 3.1415927410125732, 1.5707963705062866, 0, 4.5, 20, 46.5)
Sbp(51, 3.1415927410125732, 1.5707963705062866, 0, 2.5, 20, 46.5)
Sbp(51, 3.1415927410125732, 1.5707963705062866, 0, -1.5, 20, 46.5)
Sbp(51, 3.1415927410125732, 1.5707963705062866, 0, 6.5, 20, 46.5)
Sbp(51, 3.1415927410125732, 1.5707963705062866, 0, 10.5, 20, 46.5)
Sbp(51, 3.1415927410125732, 1.5707963705062866, 0, 0.5, 20, 46.5)
Sbp(51, -0, 0, -0, -17.5, 50.20000076293945, -1.5)
Sbp(51, -0, 0, -0, -17.5, 50.20000076293945, 12.5)
Sbp(51, -0, 0, -0, -17.5, 50.20000076293945, 8.5)
Sbp(51, -0, 0, -0, -17.5, 50.20000076293945, 10.5)
Sbp(51, -0, 0, -0, -17.5, 50.20000076293945, -3.5)
Sbp(51, -0, 0, -0, -17.5, 50.20000076293945, 4.5)
Sbp(51, -0, 0, -0, -17.5, 50.20000076293945, 6.5)
Sbp(51, -3.1415927410125732, 0, -1.5707963705062866, -2.899993896484375, 11.199999809265137, 1.5)
Sbp(51, -3.1415927410125732, 0, -1.5707963705062866, -3.899993896484375, 11.199999809265137, 1.5)
Sbp(51, -1.5707963705062866, -0, -0, 15.5, 6.599999904632568, 16.899993896484375)
Sbp(51, 3.1415927410125732, 1.5707963705062866, 0, 12.5, 65, 10.5)
Sbp(51, 3.1415927410125732, 1.5707963705062866, 0, 12.5, 64, -4.5)
Sbp(51, 3.1415927410125732, 1.5707963705062866, 0, 12.5, 65, -4.5)
Sbp(51, 3.1415927410125732, 1.5707963705062866, 0, 12.5, 61, -1.5)
Sbp(51, 3.1415927410125732, 1.5707963705062866, 0, 12.5, 63, -4.5)
Sbp(51, -3.1415927410125732, -1.5707963705062866, 0, 12.5, 64, 10.5)
Sbp(51, -3.1415927410125732, 0, -1.5707963705062866, 10.100006103515625, 61.60000228881836, 39.5)
Sbp(51, -3.1415927410125732, 0, -1.5707963705062866, 10.100006103515625, 62.60000228881836, 39.5)
Sbp(51, 0, 0, 1.5707963705062866, -2.100006103515625, 62.60000228881836, 39.5)
Sbp(51, -0, -1.5707963705062866, 0, -12.5, 64.20000457763672, 10.5)
Sbp(51, 3.1415927410125732, 1.5707963705062866, 0, -12.5, 64, -4.5)
Sbp(51, -3.1415927410125732, -1.5707963705062866, 0, -12.5, 63, 10.5)
Sbp(51, 1.5707963705062866, 0, -1.5707963705062866, -6.899993896484375, 11.600000381469727, 1.5)
Sbp(51, 1.5707963705062866, 0, -1.5707963705062866, -5.899993896484375, 11.600000381469727, 4.5)
Sbp(51, 1.5707963705062866, 0, -1.5707963705062866, -6.899993896484375, 11.600000381469727, 4.5)
Sbp(51, 1.5707963705062866, 0, -1.5707963705062866, -6.899993896484375, 10.600000381469727, 1.5)
Sbp(51, -0, 0, -3.1415927410125732, 2.5, 55, 37.5)
Sbp(51, 1.5707963705062866, -1.5707963705062866, 0, -7.5, 21.600000381469727, 29.100006103515625)
Sbp(51, 1.5707963705062866, -1.5707963705062866, 0, -7.5, 18.600000381469727, 30.100006103515625)
Sbp(51, 1.5707963705062866, -1.5707963705062866, 0, -7.5, 18.600000381469727, 32.100006103515625)
Sbp(51, 1.5707963705062866, -1.5707963705062866, 0, -7.5, 18.600000381469727, 31.100006103515625)
Sbp(51, 1.5707963705062866, -1.5707963705062866, 0, -7.5, 17.600000381469727, 34.100006103515625)
Sbp(51, 1.5707963705062866, -1.5707963705062866, 0, -7.5, 20.600000381469727, 30.100006103515625)
Sbp(51, 1.5707963705062866, -1.5707963705062866, 0, -7.5, 17.600000381469727, 37.100006103515625)
Sbp(51, 1.5707963705062866, -1.5707963705062866, 0, -7.5, 17.600000381469727, 38.100006103515625)
Sbp(51, 1.5707963705062866, -1.5707963705062866, 0, -7.5, 18.600000381469727, 40.100006103515625)
Sbp(51, -3.1415927410125732, -1.5707963705062866, 0, 11.5, 55, 37.5)
Sbp(51, -0, 0, -3.1415927410125732, 2.5, 55, 38.5)
Sbp(51, -3.1415927410125732, 0, -1.5707963705062866, -11.899993896484375, 8.600000381469727, 6.5)
Sbp(51, -3.1415927410125732, -1.5707963705062866, 0, -9.5, 55, -6.5)
Sbp(51, -1.5707963705062866, 1.5707963705062866, 0, -10.5, 53.60000228881836, -10.100006103515625)
Sbp(51, 1.5707963705062866, 1.5707963705062866, 0, -11.5, 24.600000381469727, -0.899993896484375)
Sbp(51, -3.1415927410125732, 0, -1.5707963705062866, -11.899993896484375, 23.600000381469727, 0.5)
Sbp(51, -3.1415927410125732, 0, -1.5707963705062866, -11.899993896484375, 9.600000381469727, 6.5)
Sbp(51, -1.5707963705062866, -0, -0, 52.5, 36.60000228881836, -19.100006103515625)
Sbp(51, -1.5707963705062866, 0, -1.5707963705062866, 51.100006103515625, 38.60000228881836, -6.5)
Sbp(51, -1.5707963705062866, 0, -3.1415927410125732, 52.5, 38.60000228881836, -6.899993896484375)
Sbp(51, -1.5707963705062866, 0, -3.1415927410125732, 52.5, 38.60000228881836, -19.899993896484375)
Sbp(51, -1.5707963705062866, 0, -1.5707963705062866, 51.100006103515625, 38.60000228881836, -19.5)
Sbp(51, -1.5707963705062866, -0, -0, 51.5, 36.60000228881836, -19.100006103515625)
Sbp(51, -1.5707963705062866, -0, -0, 51.5, 36.60000228881836, -6.100006103515625)
Sbp(51, -1.5707963705062866, -0, -0, 52.5, 36.60000228881836, -6.100006103515625)
Sbp(51, -0, 0, -3.1415927410125732, 52.5, 40, -59.5)
Sbp(51, 0, 1.5707963705062866, 0, 52.5, 31.200000762939453, -72.5)
Sbp(51, 0, 1.5707963705062866, 0, 52.5, 31.200000762939453, -71.5)
Sbp(51, -0, 0, -0, 76.5, 51.20000076293945, -2.5)
Sbp(51, 1.5707963705062866, -0, -3.1415927410125732, 65.5, 35.60000228881836, -3.100006103515625)
Sbp(51, -3.1415927410125732, 0, -1.5707963705062866, 53.100006103515625, 43.60000228881836, -61.5)
Sbp(51, -3.1415927410125732, 0, -3.1415927410125732, 89.5, 52.20000076293945, -4.5)
Sbp(51, -3.1415927410125732, 0, -3.1415927410125732, 89.5, 53.20000076293945, -4.5)
Sbp(51, 1.5707963705062866, -0, -3.1415927410125732, 65.5, 38.60000228881836, -3.100006103515625)
Sbp(51, 1.5707963705062866, -0, -3.1415927410125732, 65.5, 39.60000228881836, -3.100006103515625)
Sbp(51, 1.5707963705062866, -1.5707963705062866, 0, 53.5, 40.60000228881836, -3.899993896484375)
Sbp(51, 1.5707963705062866, -1.5707963705062866, 0, 53.5, 41.60000228881836, -3.899993896484375)
Sbp(51, -3.1415927410125732, -1.5707963705062866, 0, 52.5, 24, -58.5)
Sbp(51, 3.1415927410125732, -0, 1.5707963705062866, 42.899993896484375, 18.600000381469727, -24.5)
Sbp(51, 3.1415927410125732, 1.5707963705062866, 0, 86.5, 18, -51.5)
Sbp(51, -0, -1.5707963705062866, 0, 55.5, 15.199999809265137, -6.5)
Sbp(51, -0, -1.5707963705062866, 0, 55.5, 16.200000762939453, -6.5)
Sbp(51, 1.5707963705062866, 1.5707963705062866, 0, 85.5, 16.600000381469727, -60.899993896484375)
Sbp(51, 1.5707963705062866, 1.5707963705062866, 0, 85.5, 15.600000381469727, -60.899993896484375)
Sbp(51, 1.5707963705062866, 1.5707963705062866, 0, 53.5, 14.600000381469727, -58.899993896484375)
Sbp(51, 1.5707963705062866, -0, -3.1415927410125732, 53.5, 13.600000381469727, -61.100006103515625)
Sbp(51, 1.5707963705062866, -0, -3.1415927410125732, 53.5, 14.600000381469727, -61.100006103515625)
Sbp(51, -0, 0, -3.1415927410125732, 43.5, 18, -63.5)
Sbp(51, -0, 0, -3.1415927410125732, 42.5, 19, -65.5)
Sbp(51, -0, 0, -3.1415927410125732, 43.5, 19, -65.5)
Sbp(51, -0, 0, -3.1415927410125732, 43.5, 18, -64.5)
Sbp(51, 1.5707963705062866, 1.5707963705062866, 0, 42.5, 4.599999904632568, -24.899993896484375)
Sbp(51, -1.5707963705062866, -1.5707963705062866, 0, 55.5, 4.599999904632568, -61.100006103515625)
Sbp(51, 1.5707963705062866, 1.5707963705062866, 0, 55.5, 4.599999904632568, -63.899993896484375)
Sbp(51, -0, 0, -0, -17.5, 50.20000076293945, -2.5)
Sbp(51, -0, 0, -0, -7.5, 30.200000762939453, 33.5)
Sbp(51, -3.1415927410125732, -1.5707963705062866, 0, -7.5, 17, 32.5)
Sbp(51, -1.5707963705062866, -1.5707963705062866, 0, -8.5, 36.60000228881836, 21.899993896484375)
Sbp(51, -1.5707963705062866, -1.5707963705062866, 0, -7.5, 20.600000381469727, 28.899993896484375)
Sbp(51, -0, 0, -0, -17.5, 50.20000076293945, 2.5)
Sbp(51, -0, 0, -0, -17.5, 50.20000076293945, -5.5)
Sbp(51, -0, 0, -0, -17.5, 50.20000076293945, 11.5)
Sbp(51, -0, 0, -3.1415927410125732, -17.5, 51, 13.5)
Sbp(51, -0, 0, -0, -17.5, 50.20000076293945, 7.5)
Sbp(51, -0, 0, -0, -17.5, 50.20000076293945, 5.5)
Sbp(51, 1.5707963705062866, 1.5707963705062866, 0, -7.5, 27.600000381469727, 31.100006103515625)
Sbp(51, -0, 0, -0, -17.5, 50.20000076293945, 3.5)
Sbp(51, -0, 0, -0, -17.5, 50.20000076293945, -0.5)
Sbp(51, -0, 0, -0, -17.5, 50.20000076293945, 1.5)
Sbp(51, -0, 0, -0, -17.5, 50.20000076293945, 9.5)
Sbp(51, -0, 0, -0, -17.5, 50.20000076293945, -4.5)
Sbp(51, -3.1415927410125732, -1.5707963705062866, 0, -7.5, 17, 39.5)
Sbp(51, 1.5707963705062866, -1.5707963705062866, 0, -7.5, 17.600000381469727, 32.100006103515625)
Sbp(51, 1.5707963705062866, -1.5707963705062866, 0, -7.5, 18.600000381469727, 41.100006103515625)
Sbp(51, -1.5707963705062866, -1.5707963705062866, 0, -8.5, 36.60000228881836, 34.899993896484375)
Sbp(51, 1.5707963705062866, -0, -3.1415927410125732, -7.5, 29.600000381469727, 40.899993896484375)
Sbp(51, 1.5707963705062866, -1.5707963705062866, 0, -7.5, 22.600000381469727, 42.100006103515625)
Sbp(51, 1.5707963705062866, -1.5707963705062866, 0, -7.5, 19.600000381469727, 30.100006103515625)
Sbp(51, 1.5707963705062866, -1.5707963705062866, 0, -7.5, 27.600000381469727, 41.100006103515625)
Sbp(51, 1.5707963705062866, -1.5707963705062866, 0, -7.5, 20.600000381469727, 41.100006103515625)
Sbp(51, -1.5707963705062866, -1.5707963705062866, 0, -8.5, 31.600000381469727, 24.899993896484375)
Sbp(51, -1.5707963705062866, -1.5707963705062866, 0, -8.5, 43.60000228881836, 32.899993896484375)
Sbp(51, -3.1415927410125732, -1.5707963705062866, 0, 10.5, 25, 16.5)
Sbp(51, -1.5707963705062866, -1.5707963705062866, 0, -8.5, 34.60000228881836, 34.899993896484375)
Sbp(51, -1.5707963705062866, -1.5707963705062866, 0, -8.5, 42.60000228881836, 33.899993896484375)
Sbp(51, -1.5707963705062866, -1.5707963705062866, 0, -8.5, 32.60000228881836, 23.899993896484375)
Sbp(51, -1.5707963705062866, -1.5707963705062866, 0, -8.5, 39.60000228881836, 21.899993896484375)
Sbp(51, -1.5707963705062866, -1.5707963705062866, 0, -8.5, 41.60000228881836, 21.899993896484375)
Sbp(51, -1.5707963705062866, -1.5707963705062866, 0, -8.5, 41.60000228881836, 22.899993896484375)
Sbp(51, -1.5707963705062866, -1.5707963705062866, 0, -8.5, 33.60000228881836, 22.899993896484375)
Sbp(51, -1.5707963705062866, -1.5707963705062866, 0, -8.5, 43.60000228881836, 23.899993896484375)
Sbp(51, -1.5707963705062866, -1.5707963705062866, 0, -8.5, 43.60000228881836, 24.899993896484375)
Sbp(51, -1.5707963705062866, -1.5707963705062866, 0, -8.5, 44.60000228881836, 24.899993896484375)
Sbp(51, -1.5707963705062866, -1.5707963705062866, 0, -8.5, 44.60000228881836, 25.899993896484375)
Sbp(51, -3.1415927410125732, -1.5707963705062866, 0, 10.5, 26, 16.5)
Sbp(51, -1.5707963705062866, -1.5707963705062866, 0, -8.5, 44.60000228881836, 26.899993896484375)
Sbp(51, -1.5707963705062866, -1.5707963705062866, 0, -8.5, 40.60000228881836, 21.899993896484375)
Sbp(51, 1.5707963705062866, 0, -0, 9.5, 13.600000381469727, 36.100006103515625)
Sbp(51, 1.5707963705062866, 0, -0, 8.5, 16.600000381469727, 36.100006103515625)
Sbp(51, 1.5707963705062866, 0, -0, 9.5, 16.600000381469727, 36.100006103515625)
Sbp(51, -0, 0, -0, -9.5, 24.200000762939453, 11.5)
Sbp(51, -3.1415927410125732, 0, -1.5707963705062866, -8.899993896484375, 13.600000381469727, 11.5)
Sbp(51, -3.1415927410125732, 0, -1.5707963705062866, -8.899993896484375, 20.600000381469727, -5.5)
Sbp(51, -0, 0, -3.1415927410125732, -8.5, 25, -6.5)
Sbp(51, -0, 0, -0, -10.5, 24.200000762939453, 7.5)
Sbp(51, -0, 0, -0, -10.5, 24.200000762939453, -0.5)
Sbp(51, -0, 0, -0, -10.5, 25.200000762939453, -0.5)
Sbp(51, -0, 0, -0, -10.5, 25.200000762939453, 7.5)
Sbp(51, -3.1415927410125732, 0, -1.5707963705062866, -8.899993896484375, 13.600000381469727, -5.5)
Sbp(51, -3.1415927410125732, 0, -1.5707963705062866, -8.899993896484375, 9.600000381469727, -5.5)
Sbp(51, -3.1415927410125732, 0, -1.5707963705062866, -8.899993896484375, 9.600000381469727, 11.5)
Sbp(51, -3.1415927410125732, 0, -1.5707963705062866, -8.899993896484375, 13.600000381469727, -4.5)
Sbp(51, -3.1415927410125732, 0, -1.5707963705062866, -9.899993896484375, 13.600000381469727, -4.5)
Sbp(51, -3.1415927410125732, 0, -1.5707963705062866, -9.899993896484375, 9.600000381469727, -4.5)
Sbp(51, -3.1415927410125732, 0, -1.5707963705062866, -8.899993896484375, 9.600000381469727, -4.5)
Sbp(51, 1.5707963705062866, 0, -0, -1.5, 22.600000381469727, 5.100006103515625)
Sbp(51, 1.5707963705062866, -0, -3.1415927410125732, -8.5, 20.600000381469727, -4.100006103515625)
Sbp(51, -3.1415927410125732, 0, -1.5707963705062866, -8.899993896484375, 20.600000381469727, 11.5)
Sbp(51, 1.5707963705062866, -0, -3.1415927410125732, -9.5, 20.600000381469727, -4.100006103515625)
Sbp(51, -3.1415927410125732, 0, -3.1415927410125732, -9.5, 9.199999809265137, 0.5)
Sbp(51, -3.1415927410125732, 0, -3.1415927410125732, -8.5, 9.199999809265137, 0.5)
Sbp(51, -3.1415927410125732, 0, -3.1415927410125732, 2.5, 25.200000762939453, -6.5)
Sbp(51, -3.1415927410125732, 0, -3.1415927410125732, 2.5, 24.200000762939453, -6.5)
Sbp(51, -1.5707963705062866, -1.5707963705062866, 0, -8.5, 32.60000228881836, 22.899993896484375)
Sbp(51, -1.5707963705062866, -1.5707963705062866, 0, -8.5, 31.600000381469727, 26.899993896484375)
Sbp(51, 1.5707963705062866, 1.5707963705062866, 0, -7.5, 19.600000381469727, 31.100006103515625)
Sbp(51, 1.5707963705062866, 1.5707963705062866, 0, -7.5, 20.600000381469727, 31.100006103515625)
Sbp(51, -1.5707963705062866, -1.5707963705062866, 0, -8.5, 34.60000228881836, 22.899993896484375)
Sbp(51, 3.1415927410125732, 1.5707963705062866, 0, -7.5, 21, 40.5)
Sbp(51, 1.5707963705062866, 1.5707963705062866, 0, -7.5, 28.600000381469727, 31.100006103515625)
Sbp(51, 3.1415927410125732, 1.5707963705062866, 0, -7.5, 29, 40.5)
Sbp(51, 0, 1.5707963705062866, 0, -7.5, 27.200000762939453, 43.5)
Sbp(51, -1.5707963705062866, -1.5707963705062866, 0, -7.5, 27.600000381469727, 28.899993896484375)
Sbp(51, -0, -1.5707963705062866, 0, -7.5, 31.200000762939453, 32.5)
Sbp(51, 0, 1.5707963705062866, 0, -7.5, 31.200000762939453, 39.5)
Sbp(51, -0, 0, -0, -7.5, 28.200000762939453, 30.5)
Sbp(51, -0, -1.5707963705062866, 0, -8.5, 44.20000076293945, 31.5)
Sbp(51, -0, 0, -0, -7.5, 30.200000762939453, 34.5)
Sbp(51, -1.5707963705062866, 0, -1.5707963705062866, 11.100006103515625, 9.600000381469727, 34.5)
Sbp(51, -1.5707963705062866, 0, -1.5707963705062866, 12.100006103515625, 20.600000381469727, 25.5)
Sbp(51, -3.1415927410125732, 0, -3.1415927410125732, 13.5, 20.200000762939453, 3.5)
Sbp(51, 1.5707963705062866, 0, -0, -10.5, 40.60000228881836, -12.899993896484375)
Sbp(51, 1.5707963705062866, 0, -1.5707963705062866, -10.899993896484375, 41.60000228881836, -12.5)
Sbp(51, -1.5707963705062866, 1.5707963705062866, 0, 13.5, 50.60000228881836, -5.100006103515625)
Sbp(51, -1.5707963705062866, 1.5707963705062866, 0, 13.5, 51.60000228881836, 38.899993896484375)
Sbp(51, 1.5707963705062866, -1.5707963705062866, 0, -9.5, 42.60000228881836, -12.899993896484375)
Sbp(51, -1.5707963705062866, 1.5707963705062866, 0, 13.5, 51.60000228881836, -5.100006103515625)
Sbp(51, -1.5707963705062866, -1.5707963705062866, 0, -8.5, 31.600000381469727, 30.899993896484375)
Sbp(51, -0, 0, -0, 17.5, 59.20000076293945, -3.5)
Sbp(51, -1.5707963705062866, -1.5707963705062866, 0, -8.5, 31.600000381469727, 29.899993896484375)
Sbp(51, -0, 0, -0, 17.5, 59.20000076293945, 3.5)
Sbp(51, -1.5707963705062866, 1.5707963705062866, 0, 13.5, 50.60000228881836, 38.899993896484375)
Sbp(51, 1.5707963705062866, -1.5707963705062866, 0, 4.5, 42.60000228881836, -12.899993896484375)
Sbp(51, 1.5707963705062866, -1.5707963705062866, 0, 2.5, 42.60000228881836, -12.899993896484375)
Sbp(51, -0, -1.5707963705062866, 0, -8.5, 44.20000076293945, 29.5)
Sbp(51, -1.5707963705062866, -1.5707963705062866, 0, -8.5, 43.60000228881836, 33.899993896484375)
Sbp(51, 1.5707963705062866, -1.5707963705062866, 0, -8.5, 34.60000228881836, 35.100006103515625)
Sbp(51, 1.5707963705062866, 0, -1.5707963705062866, 4.100006103515625, 41.60000228881836, -12.5)
Sbp(51, -1.5707963705062866, -1.5707963705062866, 0, 80.5, 23.80000114440918, -60.100006103515625)
Sbp(51, -0, 0, -0, -7.5, 27.200000762939453, 30.5)
Sbp(51, -0, 0, -0, -7.5, 27.200000762939453, 29.5)
Sbp(51, 1.5707963705062866, -0, -3.1415927410125732, -7.5, 29.600000381469727, 39.899993896484375)
Sbp(51, -0, 0, -0, -7.5, 29.200000762939453, 31.5)
Sbp(51, 1.5707963705062866, 0, 1.5707963705062866, 7.899993896484375, 71.5999984741211, 2.5)
Sbp(51, -0, -1.5707963705062866, 0, 4.5, 67.20000457763672, 49.5)
Sbp(51, 1.5707963705062866, 0, 1.5707963705062866, 7.899993896484375, 71.5999984741211, 3.5)
Sbp(51, 1.5707963705062866, -1.5707963705062866, 0, -7.5, 20.600000381469727, 29.100006103515625)
Sbp(51, -3.1415927410125732, -1.5707963705062866, 0, 11.5, 55, 38.5)
Sbp(51, -3.1415927410125732, 0, -1.5707963705062866, -4.899993896484375, 19.600000381469727, -10.5)
Sbp(51, -3.1415927410125732, 0, -1.5707963705062866, -1.899993896484375, 19.600000381469727, -10.5)
Sbp(51, -3.1415927410125732, -1.5707963705062866, 0, 8.5, 25, 39.5)
Sbp(51, -0, 0, -3.1415927410125732, 8.5, 26, 39.5)
Sbp(51, -0, 0, -3.1415927410125732, 0.5, 22, 39.5)
Sbp(51, 1.5707963705062866, 0, -1.5707963705062866, -0.899993896484375, 24.600000381469727, 39.5)
Sbp(51, -0, 0, -3.1415927410125732, 7.5, 22, 39.5)
Sbp(51, -1.5707963705062866, -1.5707963705062866, 0, 10.5, 17.600000381469727, 36.899993896484375)
Sbp(51, -3.1415927410125732, 0, -0, -6.5, 39, -11.5)
Sbp(51, -1.5707963705062866, -1.5707963705062866, 0, -2.5, 21.600000381469727, 22.899993896484375)
Sbp(51, -1.5707963705062866, -1.5707963705062866, 0, -8.5, 32.60000228881836, 31.899993896484375)
Sbp(51, -1.5707963705062866, -1.5707963705062866, 0, -8.5, 31.600000381469727, 31.899993896484375)
Sbp(51, -1.5707963705062866, -1.5707963705062866, 0, -8.5, 34.60000228881836, 33.899993896484375)
Sbp(51, -1.5707963705062866, -1.5707963705062866, 0, -8.5, 32.60000228881836, 33.899993896484375)
Sbp(51, -1.5707963705062866, -1.5707963705062866, 0, -8.5, 35.60000228881836, 34.899993896484375)
Sbp(51, 3.1415927410125732, 1.5707963705062866, 0, 12.5, 49, 36.5)
Sbp(51, -3.1415927410125732, -1.5707963705062866, 0, -5.5, 38, -11.5)
Sbp(51, -1.5707963705062866, -1.5707963705062866, 0, -8.5, 43.60000228881836, 22.899993896484375)
Sbp(51, -0, 0, -0, -17.5, 50.20000076293945, 0.5)
Sbp(51, 1.5707963705062866, -0, -3.1415927410125732, -7.5, 30.600000381469727, 37.899993896484375)
Sbp(51, 1.5707963705062866, -1.5707963705062866, 0, -7.5, 17.600000381469727, 33.100006103515625)
Sbp(51, -1.5707963705062866, -1.5707963705062866, 0, -8.5, 33.60000228881836, 33.899993896484375)
Sbp(51, -1.5707963705062866, -1.5707963705062866, 0, -8.5, 41.60000228881836, 20.899993896484375)
Sbp(51, -0, -1.5707963705062866, 0, -8.5, 43.20000076293945, 31.5)
Sbp(51, -1.5707963705062866, -1.5707963705062866, 0, -8.5, 41.60000228881836, 34.899993896484375)
Sbp(51, -1.5707963705062866, -1.5707963705062866, 0, -8.5, 31.600000381469727, 25.899993896484375)
Sbp(51, -1.5707963705062866, -1.5707963705062866, 0, -8.5, 42.60000228881836, 22.899993896484375)
Sbp(51, 1.5707963705062866, -0, -3.1415927410125732, 8.5, 10.600000381469727, 36.899993896484375)
Sbp(51, 1.5707963705062866, 0, -0, 8.5, 13.600000381469727, 36.100006103515625)
Sbp(51, 1.5707963705062866, 0, -1.5707963705062866, 9.100006103515625, 10.600000381469727, 36.5)
Sbp(51, -0, 0, -3.1415927410125732, -8.5, 26, -6.5)
Sbp(51, -0, 0, -0, -9.5, 25.200000762939453, 11.5)
Sbp(51, 1.5707963705062866, -1.5707963705062866, 0, 14.5, 7.599999904632568, 3.100006103515625)
Sbp(51, 1.5707963705062866, -1.5707963705062866, 0, 14.5, 7.599999904632568, 4.100006103515625)
Sbp(51, -0, -1.5707963705062866, 0, 14.5, 7.200000286102295, 25.5)
Sbp(51, -1.5707963705062866, -1.5707963705062866, 0, 11.5, 16.600000381469727, 28.899993896484375)
Sbp(51, -1.5707963705062866, 0, -1.5707963705062866, 11.100006103515625, 9.600000381469727, 30.5)
Sbp(51, -1.5707963705062866, 0, -1.5707963705062866, 11.100006103515625, 14.600000381469727, 30.5)
Sbp(51, -1.5707963705062866, -1.5707963705062866, 0, 15.5, 20.600000381469727, 22.899993896484375)
Sbp(51, -1.5707963705062866, 0, -3.1415927410125732, 15.5, 12.600000381469727, 11.100006103515625)
Sbp(51, -3.1415927410125732, 0, -3.1415927410125732, 12.5, 20.200000762939453, 3.5)
Sbp(51, 1.5707963705062866, 0, -0, 15.5, 37.60000228881836, 20.100006103515625)
Sbp(51, 1.5707963705062866, 0, -0, 15.5, 38.60000228881836, 18.100006103515625)
Sbp(51, 1.5707963705062866, 0, -0, 15.5, 35.60000228881836, 19.100006103515625)
Sbp(51, 1.5707963705062866, 0, -0, 15.5, 36.60000228881836, 17.100006103515625)
Sbp(51, 1.5707963705062866, 0, -0, 15.5, 37.60000228881836, 17.100006103515625)
Sbp(51, 1.5707963705062866, 0, -0, 15.5, 36.60000228881836, 20.100006103515625)
Sbp(51, 1.5707963705062866, 0, -0, 15.5, 35.60000228881836, 18.100006103515625)
Sbp(51, 1.5707963705062866, 0, -0, 15.5, 38.60000228881836, 19.100006103515625)
Sbp(51, -1.5707963705062866, -1.5707963705062866, 0, 15.5, 27.600000381469727, 22.899993896484375)
Sbp(51, -1.5707963705062866, -1.5707963705062866, 0, 15.5, 28.600000381469727, 22.899993896484375)
Sbp(51, -1.5707963705062866, -1.5707963705062866, 0, 15.5, 29.600000381469727, 22.899993896484375)
Sbp(51, 0, 1.5707963705062866, 0, 15.5, 33.20000076293945, 28.5)
Sbp(51, 0, 1.5707963705062866, 0, 15.5, 33.20000076293945, 26.5)
Sbp(51, 0, 1.5707963705062866, 0, 15.5, 33.20000076293945, 27.5)
Sbp(51, -1.5707963705062866, 0, 1.5707963705062866, 16.899993896484375, 59.60000228881836, -3.5)
Sbp(51, 1.5707963705062866, -1.5707963705062866, 0, -7.5, 42.60000228881836, -12.899993896484375)
Sbp(51, 1.5707963705062866, -1.5707963705062866, 0, 3.5, 42.60000228881836, -12.899993896484375)
Sbp(51, 3.1415927410125732, 1.5707963705062866, 0, 12.5, 49, 29.5)
Sbp(51, 1.5707963705062866, -1.5707963705062866, 0, -10.5, 42.60000228881836, -12.899993896484375)
Sbp(51, -0, -1.5707963705062866, 0, -14.5, 32.20000076293945, -0.5)
Sbp(51, -1.5707963705062866, 1.5707963705062866, 0, 0.5, 42.60000228881836, -11.100006103515625)
Sbp(51, -1.5707963705062866, 1.5707963705062866, 0, -4.5, 45.60000228881836, -11.100006103515625)
Sbp(51, -3.1415927410125732, 0, -0, 2.5, 56, 16.5)
Sbp(51, -1.5707963705062866, 1.5707963705062866, 0, -1.5, 45.60000228881836, -11.100006103515625)
Sbp(51, -0, 0, -0, -5.5, 55.20000076293945, 10.5)
Sbp(51, -0, 0, -0, -6.5, 55.20000076293945, 10.5)
Sbp(51, -3.1415927410125732, 0, -0, -3.5, 47, -11.5)
Sbp(51, -3.1415927410125732, 0, -0, -2.5, 47, -11.5)
Sbp(51, -0, -1.5707963705062866, 0, -8.5, 34.20000076293945, 32.5)
Sbp(51, 1.5707963705062866, -1.5707963705062866, 0, -7.5, 26.600000381469727, 42.100006103515625)
Sbp(51, 1.5707963705062866, -0, -3.1415927410125732, -7.5, 30.600000381469727, 39.899993896484375)
Sbp(51, 1.5707963705062866, -1.5707963705062866, 0, -7.5, 25.600000381469727, 42.100006103515625)
Sbp(51, 1.5707963705062866, -1.5707963705062866, 0, -7.5, 18.600000381469727, 39.100006103515625)
Sbp(51, 1.5707963705062866, -0, -3.1415927410125732, -7.5, 30.600000381469727, 38.899993896484375)
Sbp(51, -1.5707963705062866, -1.5707963705062866, 0, -8.5, 32.60000228881836, 32.899993896484375)
Sbp(51, 1.5707963705062866, -1.5707963705062866, 0, -7.5, 20.600000381469727, 42.100006103515625)
Sbp(51, -1.5707963705062866, 0, -1.5707963705062866, -6.899993896484375, 7.599999904632568, 15.5)
Sbp(51, -1.5707963705062866, 0, -1.5707963705062866, 10.100006103515625, 7.599999904632568, 39.5)
Sbp(51, -0, -1.5707963705062866, 0, 2.5, 7.200000286102295, -10.5)
Sbp(51, 3.1415927410125732, 1.5707963705062866, 0, -9.5, 55, 8.5)
Sbp(51, 1.5707963705062866, 0, -1.5707963705062866, -0.899993896484375, 25.600000381469727, 39.5)
Sbp(51, 3.1415927410125732, 1.5707963705062866, 0, -5.5, 26, 13.5)
Sbp(51, -3.1415927410125732, 0, -3.1415927410125732, -10.5, 24.200000762939453, 13.5)
Sbp(51, -3.1415927410125732, 0, -3.1415927410125732, -10.5, 25.200000762939453, 13.5)
Sbp(51, 3.1415927410125732, 1.5707963705062866, 0, -5.5, 25, 13.5)
Sbp(51, 1.5707963705062866, -1.5707963705062866, 0, -7.5, 21.600000381469727, 42.100006103515625)
Sbp(51, 1.5707963705062866, 1.5707963705062866, 0, -7.5, 20.600000381469727, 43.100006103515625)
Sbp(51, 1.5707963705062866, -0, -3.1415927410125732, -7.5, 29.600000381469727, 41.899993896484375)
Sbp(51, 1.5707963705062866, -1.5707963705062866, 0, -7.5, 19.600000381469727, 41.100006103515625)
Sbp(51, 1.5707963705062866, -1.5707963705062866, 0, -7.5, 22.600000381469727, 29.100006103515625)
Sbp(51, 1.5707963705062866, -1.5707963705062866, 0, -7.5, 17.600000381469727, 39.100006103515625)
Sbp(51, -3.1415927410125732, 0, -1.5707963705062866, -11.899993896484375, 23.600000381469727, 6.5)
Sbp(51, -1.5707963705062866, -1.5707963705062866, 0, 11.5, 23.600000381469727, 28.899993896484375)
Sbp(51, -1.5707963705062866, -1.5707963705062866, 0, 15.5, 20.600000381469727, 23.899993896484375)
Sbp(51, -3.1415927410125732, 0, -3.1415927410125732, 88.5, 36.20000076293945, -2.5)
Sbp(51, 3.1415927410125732, -0, 1.5707963705062866, 85.89999389648438, 44.60000228881836, 13.5)
Sbp(51, 3.1415927410125732, -0, 1.5707963705062866, 68.89999389648438, 44.60000228881836, 13.5)
Sbp(51, 3.1415927410125732, -0, 1.5707963705062866, 69.89999389648438, 44.60000228881836, 13.5)
Sbp(51, -0, -0, -1.5707963705062866, 70.10000610351562, 46.60000228881836, 13.5)
Sbp(51, 3.1415927410125732, -0, 1.5707963705062866, 84.89999389648438, 45.60000228881836, 13.5)
Sbp(51, -0, -0, -1.5707963705062866, 83.10000610351562, 46.60000228881836, 13.5)
Sbp(51, -0, -0, -1.5707963705062866, 82.10000610351562, 46.60000228881836, 13.5)
Sbp(51, 3.1415927410125732, -0, 1.5707963705062866, 84.89999389648438, 44.60000228881836, 13.5)
Sbp(51, -0, -0, -1.5707963705062866, 71.10000610351562, 46.60000228881836, 13.5)
Sbp(51, 3.1415927410125732, -0, 1.5707963705062866, 69.89999389648438, 45.60000228881836, 13.5)
Sbp(51, 1.5707963705062866, -1.5707963705062866, 0, 7.5, 4.599999904632568, 43.100006103515625)
Sbp(51, 0, 1.5707963705062866, 0, 0.5, 4.200000286102295, 43.5)
Sbp(51, 0, 1.5707963705062866, 0, 0.5, 5.200000286102295, 43.5)
Sbp(51, 0, 1.5707963705062866, 0, 0.5, 4.200000286102295, 42.5)
Sbp(51, -1.5707963705062866, 0, -1.5707963705062866, -48.899993896484375, 0.6000000238418579, -25.5)
Sbp(51, -3.1415927410125732, 0, -1.5707963705062866, -50.899993896484375, 1.600000023841858, -52.5)
Sbp(51, 3.1415927410125732, -0, 1.5707963705062866, 31.899993896484375, 1.600000023841858, -49.5)
Sbp(51, -1.5707963705062866, 0, -3.1415927410125732, -51.5, 1.600000023841858, -52.899993896484375)
Sbp(51, -1.5707963705062866, 0, -3.1415927410125732, -51.5, 0.6000000238418579, -52.899993896484375)
Sbp(51, 3.1415927410125732, -0, 1.5707963705062866, 31.899993896484375, 0.6000000238418579, -49.5)
Sbp(51, 0, 0, 1.5707963705062866, -59.100006103515625, 1.600000023841858, -49.5)
Sbp(51, -1.5707963705062866, 0, -1.5707963705062866, -25.899993896484375, 1.600000023841858, -51.5)
Sbp(51, 0, 0, 1.5707963705062866, -59.100006103515625, 0.6000000238418579, -49.5)
Sbp(51, -1.5707963705062866, 0, -1.5707963705062866, -48.899993896484375, 1.600000023841858, -25.5)
Sbp(51, 3.1415927410125732, 1.5707963705062866, 0, -48.5, 1, -51.5)
Sbp(51, 3.1415927410125732, 1.5707963705062866, 0, -48.5, 1, -50.5)
Sbp(51, 3.1415927410125732, 1.5707963705062866, 0, -49.5, 1, -28.5)
Sbp(51, 3.1415927410125732, 1.5707963705062866, 0, -26.5, 1, -28.5)
Sbp(51, 1.5707963705062866, -1.5707963705062866, 0, -27.5, 0.6000000238418579, -21.899993896484375)
Sbp(51, 1.5707963705062866, -1.5707963705062866, 0, -27.5, 1.600000023841858, -21.899993896484375)
Sbp(51, -0, -1.5707963705062866, 0, 52.5, 19.200000762939453, -52.5)
Sbp(51, -0, -1.5707963705062866, 0, 52.5, 19.200000762939453, -51.5)
Sbp(51, -1.5707963705062866, -0, -0, 54.5, 31.600000381469727, -56.100006103515625)
Sbp(54, -0, 0, -3.1415927410125732, 56, 61, -42)
Sbp(54, -0, 0, -0, 46, 36.20000076293945, -25)
Sbp(54, -0, -1.5707963705062866, 0, 85, 44.20000076293945, -65)
Sbp(54, -0, 0, -0, 42, 34.20000076293945, -33)
Sbp(54, -0, -1.5707963705062866, 0, 57, 42.20000076293945, -69)
Sbp(54, -0, 0, -0, 70, 69.20000457763672, -2)
Sbp(54, -3.1415927410125732, 0, -0, 86, 63, -2)
Sbp(54, -0, -1.5707963705062866, 0, 73, 42.20000076293945, -69)
Sbp(54, -0, 0, -3.1415927410125732, 42, 34, -49)
Sbp(54, -0, 0, -3.1415927410125732, 66, 67, -38)
Sbp(54, -0, -1.5707963705062866, 0, 69, 36.20000076293945, -81)
Sbp(54, -0, 0, -0, 50, 38.20000076293945, -41)
Sbp(54, -0, 0, -0, 50, 38.20000076293945, -49)
Sbp(54, -0, -1.5707963705062866, 0, 61, 36.20000076293945, -81)
Sbp(54, -0, 0, -0, 62, 65.20000457763672, -38)
Sbp(54, -0, 0, -3.1415927410125732, 70, 69, -26)
Sbp(54, -0, -1.5707963705062866, 0, 73, 38.20000076293945, -77)
Sbp(54, -0, -1.5707963705062866, 0, 57, 38.20000076293945, -77)
Sbp(54, -0, -1.5707963705062866, 0, 85, 40.20000076293945, -73)
Sbp(54, -0, -1.5707963705062866, 0, 73, 44.20000076293945, -65)
Sbp(54, -0, -1.5707963705062866, 0, 81, 38.20000076293945, -77)
Sbp(54, -0, -1.5707963705062866, 0, 85, 42.20000076293945, -69)
Sbp(54, -0, -1.5707963705062866, 0, 85, 38.20000076293945, -77)
Sbp(54, -0, -1.5707963705062866, 0, 81, 40.20000076293945, -73)
Sbp(54, -0, -1.5707963705062866, 0, 69, 38.20000076293945, -77)
Sbp(54, -0, -1.5707963705062866, 0, 69, 42.20000076293945, -69)
Sbp(54, -0, -1.5707963705062866, 0, 61, 44.20000076293945, -65)
Sbp(54, -0, -1.5707963705062866, 0, 61, 42.20000076293945, -69)
Sbp(54, -0, -1.5707963705062866, 0, 61, 38.20000076293945, -77)
Sbp(54, -0, -1.5707963705062866, 0, 73, 40.20000076293945, -73)
Sbp(54, -3.1415927410125732, -1.5707963705062866, 0, 85, 44, -65)
Sbp(54, -3.1415927410125732, -1.5707963705062866, 0, 81, 44, -65)
Sbp(54, -3.1415927410125732, -1.5707963705062866, 0, 81, 42, -69)
Sbp(54, -3.1415927410125732, -1.5707963705062866, 0, 85, 40, -73)
Sbp(54, -3.1415927410125732, -1.5707963705062866, 0, 57, 38, -77)
Sbp(54, -3.1415927410125732, -1.5707963705062866, 0, 57, 44, -65)
Sbp(54, -3.1415927410125732, -1.5707963705062866, 0, 85, 38, -77)
Sbp(54, -3.1415927410125732, -1.5707963705062866, 0, 69, 40, -73)
Sbp(54, -3.1415927410125732, -1.5707963705062866, 0, 81, 38, -77)
Sbp(54, -3.1415927410125732, -1.5707963705062866, 0, 73, 42, -69)
Sbp(54, -3.1415927410125732, -1.5707963705062866, 0, 73, 38, -77)
Sbp(54, -3.1415927410125732, -1.5707963705062866, 0, 69, 44, -65)
Sbp(54, -3.1415927410125732, -1.5707963705062866, 0, 61, 40, -73)
Sbp(54, -3.1415927410125732, -1.5707963705062866, 0, 81, 40, -73)
Sbp(54, -3.1415927410125732, -1.5707963705062866, 0, 69, 38, -77)
Sbp(54, -3.1415927410125732, -1.5707963705062866, 0, 61, 44, -65)
Sbp(54, -3.1415927410125732, -1.5707963705062866, 0, 61, 38, -77)
Sbp(54, -3.1415927410125732, -1.5707963705062866, 0, 69, 42, -69)
Sbp(54, -0, -1.5707963705062866, 0, 57, 44.20000076293945, -65)
Sbp(54, -0, -1.5707963705062866, 0, 69, 40.20000076293945, -73)
Sbp(54, -0, -1.5707963705062866, 0, 81, 44.20000076293945, -65)
Sbp(54, -0, -1.5707963705062866, 0, 81, 42.20000076293945, -69)
Sbp(54, -0, -1.5707963705062866, 0, 69, 44.20000076293945, -65)
Sbp(54, -0, 0, -3.1415927410125732, 54, 61, -62)
Sbp(54, -3.1415927410125732, -1.5707963705062866, 0, 73, 40, -73)
Sbp(54, -3.1415927410125732, -1.5707963705062866, 0, 61, 42, -69)
Sbp(54, -3.1415927410125732, -1.5707963705062866, 0, 73, 44, -65)
Sbp(54, -3.1415927410125732, -1.5707963705062866, 0, 57, 42, -69)
Sbp(54, -3.1415927410125732, -1.5707963705062866, 0, 89, 45, -65)
Sbp(54, -3.1415927410125732, -1.5707963705062866, 0, 89, 41, -73)
Sbp(54, -3.1415927410125732, -1.5707963705062866, 0, 89, 37, -81)
Sbp(54, -3.1415927410125732, -1.5707963705062866, 0, 77, 45, -65)
Sbp(54, -0, 0, -3.1415927410125732, 62, 65, -62)
Sbp(54, -0, -1.5707963705062866, 0, 77, 43.20000076293945, -69)
Sbp(54, -0, -1.5707963705062866, 0, 77, 41.20000076293945, -73)
Sbp(54, -0, -1.5707963705062866, 0, 77, 37.20000076293945, -81)
Sbp(54, -3.1415927410125732, -1.5707963705062866, 0, 77, 37, -81)
Sbp(54, -0, -1.5707963705062866, 0, 77, 45.20000076293945, -65)
Sbp(54, -0, -1.5707963705062866, 0, 65, 37.20000076293945, -81)
Sbp(54, -0, -1.5707963705062866, 0, 65, 39.20000076293945, -77)
Sbp(54, -0, -1.5707963705062866, 0, 77, 39.20000076293945, -77)
Sbp(54, -0, -1.5707963705062866, 0, 57, 40.20000076293945, -73)
Sbp(54, -0, -1.5707963705062866, 0, 65, 45.20000076293945, -65)
Sbp(54, -0, -1.5707963705062866, 0, 65, 41.20000076293945, -73)
Sbp(54, -3.1415927410125732, -1.5707963705062866, 0, 65, 45, -65)
Sbp(54, -0, -1.5707963705062866, 0, 65, 43.20000076293945, -69)
Sbp(54, -3.1415927410125732, -1.5707963705062866, 0, 77, 41, -73)
Sbp(54, -0, -1.5707963705062866, 0, 53, 37.20000076293945, -81)
Sbp(54, -3.1415927410125732, -1.5707963705062866, 0, 89, 39, -77)
Sbp(54, -0, -1.5707963705062866, 0, 89, 41.20000076293945, -73)
Sbp(54, -0, -1.5707963705062866, 0, 53, 39.20000076293945, -77)
Sbp(54, -3.1415927410125732, -1.5707963705062866, 0, 53, 37, -81)
Sbp(54, -3.1415927410125732, -1.5707963705062866, 0, 53, 39, -77)
Sbp(54, -0, -1.5707963705062866, 0, 53, 45.20000076293945, -65)
Sbp(54, -0, -1.5707963705062866, 0, 89, 37.20000076293945, -81)
Sbp(54, -3.1415927410125732, -1.5707963705062866, 0, 53, 43, -69)
Sbp(54, -0, -1.5707963705062866, 0, 89, 39.20000076293945, -77)
Sbp(54, -0, -1.5707963705062866, 0, 53, 41.20000076293945, -73)
Sbp(54, -3.1415927410125732, -1.5707963705062866, 0, 77, 39, -77)
Sbp(54, -0, -1.5707963705062866, 0, 89, 43.20000076293945, -69)
Sbp(54, -0, -1.5707963705062866, 0, 89, 45.20000076293945, -65)
Sbp(54, -3.1415927410125732, -1.5707963705062866, 0, 89, 43, -69)
Sbp(54, -0, -1.5707963705062866, 0, 53, 43.20000076293945, -69)
Sbp(54, -3.1415927410125732, -1.5707963705062866, 0, 53, 45, -65)
Sbp(54, -3.1415927410125732, -1.5707963705062866, 0, 53, 41, -73)
Sbp(54, -3.1415927410125732, -1.5707963705062866, 0, 65, 41, -73)
Sbp(54, -3.1415927410125732, 0, -0, 78, 67, -38)
Sbp(54, -3.1415927410125732, -1.5707963705062866, 0, 65, 43, -69)
Sbp(54, -0, 0, -0, 46, 37.20000076293945, -29)
Sbp(54, -0, 0, -3.1415927410125732, 42, 35, -53)
Sbp(54, -0, 0, -3.1415927410125732, 46, 37, -53)
Sbp(54, -0, 0, -3.1415927410125732, 42, 35, -37)
Sbp(54, -3.1415927410125732, -1.5707963705062866, 0, 65, 37, -81)
Sbp(54, -0, 0, -0, 42, 35.20000076293945, -45)
Sbp(54, -0, 0, -3.1415927410125732, 42, 35, -29)
Sbp(54, -0, 0, -3.1415927410125732, 50, 39, -37)
Sbp(54, -0, 0, -0, 50, 39.20000076293945, -53)
Sbp(54, -0, 0, -0, 50, 39.20000076293945, -37)
Sbp(54, -0, 0, -0, 46, 37.20000076293945, -53)
Sbp(54, -3.1415927410125732, -1.5707963705062866, 0, 77, 43, -69)
Sbp(54, -0, 0, -0, 42, 35.20000076293945, -37)
Sbp(54, -0, 0, -3.1415927410125732, 50, 39, -53)
Sbp(54, -0, 0, -0, 46, 37.20000076293945, -37)
Sbp(54, -0, 0, -3.1415927410125732, 46, 37, -37)
Sbp(54, -0, 0, -3.1415927410125732, 50, 39, -45)
Sbp(54, -0, 0, -3.1415927410125732, 42, 35, -45)
Sbp(54, -0, 0, -0, 50, 39.20000076293945, -45)
Sbp(54, -0, 0, -0, 50, 39.20000076293945, -29)
Sbp(54, -0, 0, -0, 42, 35.20000076293945, -53)
Sbp(54, -0, 0, -3.1415927410125732, 46, 37, -29)
Sbp(54, -0, 0, -0, 58, 63.20000076293945, -38)
Sbp(54, -0, 0, -3.1415927410125732, 46, 37, -45)
Sbp(54, -0, 0, -3.1415927410125732, 50, 39, -29)
Sbp(54, -0, 0, -0, 46, 37.20000076293945, -45)
Sbp(54, -0, 0, -0, 66, 67.20000457763672, -2)
Sbp(54, 1.5707963705062866, 1.5707963705062866, 0, 46, 11.100000381469727, -49.899993896484375)
Sbp(54, -0, 0, -0, 42, 34.20000076293945, -25)
Sbp(54, -0, -1.5707963705062866, 0, 57, 36.20000076293945, -81)
Sbp(54, -0, -1.5707963705062866, 0, 61, 40.20000076293945, -73)
Sbp(54, -0, -1.5707963705062866, 0, 85, 36.20000076293945, -81)
Sbp(54, -0, -1.5707963705062866, 0, 81, 36.20000076293945, -81)
Sbp(54, -0, 0, -0, 50, 38.20000076293945, -25)
Sbp(54, -0, -1.5707963705062866, 0, 73, 36.20000076293945, -81)
Sbp(54, -0, 0, -3.1415927410125732, 42, 34, -41)
Sbp(54, -0, 0, -3.1415927410125732, 50, 38, -33)
Sbp(54, -0, 0, -3.1415927410125732, 46, 36, -33)
Sbp(54, -0, 0, -0, 50, 38.20000076293945, -33)
Sbp(54, -0, 0, -3.1415927410125732, 50, 38, -41)
Sbp(54, -0, 0, -0, 46, 36.20000076293945, -49)
Sbp(54, -0, 0, -3.1415927410125732, 42, 34, -25)
Sbp(54, -0, 0, -3.1415927410125732, 50, 38, -25)
Sbp(54, -0, 0, -3.1415927410125732, 42, 34, -33)
Sbp(54, -0, 0, -3.1415927410125732, 46, 36, -49)
Sbp(54, -0, 0, -0, 46, 36.20000076293945, -41)
Sbp(54, -0, 0, -3.1415927410125732, 50, 38, -49)
Sbp(54, -0, 0, -0, 42, 34.20000076293945, -49)
Sbp(54, -0, 0, -0, 42, 34.20000076293945, -41)
Sbp(54, -3.1415927410125732, 0, -3.1415927410125732, 86, 63.20000076293945, -38)
Sbp(54, -0, 0, -3.1415927410125732, 46, 36, -41)
Sbp(54, -0, 0, -3.1415927410125732, 46, 36, -25)
Sbp(54, -0, 0, -3.1415927410125732, 54, 61, -14)
Sbp(54, -3.1415927410125732, 0, -3.1415927410125732, 90, 61.20000076293945, -38)
Sbp(54, -3.1415927410125732, 0, -0, 90, 61, -14)
Sbp(54, -0, 0, -0, 50, 59.20000076293945, -62)
Sbp(54, -0, 0, -0, 54, 61.20000076293945, -50)
Sbp(54, -0, 0, -0, 54, 61.20000076293945, -38)
Sbp(54, -3.1415927410125732, 0, -3.1415927410125732, 82, 65.20000457763672, -38)
Sbp(54, -3.1415927410125732, 0, -0, 78, 67, -2)
Sbp(54, -0, 0, -0, 58, 63.20000076293945, -62)
Sbp(54, -3.1415927410125732, 0, -3.1415927410125732, 94, 59.20000076293945, -38)
Sbp(54, -3.1415927410125732, 0, -0, 90, 61, -26)
Sbp(54, -3.1415927410125732, 0, -0, 90, 61, -2)
Sbp(54, -0, 0, -3.1415927410125732, 62, 65, -38)
Sbp(54, -0, 0, -3.1415927410125732, 54, 61, -50)
Sbp(54, -0, 0, -0, 54, 61.20000076293945, -62)
Sbp(54, -0, 0, -3.1415927410125732, 58, 63, -14)
Sbp(54, -0, 0, -3.1415927410125732, 58, 63, -38)
Sbp(54, -0, 0, -3.1415927410125732, 54, 61, -38)
Sbp(54, -0, 0, -0, 50, 59.20000076293945, -38)
Sbp(54, -0, 0, -0, 66, 67.20000457763672, -38)
Sbp(54, -0, 0, -3.1415927410125732, 70, 69, -38)
Sbp(54, -3.1415927410125732, 0, -0, 82, 65, -38)
Sbp(54, -3.1415927410125732, 0, -0, 74, 69, -38)
Sbp(54, -3.1415927410125732, 0, -3.1415927410125732, 78, 67.20000457763672, -38)
Sbp(54, -3.1415927410125732, 0, -3.1415927410125732, 94, 59.20000076293945, -26)
Sbp(54, -3.1415927410125732, 0, -3.1415927410125732, 74, 69.20000457763672, -38)
Sbp(54, -0, 0, -0, 70, 69.20000457763672, -38)
Sbp(54, -3.1415927410125732, 0, -0, 86, 63, -38)
Sbp(54, -3.1415927410125732, 0, -0, 90, 61, -38)
Sbp(54, -0, 0, -3.1415927410125732, 58, 63, -26)
Sbp(54, -0, 0, -0, 62, 65.20000457763672, -26)
Sbp(54, -0, 0, -0, 58, 63.20000076293945, -26)
Sbp(54, -0, 0, -0, 66, 67.20000457763672, -26)
Sbp(54, -3.1415927410125732, 0, -3.1415927410125732, 74, 69.20000457763672, -14)
Sbp(54, -3.1415927410125732, 0, -3.1415927410125732, 90, 61.20000076293945, -26)
Sbp(54, -3.1415927410125732, 0, -3.1415927410125732, 82, 65.20000457763672, -26)
Sbp(54, -3.1415927410125732, 0, -3.1415927410125732, 78, 67.20000457763672, -26)
Sbp(54, -3.1415927410125732, 0, -0, 82, 65, -26)
Sbp(54, -3.1415927410125732, 0, -3.1415927410125732, 74, 69.20000457763672, -26)
Sbp(54, -3.1415927410125732, 0, -0, 78, 67, -26)
Sbp(54, -3.1415927410125732, 0, -0, 74, 69, -26)
Sbp(54, -3.1415927410125732, 0, -0, 86, 63, -26)
Sbp(54, -0, 0, -3.1415927410125732, 66, 67, -26)
Sbp(54, -0, 0, -0, 70, 69.20000457763672, -26)
Sbp(54, -0, 0, -3.1415927410125732, 62, 65, -26)
Sbp(54, -0, 0, -0, 54, 61.20000076293945, -26)
Sbp(54, -0, 0, -3.1415927410125732, 54, 61, -26)
Sbp(54, -3.1415927410125732, 0, -3.1415927410125732, 86, 63.20000076293945, -26)
Sbp(54, -0, 0, -0, 50, 59.20000076293945, -26)
Sbp(54, -0, 0, -0, 50, 59.20000076293945, -14)
Sbp(54, -0, 0, -0, 62, 65.20000457763672, -14)
Sbp(54, -3.1415927410125732, 0, -3.1415927410125732, 94, 59.20000076293945, -62)
Sbp(54, -3.1415927410125732, 0, -3.1415927410125732, 94, 59.20000076293945, -50)
Sbp(54, -3.1415927410125732, 0, -3.1415927410125732, 90, 61.20000076293945, -62)
Sbp(54, -3.1415927410125732, 0, -3.1415927410125732, 90, 61.20000076293945, -50)
Sbp(54, -3.1415927410125732, 0, -0, 90, 61, -50)
Sbp(54, -3.1415927410125732, 0, -0, 86, 63, -50)
Sbp(54, -0, 0, -0, 70, 69.20000457763672, -62)
Sbp(54, -0, 0, -0, 50, 59.20000076293945, -50)
Sbp(54, -3.1415927410125732, 0, -3.1415927410125732, 74, 69.20000457763672, -62)
Sbp(54, -0, 0, -3.1415927410125732, 58, 63, -62)
Sbp(54, -0, 0, -0, 50, 59.20000076293945, -2)
Sbp(54, -0, 0, -3.1415927410125732, 54, 61, -2)
Sbp(54, -3.1415927410125732, 0, -3.1415927410125732, 86, 63.20000076293945, -2)
Sbp(54, -0, 0, -3.1415927410125732, 70, 69, -2)
Sbp(54, -3.1415927410125732, 0, -3.1415927410125732, 90, 61.20000076293945, -2)
Sbp(54, -3.1415927410125732, 0, -3.1415927410125732, 74, 69.20000457763672, -2)
Sbp(54, -0, 0, -0, 42, 35.20000076293945, -29)
Sbp(54, -3.1415927410125732, -1.5707963705062866, 0, 85, 42, -69)
Sbp(54, -3.1415927410125732, -1.5707963705062866, 0, 57, 40, -73)
Sbp(54, -3.1415927410125732, -1.5707963705062866, 0, 65, 39, -77)
Sbp(54, -0, 0, -0, 46, 36.20000076293945, -33)
Sbp(54, -1.5707963705062866, -1.5707963705062866, 0, 46, 11.100000381469727, -28.100006103515625)
Sbp(54, -1.5707963705062866, -1.5707963705062866, 0, 50, 11.100000381469727, -28.100006103515625)
Sbp(54, 3.1415927410125732, 1.5707963705062866, 0, 50, 15, -32)
Sbp(54, 1.5707963705062866, 1.5707963705062866, 0, 50, 11.100000381469727, -49.899993896484375)
Sbp(54, -0, 0, -3.1415927410125732, 62, 65, -14)
Sbp(54, -3.1415927410125732, 0, -0, 74, 69, -14)
Sbp(54, -3.1415927410125732, 0, -3.1415927410125732, 86, 63.20000076293945, -14)
Sbp(54, -3.1415927410125732, 0, -0, 82, 65, -14)
Sbp(54, -3.1415927410125732, 0, -3.1415927410125732, 78, 67.20000457763672, -14)
Sbp(54, -3.1415927410125732, 0, -3.1415927410125732, 82, 65.20000457763672, -14)
Sbp(54, -3.1415927410125732, 0, -0, 78, 67, -14)
Sbp(54, -0, 0, -0, 70, 69.20000457763672, -14)
Sbp(54, -0, 0, -0, 66, 67.20000457763672, -14)
Sbp(54, -0, 0, -3.1415927410125732, 66, 67, -14)
Sbp(54, -0, 0, -0, 58, 63.20000076293945, -14)
Sbp(54, -0, 0, -3.1415927410125732, 66, 67, -2)
Sbp(54, -0, 0, -0, 58, 63.20000076293945, -2)
Sbp(54, -3.1415927410125732, 0, -0, 82, 65, -2)
Sbp(54, -3.1415927410125732, 0, -3.1415927410125732, 78, 67.20000457763672, -2)
Sbp(54, -3.1415927410125732, 0, -3.1415927410125732, 94, 59.20000076293945, -2)
Sbp(54, -0, 0, -3.1415927410125732, 58, 63, -2)
Sbp(54, -3.1415927410125732, 0, -3.1415927410125732, 82, 65.20000457763672, -2)
Sbp(54, -0, 0, -0, 54, 61.20000076293945, -2)
Sbp(54, -0, 0, -3.1415927410125732, 70, 69, -14)
Sbp(54, -3.1415927410125732, 0, -0, 86, 63, -14)
Sbp(54, -0, 0, -0, 54, 61.20000076293945, -14)
Sbp(54, -3.1415927410125732, 0, -3.1415927410125732, 94, 59.20000076293945, -14)
Sbp(54, -3.1415927410125732, 0, -3.1415927410125732, 90, 61.20000076293945, -14)
Sbp(54, -0, 0, -3.1415927410125732, 68, 67, -6)
Sbp(54, -0, 0, -0, 62, 65.20000457763672, -2)
Sbp(54, -3.1415927410125732, 0, -0, 74, 69, -2)
Sbp(54, -3.1415927410125732, 0, -0, 90, 61, -62)
Sbp(54, -0, 0, -0, 62, 65.20000457763672, -62)
Sbp(54, -3.1415927410125732, 0, -3.1415927410125732, 82, 65.20000457763672, -62)
Sbp(54, -0, 0, -3.1415927410125732, 66, 67, -62)
Sbp(54, -0, 0, -0, 66, 67.20000457763672, -62)
Sbp(54, -0, 0, -3.1415927410125732, 70, 69, -62)
Sbp(54, -3.1415927410125732, 0, -0, 86, 63, -62)
Sbp(54, -3.1415927410125732, 0, -3.1415927410125732, 86, 63.20000076293945, -62)
Sbp(54, -3.1415927410125732, 0, -0, 82, 65, -62)
Sbp(54, -3.1415927410125732, 0, -0, 78, 67, -62)
Sbp(54, -0, 0, -0, 66, 67.20000457763672, -50)
Sbp(54, -0, 0, -3.1415927410125732, 58, 63, -50)
Sbp(54, -0, 0, -0, 58, 63.20000076293945, -50)
Sbp(54, -0, 0, -3.1415927410125732, 62, 65, -50)
Sbp(54, -0, 0, -0, 62, 65.20000457763672, -50)
Sbp(54, -3.1415927410125732, 0, -3.1415927410125732, 74, 69.20000457763672, -50)
Sbp(54, -3.1415927410125732, 0, -0, 78, 67, -50)
Sbp(54, -3.1415927410125732, 0, -0, 82, 65, -50)
Sbp(54, -3.1415927410125732, 0, -0, 74, 69, -50)
Sbp(54, -0, 0, -3.1415927410125732, 66, 67, -50)
Sbp(54, -3.1415927410125732, 0, -3.1415927410125732, 78, 67.20000457763672, -50)
Sbp(54, -0, 0, -3.1415927410125732, 70, 69, -50)
Sbp(54, -3.1415927410125732, 0, -3.1415927410125732, 82, 65.20000457763672, -50)
Sbp(54, -3.1415927410125732, 0, -3.1415927410125732, 86, 63.20000076293945, -50)
Sbp(54, -3.1415927410125732, 0, -3.1415927410125732, 88, 61.20000076293945, -46)
Sbp(54, -3.1415927410125732, 0, -3.1415927410125732, 76, 67.20000457763672, -46)
Sbp(54, -0, 0, -0, 70, 69.20000457763672, -50)
Sbp(54, -0, 0, -0, 68, 67.20000457763672, -42)
Sbp(54, -3.1415927410125732, 0, -3.1415927410125732, 76, 67.20000457763672, -42)
Sbp(54, -3.1415927410125732, 0, -3.1415927410125732, 84, 63.20000076293945, -46)
Sbp(54, -3.1415927410125732, 0, -3.1415927410125732, 88, 61.20000076293945, -42)
Sbp(54, -3.1415927410125732, 0, -3.1415927410125732, 80, 65.20000457763672, -46)
Sbp(54, -3.1415927410125732, 0, -3.1415927410125732, 84, 63.20000076293945, -42)
Sbp(54, -0, 0, -0, 68, 67.20000457763672, -30)
Sbp(54, -3.1415927410125732, 0, -3.1415927410125732, 80, 65.20000457763672, -30)
Sbp(54, -3.1415927410125732, 0, -0, 76, 67, -10)
Sbp(54, -3.1415927410125732, 0, -3.1415927410125732, 84, 63.20000076293945, -30)
Sbp(54, -3.1415927410125732, 0, -3.1415927410125732, 76, 67.20000457763672, -30)
Sbp(54, -3.1415927410125732, 0, -3.1415927410125732, 88, 61.20000076293945, -30)
Sbp(54, -3.1415927410125732, 0, -3.1415927410125732, 92, 59.20000076293945, -34)
Sbp(54, -3.1415927410125732, 0, -3.1415927410125732, 92, 59.20000076293945, -30)
Sbp(54, -3.1415927410125732, 0, -3.1415927410125732, 84, 63.20000076293945, -34)
Sbp(54, -3.1415927410125732, 0, -3.1415927410125732, 76, 67.20000457763672, -34)
Sbp(54, -0, 0, -0, 68, 67.20000457763672, -46)
Sbp(54, -0, 0, -0, 56, 61.20000076293945, -30)
Sbp(54, -0, 0, -0, 52, 59.20000076293945, -34)
Sbp(54, -0, 0, -0, 68, 67.20000457763672, -34)
Sbp(54, -0, 0, -0, 60, 63.20000076293945, -34)
Sbp(54, -0, 0, -0, 64, 65.20000457763672, -30)
Sbp(54, -0, 0, -0, 52, 59.20000076293945, -30)
Sbp(54, -0, 0, -0, 60, 63.20000076293945, -30)
Sbp(54, -0, 0, -0, 64, 65.20000457763672, -34)
Sbp(54, -0, 0, -0, 56, 61.20000076293945, -34)
Sbp(54, -0, 0, -0, 56, 61.20000076293945, -42)
Sbp(54, -0, 0, -0, 68, 67.20000457763672, -54)
Sbp(54, -3.1415927410125732, 0, -3.1415927410125732, 80, 65.20000457763672, -34)
Sbp(54, -0, 0, -0, 68, 67.20000457763672, -22)
Sbp(54, -0, 0, -0, 60, 63.20000076293945, -42)
Sbp(54, -0, 0, -0, 52, 59.20000076293945, -42)
Sbp(54, -0, 0, -0, 60, 63.20000076293945, -46)
Sbp(54, -0, 0, -0, 64, 65.20000457763672, -46)
Sbp(54, -3.1415927410125732, 0, -3.1415927410125732, 84, 63.20000076293945, -10)
Sbp(54, -0, 0, -0, 56, 61.20000076293945, -46)
Sbp(54, -3.1415927410125732, 0, -3.1415927410125732, 88, 61.20000076293945, -34)
Sbp(54, -3.1415927410125732, 0, -3.1415927410125732, 80, 65.20000457763672, -42)
Sbp(54, -3.1415927410125732, 0, -3.1415927410125732, 92, 59.20000076293945, -42)
Sbp(54, -3.1415927410125732, 0, -3.1415927410125732, 92, 59.20000076293945, -46)
Sbp(54, -0, 0, -0, 64, 65.20000457763672, -42)
Sbp(54, -0, 0, -0, 52, 59.20000076293945, -46)
Sbp(54, -3.1415927410125732, 0, -3.1415927410125732, 76, 67.20000457763672, -10)
Sbp(54, -3.1415927410125732, 0, -0, 76, 67, -30)
Sbp(54, -0, 0, -3.1415927410125732, 56, 61, -30)
Sbp(54, -3.1415927410125732, 0, -3.1415927410125732, 80, 65.20000457763672, -6)
Sbp(54, -3.1415927410125732, 0, -3.1415927410125732, 76, 67.20000457763672, -6)
Sbp(54, -3.1415927410125732, 0, -3.1415927410125732, 88, 61.20000076293945, -10)
Sbp(54, -3.1415927410125732, 0, -3.1415927410125732, 84, 63.20000076293945, -6)
Sbp(54, -3.1415927410125732, 0, -3.1415927410125732, 92, 59.20000076293945, -10)
Sbp(54, -3.1415927410125732, 0, -3.1415927410125732, 88, 61.20000076293945, -6)
Sbp(54, -0, 0, -0, 52, 59.20000076293945, -6)
Sbp(54, -0, 0, -0, 64, 65.20000457763672, -10)
Sbp(54, -0, 0, -0, 68, 67.20000457763672, -6)
Sbp(54, -0, 0, -0, 64, 65.20000457763672, -6)
Sbp(54, -0, 0, -0, 68, 67.20000457763672, -10)
Sbp(54, -0, 0, -0, 52, 59.20000076293945, -10)
Sbp(54, -0, 0, -0, 56, 61.20000076293945, -10)
Sbp(54, -0, 0, -0, 56, 61.20000076293945, -6)
Sbp(54, -0, 0, -0, 60, 63.20000076293945, -6)
Sbp(54, -0, 0, -0, 60, 63.20000076293945, -10)
Sbp(54, -3.1415927410125732, 0, -3.1415927410125732, 92, 59.20000076293945, -6)
Sbp(54, -3.1415927410125732, 0, -3.1415927410125732, 76, 67.20000457763672, -22)
Sbp(54, -3.1415927410125732, 0, -3.1415927410125732, 88, 61.20000076293945, -18)
Sbp(54, -3.1415927410125732, 0, -3.1415927410125732, 76, 67.20000457763672, -18)
Sbp(54, -0, 0, -0, 64, 65.20000457763672, -22)
Sbp(54, -0, 0, -0, 60, 63.20000076293945, -18)
Sbp(54, -0, 0, -0, 60, 63.20000076293945, -22)
Sbp(54, -0, 0, -0, 52, 59.20000076293945, -18)
Sbp(54, -0, 0, -0, 56, 61.20000076293945, -22)
Sbp(54, -3.1415927410125732, 0, -3.1415927410125732, 80, 65.20000457763672, -10)
Sbp(54, -0, 0, -0, 52, 59.20000076293945, -22)
Sbp(54, -0, 0, -0, 56, 61.20000076293945, -18)
Sbp(54, -3.1415927410125732, 0, -3.1415927410125732, 80, 65.20000457763672, -18)
Sbp(54, -3.1415927410125732, 0, -3.1415927410125732, 84, 63.20000076293945, -18)
Sbp(54, -3.1415927410125732, 0, -3.1415927410125732, 84, 63.20000076293945, -22)
Sbp(54, -3.1415927410125732, 0, -3.1415927410125732, 80, 65.20000457763672, -22)
Sbp(54, -0, 0, -0, 68, 67.20000457763672, -18)
Sbp(54, -3.1415927410125732, 0, -3.1415927410125732, 92, 59.20000076293945, -18)
Sbp(54, -0, 0, -0, 64, 65.20000457763672, -18)
Sbp(54, -3.1415927410125732, 0, -3.1415927410125732, 92, 59.20000076293945, -22)
Sbp(54, -3.1415927410125732, 0, -3.1415927410125732, 88, 61.20000076293945, -22)
Sbp(54, -0, 0, -3.1415927410125732, 56, 61, -18)
Sbp(54, -0, 0, -3.1415927410125732, 60, 63, -42)
Sbp(54, -3.1415927410125732, 0, -0, 88, 61, -30)
Sbp(54, -0, 0, -3.1415927410125732, 68, 67, -42)
Sbp(54, -0, 0, -3.1415927410125732, 64, 65, -46)
Sbp(54, -3.1415927410125732, 0, -0, 76, 67, -34)
Sbp(54, -3.1415927410125732, 0, -0, 88, 61, -6)
Sbp(54, -0, 0, -3.1415927410125732, 68, 67, -46)
Sbp(54, -3.1415927410125732, 0, -0, 76, 67, -22)
Sbp(54, -3.1415927410125732, 0, -0, 88, 61, -10)
Sbp(54, -3.1415927410125732, 0, -0, 88, 61, -42)
Sbp(54, -3.1415927410125732, 0, -0, 84, 63, -6)
Sbp(54, -3.1415927410125732, 0, -0, 80, 65, -42)
Sbp(54, -3.1415927410125732, 0, -0, 80, 65, -6)
Sbp(54, -3.1415927410125732, 0, -0, 84, 63, -42)
Sbp(54, -3.1415927410125732, 0, -0, 88, 61, -46)
Sbp(54, -3.1415927410125732, 0, -0, 80, 65, -10)
Sbp(54, -3.1415927410125732, 0, -0, 84, 63, -10)
Sbp(54, -3.1415927410125732, 0, -0, 80, 65, -22)
Sbp(54, -3.1415927410125732, 0, -0, 80, 65, -30)
Sbp(54, -3.1415927410125732, 0, -0, 80, 65, -46)
Sbp(54, -3.1415927410125732, 0, -0, 80, 65, -34)
Sbp(54, -3.1415927410125732, 0, -0, 84, 63, -34)
Sbp(54, -3.1415927410125732, 0, -0, 76, 67, -42)
Sbp(54, -3.1415927410125732, 0, -0, 76, 67, -46)
Sbp(54, -3.1415927410125732, 0, -0, 76, 67, -6)
Sbp(54, -3.1415927410125732, 0, -0, 76, 67, -18)
Sbp(54, -0, 0, -3.1415927410125732, 64, 65, -42)
Sbp(54, -3.1415927410125732, 0, -0, 84, 63, -22)
Sbp(54, -0, 0, -3.1415927410125732, 56, 61, -46)
Sbp(54, -3.1415927410125732, 0, -0, 84, 63, -18)
Sbp(54, -3.1415927410125732, 0, -0, 88, 61, -18)
Sbp(54, -3.1415927410125732, 0, -0, 88, 61, -22)
Sbp(54, -0, 0, -3.1415927410125732, 68, 67, -18)
Sbp(54, -0, 0, -3.1415927410125732, 60, 63, -46)
Sbp(54, -0, 0, -3.1415927410125732, 68, 67, -22)
Sbp(54, -0, 0, -3.1415927410125732, 64, 65, -18)
Sbp(54, -0, 0, -3.1415927410125732, 60, 63, -18)
Sbp(54, -0, 0, -3.1415927410125732, 64, 65, -22)
Sbp(54, -0, 0, -3.1415927410125732, 60, 63, -22)
Sbp(54, -3.1415927410125732, 0, -0, 88, 61, -34)
Sbp(54, -3.1415927410125732, 0, -0, 84, 63, -30)
Sbp(54, -3.1415927410125732, 0, -0, 84, 63, -46)
Sbp(54, -3.1415927410125732, 0, -0, 80, 65, -18)
Sbp(54, -0, 0, -3.1415927410125732, 56, 61, -34)
Sbp(54, -0, 0, -3.1415927410125732, 64, 65, -34)
Sbp(54, -0, 0, -3.1415927410125732, 60, 63, -34)
Sbp(54, -0, 0, -3.1415927410125732, 60, 63, -30)
Sbp(54, -0, 0, -3.1415927410125732, 64, 65, -30)
Sbp(54, -0, 0, -3.1415927410125732, 56, 61, -22)
Sbp(54, -0, 0, -3.1415927410125732, 60, 63, -6)
Sbp(54, -0, 0, -3.1415927410125732, 68, 67, -10)
Sbp(54, -0, 0, -3.1415927410125732, 64, 65, -10)
Sbp(54, -0, 0, -3.1415927410125732, 64, 65, -6)
Sbp(54, -0, 0, -3.1415927410125732, 56, 61, -6)
Sbp(54, -0, 0, -3.1415927410125732, 60, 63, -10)
Sbp(54, -0, 0, -3.1415927410125732, 56, 61, -10)
Sbp(54, -3.1415927410125732, 0, -3.1415927410125732, 88, 61.20000076293945, -58)
Sbp(54, -3.1415927410125732, 0, -3.1415927410125732, 84, 63.20000076293945, -54)
Sbp(54, -3.1415927410125732, 0, -0, 80, 65, -58)
Sbp(54, -3.1415927410125732, 0, -0, 76, 67, -58)
Sbp(54, -3.1415927410125732, 0, -0, 84, 63, -58)
Sbp(54, -3.1415927410125732, 0, -0, 88, 61, -54)
Sbp(54, -0, 0, -3.1415927410125732, 68, 67, -34)
Sbp(54, -0, 0, -3.1415927410125732, 56, 61, -58)
Sbp(54, -0, 0, -3.1415927410125732, 68, 67, -30)
Sbp(54, -0, 0, -3.1415927410125732, 60, 63, -54)
Sbp(54, -3.1415927410125732, 0, -3.1415927410125732, 80, 65.20000457763672, -58)
Sbp(54, -0, 0, -3.1415927410125732, 68, 67, -54)
Sbp(54, -0, 0, -0, 52, 59.20000076293945, -58)
Sbp(54, -0, 0, -0, 64, 65.20000457763672, -58)
Sbp(54, -3.1415927410125732, 0, -3.1415927410125732, 76, 67.20000457763672, -54)
Sbp(54, -0, 0, -0, 56, 61.20000076293945, -58)
Sbp(54, -0, 0, -0, 64, 65.20000457763672, -54)
Sbp(54, -3.1415927410125732, 0, -0, 80, 65, -54)
Sbp(54, -0, 0, -0, 60, 63.20000076293945, -58)
Sbp(54, -0, 0, -3.1415927410125732, 60, 63, -58)
Sbp(54, -0, 0, -0, 52, 59.20000076293945, -54)
Sbp(54, -3.1415927410125732, 0, -3.1415927410125732, 92, 59.20000076293945, -58)
Sbp(54, -3.1415927410125732, 0, -0, 88, 61, -58)
Sbp(54, -3.1415927410125732, 0, -0, 74, 69, -62)
Sbp(54, -0, 0, -0, 68, 67.20000457763672, -58)
Sbp(54, -0, 0, -0, 56, 61.20000076293945, -54)
Sbp(54, -3.1415927410125732, 0, -0, 76, 67, -54)
Sbp(54, -3.1415927410125732, 0, -3.1415927410125732, 88, 61.20000076293945, -54)
Sbp(54, -0, 0, -3.1415927410125732, 68, 67, -58)
Sbp(54, -0, 0, -3.1415927410125732, 64, 65, -54)
Sbp(54, -3.1415927410125732, 0, -0, 84, 63, -54)
Sbp(54, -0, 0, -3.1415927410125732, 56, 61, -54)
Sbp(54, -0, 0, -3.1415927410125732, 64, 65, -58)
Sbp(54, -3.1415927410125732, 0, -3.1415927410125732, 92, 59.20000076293945, -54)
Sbp(54, -3.1415927410125732, 0, -3.1415927410125732, 80, 65.20000457763672, -54)
Sbp(54, -0, 0, -3.1415927410125732, 62, 65, -2)
Sbp(54, -0, 0, -0, 60, 63.20000076293945, -54)
Sbp(54, -3.1415927410125732, 0, -3.1415927410125732, 78, 67.20000457763672, -62)
Sbp(54, -3.1415927410125732, 0, -3.1415927410125732, 84, 63.20000076293945, -58)
Sbp(54, -3.1415927410125732, 0, -3.1415927410125732, 76, 67.20000457763672, -58)
Sbp(54, -3.1415927410125732, 0, -0, 82, 48, 7)
Sbp(54, -3.1415927410125732, 0, -0, 82, 48, -1)
Sbp(54, -0, 0, -3.1415927410125732, 72, 48, 7)
Sbp(54, -0, 0, -0, 72, 48.20000076293945, 7)
Sbp(54, -0, 0, -0, 72, 48.20000076293945, -1)
Sbp(54, -3.1415927410125732, 0, -3.1415927410125732, 82, 48.20000076293945, 7)
Sbp(54, -0, 0, -3.1415927410125732, 72, 48, -1)
Sbp(54, -1.5707963705062866, 1.5707963705062866, 0, -6, 66.0999984741211, -3.100006103515625)
Sbp(54, 1.5707963705062866, -1.5707963705062866, 0, -10, 66.0999984741211, 9.100006103515625)
Sbp(54, 1.5707963705062866, -1.5707963705062866, 0, -6, 66.0999984741211, 9.100006103515625)
Sbp(54, 1.5707963705062866, -1.5707963705062866, 0, 2, 66.0999984741211, 9.100006103515625)
Sbp(54, 1.5707963705062866, -1.5707963705062866, 0, 6, 66.0999984741211, 9.100006103515625)
Sbp(54, -1.5707963705062866, 1.5707963705062866, 0, -10, 66.0999984741211, -3.100006103515625)
Sbp(54, -1.5707963705062866, 1.5707963705062866, 0, 6, 66.0999984741211, -3.100006103515625)
Sbp(54, 3.1415927410125732, -0, 1.5707963705062866, -3.100006103515625, 49.10000228881836, -10)
Sbp(54, -3.1415927410125732, 0, -3.1415927410125732, 8, 65.20000457763672, 41)
Sbp(54, -1.5707963705062866, 1.5707963705062866, 0, 14, 67.0999984741211, -3.100006103515625)
Sbp(54, -1.5707963705062866, 1.5707963705062866, 0, -14, 67.0999984741211, -3.100006103515625)
Sbp(54, 1.5707963705062866, -1.5707963705062866, 0, -14, 67.0999984741211, 9.100006103515625)
Sbp(54, 1.5707963705062866, 1.5707963705062866, 0, -14, 67.0999984741211, -2.899993896484375)
Sbp(54, -1.5707963705062866, -1.5707963705062866, 0, -14, 67.0999984741211, 8.899993896484375)
Sbp(54, 1.5707963705062866, -1.5707963705062866, 0, 14, 67.0999984741211, 9.100006103515625)
Sbp(54, -1.5707963705062866, -1.5707963705062866, 0, 14, 67.0999984741211, 8.899993896484375)
Sbp(54, 1.5707963705062866, 1.5707963705062866, 0, 14, 67.0999984741211, -2.899993896484375)
Sbp(54, -0, 0, -0, -0, 65.20000457763672, 41)
Sbp(54, -0, 0, -3.1415927410125732, -0, 65, 41)
Sbp(54, -3.1415927410125732, 0, -0, 8, 65, 41)
Sbp(54, 1.5707963705062866, -1.5707963705062866, 0, 10, 66.0999984741211, 9.100006103515625)
Sbp(54, -1.5707963705062866, 1.5707963705062866, 0, 10, 66.0999984741211, -3.100006103515625)
Sbp(54, 1.5707963705062866, 1.5707963705062866, 0, -2, 66.0999984741211, -4.899993896484375)
Sbp(54, -0, -0, -1.5707963705062866, -2.899993896484375, 49.10000228881836, -10)
Sbp(54, -1.5707963705062866, 1.5707963705062866, 0, 2, 66.0999984741211, -3.100006103515625)
Sbp(54, -1.5707963705062866, 1.5707963705062866, 0, 77, 29.700000762939453, -61.100006103515625)
Sbp(54, -0, -1.5707963705062866, 0, 77, 25.399999618530273, -46)
Sbp(54, -3.1415927410125732, 0, -3.1415927410125732, 82, 48.20000076293945, 15)
Sbp(54, -0, 0, -0, 72, 48.20000076293945, 15)
Sbp(54, -0, 0, -3.1415927410125732, 72, 48, 15)
Sbp(54, -3.1415927410125732, 0, -0, 82, 48, 15)
Sbp(54, -3.1415927410125732, 0, -3.1415927410125732, 82, 48.20000076293945, -1)
Sbp(54, 3.1415927410125732, 1.5707963705062866, 0, 46, 15, -32)
Sbp(54, -3.1415927410125732, -1.5707963705062866, 0, 50, 15, -46)
Sbp(54, -3.1415927410125732, -1.5707963705062866, 0, 46, 15, -46)
Sbp(55, -3.1415927410125732, 0, -3.1415927410125732, 98, 0.20000000298023224, -35)
Sbp(55, -0, -1.5707963705062866, 0, -46, 0.20000000298023224, -58)
Sbp(55, -3.1415927410125732, 0, -3.1415927410125732, 98, 0.20000000298023224, -47)
Sbp(55, 0, 1.5707963705062866, 0, -34, 0.20000000298023224, 58)
Sbp(55, -0, 0, -0, -58, 0.20000000298023224, -43)
Sbp(55, -0, 0, -0, -58, 0.20000000298023224, -47)
Sbp(55, -0, -0, -1.5707963705062866, 89.10000610351562, 40.10000228881836, 15)
Sbp(55, 3.1415927410125732, 1.5707963705062866, 0, 83, 12, 42)
Sbp(55, -3.1415927410125732, -1.5707963705062866, 0, 77, 25.200000762939453, -46)
Sbp(55, 3.1415927410125732, 1.5707963705062866, 0, 71, 19, 14)
Sbp(55, 3.1415927410125732, 1.5707963705062866, 0, 79, 12, 42)
Sbp(55, 3.1415927410125732, 1.5707963705062866, 0, 79, 4, 74)
Sbp(55, 3.1415927410125732, 1.5707963705062866, 0, 75, 15, 30)
Sbp(55, 3.1415927410125732, 1.5707963705062866, 0, 83, 13, 38)
Sbp(55, 3.1415927410125732, 1.5707963705062866, 0, 79, 18, 18)
Sbp(55, 3.1415927410125732, 1.5707963705062866, 0, 79, 15, 30)
Sbp(55, 3.1415927410125732, 1.5707963705062866, 0, 79, 6, 66)
Sbp(55, 3.1415927410125732, 1.5707963705062866, 0, 79, 3, 78)
Sbp(55, 3.1415927410125732, 1.5707963705062866, 0, 75, 14, 34)
Sbp(55, 3.1415927410125732, 1.5707963705062866, 0, 83, 10, 50)
Sbp(55, 3.1415927410125732, 1.5707963705062866, 0, 79, 5, 70)
Sbp(55, 3.1415927410125732, 1.5707963705062866, 0, 83, 14, 34)
Sbp(55, 3.1415927410125732, 1.5707963705062866, 0, 79, 7, 62)
Sbp(55, 3.1415927410125732, 1.5707963705062866, 0, 75, 13, 38)
Sbp(55, 3.1415927410125732, 1.5707963705062866, 0, 75, 18, 18)
Sbp(55, 3.1415927410125732, 1.5707963705062866, 0, 83, 15, 30)
Sbp(55, 3.1415927410125732, 1.5707963705062866, 0, 83, 17, 22)
Sbp(55, 3.1415927410125732, 1.5707963705062866, 0, 83, 16, 26)
Sbp(55, 3.1415927410125732, 1.5707963705062866, 0, 79, 13, 38)
Sbp(55, 3.1415927410125732, 1.5707963705062866, 0, 79, 17, 22)
Sbp(55, 3.1415927410125732, 1.5707963705062866, 0, 83, 19, 14)
Sbp(55, 3.1415927410125732, 1.5707963705062866, 0, 79, 19, 14)
Sbp(55, 3.1415927410125732, 1.5707963705062866, 0, 79, 20, 10)
Sbp(55, 3.1415927410125732, 1.5707963705062866, 0, 71, 9, 54)
Sbp(55, 3.1415927410125732, 1.5707963705062866, 0, 79, 10, 50)
Sbp(55, 3.1415927410125732, 1.5707963705062866, 0, 71, 5, 70)
Sbp(55, 3.1415927410125732, 1.5707963705062866, 0, 71, 4, 74)
Sbp(55, 3.1415927410125732, 1.5707963705062866, 0, 71, 6, 66)
Sbp(55, 3.1415927410125732, 1.5707963705062866, 0, 71, 3, 78)
Sbp(55, 3.1415927410125732, 1.5707963705062866, 0, 71, 20, 10)
Sbp(55, 3.1415927410125732, 1.5707963705062866, 0, 79, 14, 34)
Sbp(55, 3.1415927410125732, 1.5707963705062866, 0, 71, 16, 26)
Sbp(55, 3.1415927410125732, 1.5707963705062866, 0, 75, 8, 58)
Sbp(55, 3.1415927410125732, 1.5707963705062866, 0, 71, 18, 18)
Sbp(55, 3.1415927410125732, 1.5707963705062866, 0, 71, 11, 46)
Sbp(55, 0, 1.5707963705062866, 0, 71, 19.200000762939453, 22)
Sbp(55, 3.1415927410125732, 1.5707963705062866, 0, 83, 6, 66)
Sbp(55, 0, 1.5707963705062866, 0, 71, 15.199999809265137, 38)
Sbp(55, 0, 1.5707963705062866, 0, 71, 13.199999809265137, 46)
Sbp(55, 0, 1.5707963705062866, 0, 71, 5.200000286102295, 78)
Sbp(55, 0, 1.5707963705062866, 0, 71, 18.200000762939453, 26)
Sbp(55, 0, 1.5707963705062866, 0, 71, 17.200000762939453, 30)
Sbp(55, 0, 1.5707963705062866, 0, 71, 20.200000762939453, 18)
Sbp(55, 0, 1.5707963705062866, 0, 71, 14.199999809265137, 42)
Sbp(55, 0, 1.5707963705062866, 0, 71, 16.200000762939453, 34)
Sbp(55, 0, 1.5707963705062866, 0, 71, 11.199999809265137, 54)
Sbp(55, 0, 1.5707963705062866, 0, 71, 8.199999809265137, 66)
Sbp(55, 0, 1.5707963705062866, 0, 71, 10.199999809265137, 58)
Sbp(55, 0, 1.5707963705062866, 0, 71, 7.200000286102295, 70)
Sbp(55, 0, 1.5707963705062866, 0, 71, 9.199999809265137, 62)
Sbp(55, 3.1415927410125732, 1.5707963705062866, 0, 71, 15, 30)
Sbp(55, 0, 1.5707963705062866, 0, 71, 12.199999809265137, 50)
Sbp(55, 0, 1.5707963705062866, 0, 71, 6.200000286102295, 74)
Sbp(55, 0, 1.5707963705062866, 0, 71, 21.200000762939453, 14)
Sbp(55, 0, 1.5707963705062866, 0, 71, 0.20000000298023224, 98)
Sbp(55, 0, 1.5707963705062866, 0, 71, 22.200000762939453, 10)
Sbp(55, 0, 1.5707963705062866, 0, 71, 1.2000000476837158, 94)
Sbp(55, 0, 1.5707963705062866, 0, 71, 4.200000286102295, 82)
Sbp(55, 0, 1.5707963705062866, 0, 71, 2.200000047683716, 90)
Sbp(55, 3.1415927410125732, 1.5707963705062866, 0, 75, 9, 54)
Sbp(55, 0, 1.5707963705062866, 0, 75, 3.200000047683716, 86)
Sbp(55, 0, 1.5707963705062866, 0, 75, 0.20000000298023224, 98)
Sbp(55, 0, 1.5707963705062866, 0, 75, 1.2000000476837158, 94)
Sbp(55, 0, 1.5707963705062866, 0, 75, 4.200000286102295, 82)
Sbp(55, 0, 1.5707963705062866, 0, 75, 5.200000286102295, 78)
Sbp(55, 0, 1.5707963705062866, 0, 75, 6.200000286102295, 74)
Sbp(55, 0, 1.5707963705062866, 0, 75, 7.200000286102295, 70)
Sbp(55, 0, 1.5707963705062866, 0, 75, 8.199999809265137, 66)
Sbp(55, 0, 1.5707963705062866, 0, 75, 9.199999809265137, 62)
Sbp(55, 0, 1.5707963705062866, 0, 75, 10.199999809265137, 58)
Sbp(55, 0, 1.5707963705062866, 0, 75, 12.199999809265137, 50)
Sbp(55, 0, 1.5707963705062866, 0, 75, 20.200000762939453, 18)
Sbp(55, 0, 1.5707963705062866, 0, 75, 18.200000762939453, 26)
Sbp(55, 0, 1.5707963705062866, 0, 75, 14.199999809265137, 42)
Sbp(55, 0, 1.5707963705062866, 0, 75, 19.200000762939453, 22)
Sbp(55, 0, 1.5707963705062866, 0, 75, 16.200000762939453, 34)
Sbp(55, 0, 1.5707963705062866, 0, 75, 15.199999809265137, 38)
Sbp(55, 0, 1.5707963705062866, 0, 75, 17.200000762939453, 30)
Sbp(55, 0, 1.5707963705062866, 0, 75, 2.200000047683716, 90)
Sbp(55, 0, 1.5707963705062866, 0, 75, 11.199999809265137, 54)
Sbp(55, 0, 1.5707963705062866, 0, 75, 13.199999809265137, 46)
Sbp(55, 0, 1.5707963705062866, 0, 75, 21.200000762939453, 14)
Sbp(55, 0, 1.5707963705062866, 0, 75, 22.200000762939453, 10)
Sbp(55, 0, 1.5707963705062866, 0, 79, 21.200000762939453, 14)
Sbp(55, 0, 1.5707963705062866, 0, 79, 19.200000762939453, 22)
Sbp(55, 0, 1.5707963705062866, 0, 79, 18.200000762939453, 26)
Sbp(55, 0, 1.5707963705062866, 0, 79, 17.200000762939453, 30)
Sbp(55, 0, 1.5707963705062866, 0, 71, 3.200000047683716, 86)
Sbp(55, 0, 1.5707963705062866, 0, 79, 15.199999809265137, 38)
Sbp(55, 0, 1.5707963705062866, 0, 79, 13.199999809265137, 46)
Sbp(55, 0, 1.5707963705062866, 0, 79, 5.200000286102295, 78)
Sbp(55, 0, 1.5707963705062866, 0, 79, 20.200000762939453, 18)
Sbp(55, 0, 1.5707963705062866, 0, 79, 9.199999809265137, 62)
Sbp(55, 0, 1.5707963705062866, 0, 79, 10.199999809265137, 58)
Sbp(55, 0, 1.5707963705062866, 0, 79, 11.199999809265137, 54)
Sbp(55, 0, 1.5707963705062866, 0, 79, 8.199999809265137, 66)
Sbp(55, 0, 1.5707963705062866, 0, 79, 6.200000286102295, 74)
Sbp(55, 0, 1.5707963705062866, 0, 79, 12.199999809265137, 50)
Sbp(55, 0, 1.5707963705062866, 0, 79, 7.200000286102295, 70)
Sbp(55, 0, 1.5707963705062866, 0, 79, 0.20000000298023224, 98)
Sbp(55, 0, 1.5707963705062866, 0, 79, 3.200000047683716, 86)
Sbp(55, 0, 1.5707963705062866, 0, 79, 1.2000000476837158, 94)
Sbp(55, 0, 1.5707963705062866, 0, 79, 2.200000047683716, 90)
Sbp(55, 0, 1.5707963705062866, 0, 79, 16.200000762939453, 34)
Sbp(55, 3.1415927410125732, 1.5707963705062866, 0, 83, 8, 58)
Sbp(55, 0, 1.5707963705062866, 0, 83, 21.200000762939453, 14)
Sbp(55, 0, 1.5707963705062866, 0, 83, 1.2000000476837158, 94)
Sbp(55, 0, 1.5707963705062866, 0, 83, 18.200000762939453, 26)
Sbp(55, 0, 1.5707963705062866, 0, 83, 17.200000762939453, 30)
Sbp(55, 0, 1.5707963705062866, 0, 83, 16.200000762939453, 34)
Sbp(55, 0, 1.5707963705062866, 0, 83, 14.199999809265137, 42)
Sbp(55, 0, 1.5707963705062866, 0, 83, 15.199999809265137, 38)
Sbp(55, 0, 1.5707963705062866, 0, 83, 0.20000000298023224, 98)
Sbp(55, 0, 1.5707963705062866, 0, 83, 5.200000286102295, 78)
Sbp(55, 0, 1.5707963705062866, 0, 83, 10.199999809265137, 58)
Sbp(55, 0, 1.5707963705062866, 0, 83, 11.199999809265137, 54)
Sbp(55, 0, 1.5707963705062866, 0, 83, 8.199999809265137, 66)
Sbp(55, 0, 1.5707963705062866, 0, 83, 9.199999809265137, 62)
Sbp(55, 0, 1.5707963705062866, 0, 83, 7.200000286102295, 70)
Sbp(55, 0, 1.5707963705062866, 0, 83, 6.200000286102295, 74)
Sbp(55, 0, 1.5707963705062866, 0, 83, 20.200000762939453, 18)
Sbp(55, 0, 1.5707963705062866, 0, 83, 13.199999809265137, 46)
Sbp(55, 0, 1.5707963705062866, 0, 83, 4.200000286102295, 82)
Sbp(55, 0, 1.5707963705062866, 0, 83, 3.200000047683716, 86)
Sbp(55, 0, 1.5707963705062866, 0, 83, 12.199999809265137, 50)
Sbp(55, 0, 1.5707963705062866, 0, 79, 14.199999809265137, 42)
Sbp(55, 0, 1.5707963705062866, 0, 79, 4.200000286102295, 82)
Sbp(55, 0, 1.5707963705062866, 0, 79, 22.200000762939453, 10)
Sbp(55, 0, 1.5707963705062866, 0, 83, 2.200000047683716, 90)
Sbp(55, 0, 1.5707963705062866, 0, 83, 22.200000762939453, 10)
Sbp(55, 3.1415927410125732, -0, 1.5707963705062866, -6.100006103515625, 57.10000228881836, 29)
Sbp(55, -0, -0, -1.5707963705062866, 15.100006103515625, 57.10000228881836, 41)
Sbp(55, 3.1415927410125732, -0, 1.5707963705062866, -7.100006103515625, 57.10000228881836, 41)
Sbp(55, -3.1415927410125732, 0, -1.5707963705062866, -5.899993896484375, 57.10000228881836, 41)
Sbp(55, 0, 0, 1.5707963705062866, 13.899993896484375, 57.10000228881836, 41)
Sbp(55, -0, -0, -1.5707963705062866, 14.100006103515625, 57.10000228881836, 21)
Sbp(55, -0, -0, -1.5707963705062866, 14.100006103515625, 57.10000228881836, 29)
Sbp(55, -0, -0, -1.5707963705062866, 14.100006103515625, 57.10000228881836, 37)
Sbp(55, -0, -0, -1.5707963705062866, 14.100006103515625, 57.10000228881836, 33)
Sbp(55, -0, -0, -1.5707963705062866, 14.100006103515625, 57.10000228881836, 25)
Sbp(55, 3.1415927410125732, -0, 1.5707963705062866, -6.100006103515625, 57.10000228881836, 33)
Sbp(55, 3.1415927410125732, -0, 1.5707963705062866, -6.100006103515625, 57.10000228881836, 21)
Sbp(55, 3.1415927410125732, -0, 1.5707963705062866, -6.100006103515625, 57.10000228881836, 17)
Sbp(55, 3.1415927410125732, -0, 1.5707963705062866, -6.100006103515625, 57.10000228881836, 25)
Sbp(55, 3.1415927410125732, -0, 1.5707963705062866, -6.100006103515625, 57.10000228881836, 13)
Sbp(55, 3.1415927410125732, -0, 1.5707963705062866, -6.100006103515625, 57.10000228881836, 37)
Sbp(55, 3.1415927410125732, 1.5707963705062866, 0, 75, 5, 70)
Sbp(55, 0, 1.5707963705062866, 0, 83, 19.200000762939453, 22)
Sbp(55, 3.1415927410125732, 1.5707963705062866, 0, 83, 3, 78)
Sbp(55, 3.1415927410125732, 1.5707963705062866, 0, 83, 5, 70)
Sbp(55, 3.1415927410125732, 1.5707963705062866, 0, 71, 17, 22)
Sbp(55, -1.5707963705062866, 1.5707963705062866, 0, 77, 33.70000076293945, -60.100006103515625)
Sbp(55, 3.1415927410125732, 1.5707963705062866, 0, 83, 4, 74)
Sbp(55, 3.1415927410125732, 1.5707963705062866, 0, 83, 7, 62)
Sbp(55, 3.1415927410125732, 1.5707963705062866, 0, 83, 9, 54)
Sbp(55, 3.1415927410125732, 1.5707963705062866, 0, 83, 11, 46)
Sbp(55, 3.1415927410125732, 1.5707963705062866, 0, 79, 16, 26)
Sbp(55, 3.1415927410125732, 1.5707963705062866, 0, 71, 10, 50)
Sbp(55, 3.1415927410125732, 1.5707963705062866, 0, 71, 8, 58)
Sbp(55, 3.1415927410125732, 1.5707963705062866, 0, 75, 17, 22)
Sbp(55, 3.1415927410125732, 1.5707963705062866, 0, 75, 20, 10)
Sbp(55, 3.1415927410125732, 1.5707963705062866, 0, 71, 14, 34)
Sbp(55, 3.1415927410125732, 1.5707963705062866, 0, 75, 6, 66)
Sbp(55, 3.1415927410125732, 1.5707963705062866, 0, 71, 12, 42)
Sbp(55, 3.1415927410125732, 1.5707963705062866, 0, 83, 20, 10)
Sbp(55, 3.1415927410125732, 1.5707963705062866, 0, 79, 8, 58)
Sbp(55, 3.1415927410125732, 1.5707963705062866, 0, 75, 12, 42)
Sbp(55, 3.1415927410125732, 1.5707963705062866, 0, 71, 13, 38)
Sbp(55, 3.1415927410125732, 1.5707963705062866, 0, 75, 16, 26)
Sbp(55, 3.1415927410125732, 1.5707963705062866, 0, 79, 11, 46)
Sbp(55, 3.1415927410125732, 1.5707963705062866, 0, 83, 18, 18)
Sbp(55, 3.1415927410125732, 1.5707963705062866, 0, 75, 3, 78)
Sbp(55, 3.1415927410125732, 1.5707963705062866, 0, 75, 7, 62)
Sbp(55, 3.1415927410125732, 1.5707963705062866, 0, 75, 10, 50)
Sbp(55, 3.1415927410125732, 1.5707963705062866, 0, 75, 19, 14)
Sbp(55, 3.1415927410125732, 1.5707963705062866, 0, 75, 4, 74)
Sbp(55, 3.1415927410125732, 1.5707963705062866, 0, 79, 9, 54)
Sbp(55, 3.1415927410125732, 1.5707963705062866, 0, 71, 7, 62)
Sbp(55, 3.1415927410125732, 1.5707963705062866, 0, 75, 11, 46)
Sbp(55, 0, 0, 1.5707963705062866, 87.89999389648438, 40.10000228881836, -1)
Sbp(55, -0, -0, -1.5707963705062866, 89.10000610351562, 40.10000228881836, -1)
Sbp(55, 3.1415927410125732, -0, 1.5707963705062866, 64.89999389648438, 40.10000228881836, -1)
Sbp(55, 3.1415927410125732, -0, 1.5707963705062866, 65.89999389648438, 40.10000228881836, 3)
Sbp(55, -0, -0, -1.5707963705062866, 88.10000610351562, 40.10000228881836, 11)
Sbp(55, -0, -0, -1.5707963705062866, 88.10000610351562, 40.10000228881836, 3)
Sbp(55, -0, -0, -1.5707963705062866, 89.10000610351562, 40.10000228881836, 7)
Sbp(55, 3.1415927410125732, -0, 1.5707963705062866, 64.89999389648438, 40.10000228881836, 7)
Sbp(55, 0, 0, 1.5707963705062866, 87.89999389648438, 40.10000228881836, 7)
Sbp(55, -3.1415927410125732, 0, -1.5707963705062866, 66.10000610351562, 40.10000228881836, 7)
Sbp(55, -3.1415927410125732, 0, -1.5707963705062866, 66.10000610351562, 40.10000228881836, -1)
Sbp(55, -3.1415927410125732, -1.5707963705062866, 0, 69, 36, -81)
Sbp(55, -3.1415927410125732, -1.5707963705062866, 0, 85, 36, -81)
Sbp(55, -3.1415927410125732, -1.5707963705062866, 0, 57, 36, -81)
Sbp(55, -3.1415927410125732, -1.5707963705062866, 0, 61, 36, -81)
Sbp(55, -3.1415927410125732, -1.5707963705062866, 0, 81, 36, -81)
Sbp(55, -3.1415927410125732, -1.5707963705062866, 0, 73, 36, -81)
Sbp(55, -3.1415927410125732, 0, -1.5707963705062866, 66.10000610351562, 40.10000228881836, 3)
Sbp(55, 0, 0, 1.5707963705062866, 87.89999389648438, 40.10000228881836, 11)
Sbp(55, -3.1415927410125732, 0, -1.5707963705062866, 66.10000610351562, 40.10000228881836, 11)
Sbp(55, 0, 0, 1.5707963705062866, 87.89999389648438, 40.10000228881836, 3)
Sbp(55, 3.1415927410125732, -0, 1.5707963705062866, 65.89999389648438, 40.10000228881836, 11)
Sbp(55, 3.1415927410125732, -0, 1.5707963705062866, 64.89999389648438, 40.10000228881836, 15)
Sbp(55, -3.1415927410125732, 0, -1.5707963705062866, 66.10000610351562, 40.10000228881836, 15)
Sbp(55, 0, 0, 1.5707963705062866, 87.89999389648438, 40.10000228881836, 15)
Sbp(55, -3.1415927410125732, 0, -3.1415927410125732, 98, 0.20000000298023224, -39)
Sbp(55, -3.1415927410125732, 0, -3.1415927410125732, 98, 0.20000000298023224, -43)
Sbp(55, 0, 1.5707963705062866, 0, -42, 0.20000000298023224, 58)
Sbp(55, 0, 1.5707963705062866, 0, -38, 0.20000000298023224, 58)
Sbp(55, -0, 0, -0, -58, 0.20000000298023224, -31)
Sbp(55, -0, 0, -0, -58, 0.20000000298023224, -39)
Sbp(55, -0, -1.5707963705062866, 0, -42, 0.20000000298023224, -58)
Sbp(55, -0, -1.5707963705062866, 0, -30, 0.20000000298023224, -58)
Sbp(55, -0, -1.5707963705062866, 0, -34, 0.20000000298023224, -58)
Sbp(55, -0, -1.5707963705062866, 0, -38, 0.20000000298023224, -58)
Sbp(55, -3.1415927410125732, 0, -3.1415927410125732, 98, 0.20000000298023224, -31)
Sbp(55, -0, 0, -0, -58, 0.20000000298023224, -35)
Sbp(55, 0, 1.5707963705062866, 0, -46, 0.20000000298023224, 58)
Sbp(55, 0, 1.5707963705062866, 0, -30, 0.20000000298023224, 58)
Sbp(56, -0, -0, -1.5707963705062866, 86.10000610351562, 45.10000228881836, 15)
Sbp(56, -3.1415927410125732, 0, -1.5707963705062866, 68.10000610351562, 45.10000228881836, 15)
Sbp(56, 3.1415927410125732, -0, 1.5707963705062866, 69.89999389648438, 47.10000228881836, 15)
Sbp(56, 3.1415927410125732, -0, 1.5707963705062866, 67.89999389648438, 45.10000228881836, 15)
Sbp(56, -0, -0, -1.5707963705062866, 84.10000610351562, 47.10000228881836, -1)
Sbp(56, -0, -0, -1.5707963705062866, 84.10000610351562, 47.10000228881836, 7)
Sbp(56, 3.1415927410125732, -0, 1.5707963705062866, 69.89999389648438, 47.10000228881836, 7)
Sbp(56, 3.1415927410125732, -0, 1.5707963705062866, 67.89999389648438, 45.10000228881836, 7)
Sbp(56, -3.1415927410125732, 0, -1.5707963705062866, 68.10000610351562, 45.10000228881836, 7)
Sbp(56, -0, -0, -1.5707963705062866, 86.10000610351562, 45.10000228881836, 7)
Sbp(56, -3.1415927410125732, 0, -3.1415927410125732, 87, 44.20000076293945, -1)
Sbp(56, 3.1415927410125732, -0, 1.5707963705062866, 69.89999389648438, 47.10000228881836, -1)
Sbp(56, -3.1415927410125732, 0, -0, 85, 46, -1)
Sbp(56, 3.1415927410125732, -0, 1.5707963705062866, 67.89999389648438, 45.10000228881836, -1)
Sbp(56, -3.1415927410125732, 0, -1.5707963705062866, 68.10000610351562, 45.10000228881836, -1)
Sbp(56, 0, 0, 1.5707963705062866, 85.89999389648438, 45.10000228881836, 7)
Sbp(56, -1.5707963705062866, 1.5707963705062866, 0, -14, 70.0999984741211, -1.100006103515625)
Sbp(56, -3.1415927410125732, -1.5707963705062866, 0, -14, 60, -8)
Sbp(56, -1.5707963705062866, -1.5707963705062866, 0, 14, 57.10000228881836, 16.899993896484375)
Sbp(56, 0, 1.5707963705062866, 0, -14, 60.20000076293945, 14)
Sbp(56, 3.1415927410125732, 1.5707963705062866, 0, -14, 58, 16)
Sbp(56, 1.5707963705062866, -1.5707963705062866, 0, -14, 70.0999984741211, 7.100006103515625)
Sbp(56, -0, -1.5707963705062866, 0, 14, 58.20000076293945, -10)
Sbp(56, 3.1415927410125732, 1.5707963705062866, 0, -14, 60, 14)
Sbp(56, -0, -1.5707963705062866, 0, 14, 60.20000076293945, -8)
Sbp(56, -3.1415927410125732, -1.5707963705062866, 0, -14, 58, -10)
Sbp(56, -1.5707963705062866, -1.5707963705062866, 0, 14, 61.10000228881836, 12.899993896484375)
Sbp(56, -0, 0, -0, -3, 63.20000076293945, 41)
Sbp(56, -0, -0, -1.5707963705062866, 10.100006103515625, 64.0999984741211, 41)
Sbp(56, -0, -0, -1.5707963705062866, 12.100006103515625, 62.10000228881836, 41)
Sbp(56, -1.5707963705062866, 1.5707963705062866, 0, 14, 70.0999984741211, -1.100006103515625)
Sbp(56, 0, 1.5707963705062866, 0, 14, 69.20000457763672, 8)
Sbp(56, 1.5707963705062866, -1.5707963705062866, 0, 10, 60.10000228881836, 13.100006103515625)
Sbp(56, 1.5707963705062866, -1.5707963705062866, 0, 10, 58.10000228881836, 15.100006103515625)
Sbp(56, -3.1415927410125732, 0, -3.1415927410125732, 10, 63.20000076293945, 21)
Sbp(56, -0, -1.5707963705062866, 0, 10, 68.20000457763672, -2)
Sbp(56, -0, 0, -0, -2, 63.20000076293945, 37)
Sbp(56, -0, -0, -1.5707963705062866, 9.100006103515625, 64.0999984741211, 17)
Sbp(56, -3.1415927410125732, 0, -3.1415927410125732, 10, 63.20000076293945, 25)
Sbp(56, -3.1415927410125732, 0, -3.1415927410125732, 10, 63.20000076293945, 33)
Sbp(56, 0, 1.5707963705062866, 0, 6, 68.20000457763672, 8)
Sbp(56, -0, 0, -0, -4, 61.20000076293945, 37)
Sbp(56, -3.1415927410125732, 0, -3.1415927410125732, 10, 63.20000076293945, 37)
Sbp(56, -0, 0, -0, -4, 61.20000076293945, 25)
Sbp(56, 1.5707963705062866, -1.5707963705062866, 0, 6, 58.10000228881836, 15.100006103515625)
Sbp(56, 1.5707963705062866, -1.5707963705062866, 0, -2, 60.10000228881836, 13.100006103515625)
Sbp(56, 1.5707963705062866, -1.5707963705062866, 0, -6, 58.10000228881836, 15.100006103515625)
Sbp(56, 1.5707963705062866, -1.5707963705062866, 0, -6, 60.10000228881836, 13.100006103515625)
Sbp(56, 1.5707963705062866, -1.5707963705062866, 0, 2, 60.10000228881836, 13.100006103515625)
Sbp(56, 1.5707963705062866, -1.5707963705062866, 0, 2, 58.10000228881836, 15.100006103515625)
Sbp(56, 1.5707963705062866, -1.5707963705062866, 0, -10, 58.10000228881836, 15.100006103515625)
Sbp(56, 1.5707963705062866, -1.5707963705062866, 0, -2, 58.10000228881836, 15.100006103515625)
Sbp(56, 1.5707963705062866, -1.5707963705062866, 0, 6, 60.10000228881836, 13.100006103515625)
Sbp(56, -1.5707963705062866, 1.5707963705062866, 0, 6, 58.10000228881836, -9.100006103515625)
Sbp(56, -3.1415927410125732, -1.5707963705062866, 0, -14, 62, -6)
Sbp(56, 0, 1.5707963705062866, 0, -14, 58.20000076293945, 16)
Sbp(56, -1.5707963705062866, -1.5707963705062866, 0, 14, 59.10000228881836, 14.899993896484375)
Sbp(56, -3.1415927410125732, -1.5707963705062866, 0, 14, 58, -10)
Sbp(56, 1.5707963705062866, -1.5707963705062866, 0, 14, 59.10000228881836, 15.100006103515625)
Sbp(56, -0, -1.5707963705062866, 0, -14, 58.20000076293945, -10)
Sbp(56, 1.5707963705062866, -1.5707963705062866, 0, 14, 61.10000228881836, 13.100006103515625)
Sbp(56, -3.1415927410125732, -1.5707963705062866, 0, 14, 60, -8)
Sbp(56, -0, -1.5707963705062866, 0, -14, 60.20000076293945, -8)
Sbp(56, -3.1415927410125732, -1.5707963705062866, 0, 14, 62, -6)
Sbp(56, -0, -0, -1.5707963705062866, 11.100006103515625, 62.10000228881836, 33)
Sbp(56, 0, 1.5707963705062866, 0, 10, 68.20000457763672, 8)
Sbp(56, -1.5707963705062866, 1.5707963705062866, 0, 2, 58.10000228881836, -9.100006103515625)
Sbp(56, -1.5707963705062866, 1.5707963705062866, 0, 10, 58.10000228881836, -9.100006103515625)
Sbp(56, -1.5707963705062866, 1.5707963705062866, 0, -2, 60.10000228881836, -7.100006103515625)
Sbp(56, -1.5707963705062866, 1.5707963705062866, 0, -10, 58.10000228881836, -9.100006103515625)
Sbp(56, -1.5707963705062866, 1.5707963705062866, 0, -2, 58.10000228881836, -9.100006103515625)
Sbp(56, -1.5707963705062866, 1.5707963705062866, 0, -10, 60.10000228881836, -7.100006103515625)
Sbp(56, -0, -1.5707963705062866, 0, 2, 68.20000457763672, -2)
Sbp(56, -1.5707963705062866, 1.5707963705062866, 0, 2, 60.10000228881836, -7.100006103515625)
Sbp(56, -0, -1.5707963705062866, 0, -6, 68.20000457763672, -2)
Sbp(56, -0, -1.5707963705062866, 0, 6, 68.20000457763672, -2)
Sbp(56, 1.5707963705062866, -1.5707963705062866, 0, -10, 60.10000228881836, 13.100006103515625)
Sbp(56, 3.1415927410125732, 1.5707963705062866, 0, -14, 62, 12)
Sbp(56, 3.1415927410125732, -0, 1.5707963705062866, -4.100006103515625, 62.10000228881836, 41)
Sbp(56, -0, 0, -0, -2, 63.20000076293945, 9)
Sbp(56, -0, 0, -0, -2, 63.20000076293945, 13)
Sbp(56, -0, 0, -0, -4, 61.20000076293945, 13)
Sbp(56, -0, -0, -1.5707963705062866, 11.100006103515625, 62.10000228881836, 13)
Sbp(56, -0, -0, -1.5707963705062866, 9.100006103515625, 64.0999984741211, 13)
Sbp(56, -0, -0, -1.5707963705062866, 11.100006103515625, 62.10000228881836, 17)
Sbp(56, -0, -0, -1.5707963705062866, 11.100006103515625, 62.10000228881836, 37)
Sbp(56, -3.1415927410125732, 0, -3.1415927410125732, 10, 63.20000076293945, 29)
Sbp(56, -0, -0, -1.5707963705062866, 11.100006103515625, 62.10000228881836, 25)
Sbp(56, -0, -1.5707963705062866, 0, -10, 68.20000457763672, -2)
Sbp(56, -0, -0, -1.5707963705062866, 11.100006103515625, 62.10000228881836, 29)
Sbp(56, -0, -0, -1.5707963705062866, 11.100006103515625, 62.10000228881836, 21)
Sbp(56, -0, 0, -0, -2, 63.20000076293945, 25)
Sbp(56, -1.5707963705062866, 1.5707963705062866, 0, 6, 60.10000228881836, -7.100006103515625)
Sbp(56, -1.5707963705062866, 1.5707963705062866, 0, 10, 60.10000228881836, -7.100006103515625)
Sbp(56, -1.5707963705062866, 1.5707963705062866, 0, -6, 58.10000228881836, -9.100006103515625)
Sbp(56, 0, 1.5707963705062866, 0, 2, 68.20000457763672, 8)
Sbp(56, 0, 1.5707963705062866, 0, -6, 68.20000457763672, 8)
Sbp(56, 0, 1.5707963705062866, 0, -10, 68.20000457763672, 8)
Sbp(56, -0, -0, -1.5707963705062866, 84.10000610351562, 47.10000228881836, 15)
Sbp(56, 0, 0, 1.5707963705062866, 85.89999389648438, 45.10000228881836, 15)
Sbp(56, -1.5707963705062866, 1.5707963705062866, 0, -6, 60.10000228881836, -7.100006103515625)
Sbp(57, -0, 0, -0, 81.5, 22.200000762939453, -14)
Sbp(57, -0, 0, -0, 81.5, 22.200000762939453, -10)
Sbp(57, -0, 0, -0, 81.5, 22.200000762939453, 2)
Sbp(57, -3.1415927410125732, 0, -3.1415927410125732, 72.5, 22.200000762939453, 6)
Sbp(57, -0, 0, -0, 81.5, 22.200000762939453, -30)
Sbp(57, -0, 0, -0, 81.5, 22.200000762939453, -26)
Sbp(57, -0, 0, -0, 81.5, 22.200000762939453, -22)
Sbp(57, -3.1415927410125732, 0, -3.1415927410125732, 72.5, 22.200000762939453, 2)
Sbp(57, -0, 0, -0, 81.5, 22.200000762939453, -18)
Sbp(57, -0, -1.5707963705062866, 0, -3, 66.20000457763672, 28.5)
Sbp(57, 0, 1.5707963705062866, 0, -3, 66.20000457763672, 33.5)
Sbp(57, -0, -1.5707963705062866, 0, -3, 66.20000457763672, 16.5)
Sbp(57, -1.5707963705062866, 0, 1.5707963705062866, -11.100006103515625, 10.100000381469727, 11.5)
Sbp(57, -1.5707963705062866, 0, 1.5707963705062866, -11.100006103515625, 18.100000381469727, 11.5)
Sbp(57, -1.5707963705062866, 0, 1.5707963705062866, -11.100006103515625, 22.100000381469727, 11.5)
Sbp(57, -1.5707963705062866, 0, 1.5707963705062866, -11.100006103515625, 14.100000381469727, 11.5)
Sbp(57, 0, 1.5707963705062866, 0, -3, 66.20000457763672, 21.5)
Sbp(57, -0, 0, -0, 81.5, 22.200000762939453, 6)
Sbp(57, -0, 0, -0, 81.5, 22.200000762939453, -2)
Sbp(57, -3.1415927410125732, 0, -3.1415927410125732, 72.5, 22.200000762939453, -6)
Sbp(57, -0, 0, -0, 81.5, 22.200000762939453, -6)
Sbp(57, -3.1415927410125732, 0, -3.1415927410125732, 72.5, 22.200000762939453, -10)
Sbp(57, -0, 0, -0, 81.5, 22.200000762939453, -34)
Sbp(57, -0, 0, -0, 81.5, 22.200000762939453, -38)
Sbp(57, -3.1415927410125732, 0, -3.1415927410125732, 72.5, 22.200000762939453, -2)
Sbp(57, -3.1415927410125732, 0, -3.1415927410125732, 72.5, 22.200000762939453, -18)
Sbp(57, -3.1415927410125732, 0, -3.1415927410125732, 72.5, 22.200000762939453, -22)
Sbp(57, -3.1415927410125732, 0, -3.1415927410125732, 72.5, 22.200000762939453, -34)
Sbp(57, -3.1415927410125732, 0, -3.1415927410125732, 72.5, 22.200000762939453, -30)
Sbp(57, -3.1415927410125732, 0, -3.1415927410125732, 72.5, 22.200000762939453, -14)
Sbp(57, -3.1415927410125732, 0, -3.1415927410125732, 72.5, 22.200000762939453, -38)
Sbp(57, -3.1415927410125732, 0, -3.1415927410125732, 72.5, 22.200000762939453, -26)
Sbp(58, -0, 0, -0, 70.5, 69.20000457763672, -58)
Sbp(58, -0, 0, -0, 70.5, 69.20000457763672, -46)
Sbp(58, -3.1415927410125732, 0, -3.1415927410125732, 73.5, 69.20000457763672, -46)
Sbp(58, -0, 0, -0, 70.5, 69.20000457763672, -42)
Sbp(58, -3.1415927410125732, 0, -3.1415927410125732, 73.5, 69.20000457763672, -30)
Sbp(58, -0, 0, -0, 70.5, 69.20000457763672, -6)
Sbp(58, -3.1415927410125732, 0, -3.1415927410125732, 73.5, 69.20000457763672, -22)
Sbp(58, -3.1415927410125732, 0, -3.1415927410125732, 73.5, 69.20000457763672, -18)
Sbp(58, -0, 0, -0, 70.5, 69.20000457763672, -30)
Sbp(58, -3.1415927410125732, 0, -3.1415927410125732, 73.5, 69.20000457763672, -10)
Sbp(58, -3.1415927410125732, 0, -3.1415927410125732, 73.5, 69.20000457763672, -54)
Sbp(58, -3.1415927410125732, 0, -3.1415927410125732, 73.5, 69.20000457763672, -58)
Sbp(58, -3.1415927410125732, 0, -3.1415927410125732, 73.5, 69.20000457763672, -6)
Sbp(58, -0, 0, -0, 70.5, 69.20000457763672, -10)
Sbp(58, -3.1415927410125732, 0, -3.1415927410125732, 73.5, 69.20000457763672, -42)
Sbp(58, -0, 0, -0, 70.5, 69.20000457763672, -34)
Sbp(58, -0, 0, -0, 70.5, 69.20000457763672, -54)
Sbp(58, -0, 0, -0, 70.5, 69.20000457763672, -18)
Sbp(58, -3.1415927410125732, 0, -3.1415927410125732, 73.5, 69.20000457763672, -34)
Sbp(58, -0, 0, -0, 70.5, 69.20000457763672, -22)
Sbp(58, 1.5707963705062866, -1.5707963705062866, 0, -10, 62.60000228881836, 11.100006103515625)
Sbp(58, 1.5707963705062866, -1.5707963705062866, 0, 2, 62.60000228881836, 11.100006103515625)
Sbp(58, 1.5707963705062866, -1.5707963705062866, 0, 6, 62.60000228881836, 11.100006103515625)
Sbp(58, -1.5707963705062866, 1.5707963705062866, 0, -14, 63.60000228881836, -5.100006103515625)
Sbp(58, 3.1415927410125732, 1.5707963705062866, 0, 14, 71, 5.5)
Sbp(58, -3.1415927410125732, -1.5707963705062866, 0, 14, 71, 0.5)
Sbp(58, 1.5707963705062866, -1.5707963705062866, 0, -14, 63.60000228881836, 11.100006103515625)
Sbp(58, 1.5707963705062866, -1.5707963705062866, 0, 14, 63.60000228881836, 11.100006103515625)
Sbp(58, -0, -1.5707963705062866, 0, 14, 71.20000457763672, 0.5)
Sbp(58, -0, -1.5707963705062866, 0, 2, 70.20000457763672, 0.5)
Sbp(58, -0, -1.5707963705062866, 0, -6, 70.20000457763672, 0.5)
Sbp(58, -1.5707963705062866, 1.5707963705062866, 0, 2, 62.60000228881836, -5.100006103515625)
Sbp(58, -3.1415927410125732, 0, -3.1415927410125732, 2.5, 42.20000076293945, -10)
Sbp(58, -0, -1.5707963705062866, 0, -2, 70.20000457763672, 0.5)
Sbp(58, -1.5707963705062866, 1.5707963705062866, 0, -10, 62.60000228881836, -5.100006103515625)
Sbp(58, 0, 1.5707963705062866, 0, 6, 70.20000457763672, 5.5)
Sbp(58, 0, 1.5707963705062866, 0, -6, 70.20000457763672, 5.5)
Sbp(58, 0, 1.5707963705062866, 0, 2, 70.20000457763672, 5.5)
Sbp(58, 0, 1.5707963705062866, 0, -10, 70.20000457763672, 5.5)
Sbp(58, -0, -1.5707963705062866, 0, 10, 70.20000457763672, 0.5)
Sbp(58, -1.5707963705062866, 1.5707963705062866, 0, 14, 63.60000228881836, -5.100006103515625)
Sbp(58, 3.1415927410125732, 1.5707963705062866, 0, -14, 71, 5.5)
Sbp(58, 0, 1.5707963705062866, 0, -14, 71.20000457763672, 5.5)
Sbp(58, -0, -1.5707963705062866, 0, -14, 71.20000457763672, 0.5)
Sbp(58, 1.5707963705062866, -1.5707963705062866, 0, -2, 62.60000228881836, 11.100006103515625)
Sbp(58, 1.5707963705062866, -1.5707963705062866, 0, -6, 62.60000228881836, 11.100006103515625)
Sbp(58, -3.1415927410125732, -1.5707963705062866, 0, -14, 71, 0.5)
Sbp(58, -0, 0, -0, -8.5, 42.20000076293945, -10)
Sbp(58, -0, -0, -1.5707963705062866, -0.899993896484375, 45.60000228881836, -10)
Sbp(58, 0, 1.5707963705062866, 0, 14, 71.20000457763672, 5.5)
Sbp(58, 1.5707963705062866, -1.5707963705062866, 0, 10, 62.60000228881836, 11.100006103515625)
Sbp(58, 0, 1.5707963705062866, 0, 10, 70.20000457763672, 5.5)
Sbp(58, 0, 1.5707963705062866, 0, -2, 70.20000457763672, 5.5)
Sbp(58, 3.1415927410125732, -0, 1.5707963705062866, -5.100006103515625, 45.60000228881836, -10)
Sbp(58, -0, -1.5707963705062866, 0, -10, 70.20000457763672, 0.5)
Sbp(58, -0, -1.5707963705062866, 0, 6, 70.20000457763672, 0.5)
Sbp(58, -1.5707963705062866, 1.5707963705062866, 0, -6, 62.60000228881836, -5.100006103515625)
Sbp(58, -1.5707963705062866, 1.5707963705062866, 0, -2, 62.60000228881836, -5.100006103515625)
Sbp(58, -1.5707963705062866, 1.5707963705062866, 0, 10, 62.60000228881836, -5.100006103515625)
Sbp(58, -1.5707963705062866, 1.5707963705062866, 0, 6, 62.60000228881836, -5.100006103515625)
Sbp(60, 0, 1.5707963705062866, 0, 0.5, 20.200000762939453, 45)
Sbp(60, 3.1415927410125732, 1.5707963705062866, 0, 89.5, 32, -73)
Sbp(60, -1.5707963705062866, -1.5707963705062866, 0, 52.5, 20.100000381469727, -60.100006103515625)
Sbp(60, 3.1415927410125732, 1.5707963705062866, 0, 52.5, 31, -71)
Sbp(60, 0, 1.5707963705062866, 0, 52.5, 37.20000076293945, -70)
Sbp(60, 3.1415927410125732, 1.5707963705062866, 0, 89.5, 35, -66)
Sbp(60, 0, 1.5707963705062866, 0, 89.5, 37.20000076293945, -70)
Sbp(60, 3.1415927410125732, 1.5707963705062866, 0, 52.5, 37, -70)
Sbp(60, 3.1415927410125732, 1.5707963705062866, 0, 89.5, 37, -70)
Sbp(60, 0, 1.5707963705062866, 0, 52.5, 35.20000076293945, -66)
Sbp(60, 3.1415927410125732, 1.5707963705062866, 0, 89.5, 39, -74)
Sbp(60, 3.1415927410125732, 1.5707963705062866, 0, 52.5, 35, -66)
Sbp(60, -0, 0, -0, -16, 51.20000076293945, -5.5)
Sbp(60, 0, 1.5707963705062866, 0, 5.5, 20.200000762939453, 45)
Sbp(60, 0, 1.5707963705062866, 0, 3.5, 20.200000762939453, 45)
Sbp(60, 0, 1.5707963705062866, 0, 1.5, 20.200000762939453, 45)
Sbp(60, -0, -1.5707963705062866, 0, -5.5, 66.20000457763672, 17)
Sbp(60, 0, 1.5707963705062866, 0, -5.5, 66.20000457763672, 33)
Sbp(60, 0, 1.5707963705062866, 0, -5.5, 66.20000457763672, 21)
Sbp(60, -3.1415927410125732, -1.5707963705062866, 0, -5.5, 66, 29)
Sbp(60, -3.1415927410125732, -1.5707963705062866, 0, -5.5, 66, 17)
Sbp(60, 3.1415927410125732, 1.5707963705062866, 0, -5.5, 66, 21)
Sbp(60, -0, -1.5707963705062866, 0, -5.5, 66.20000457763672, 29)
Sbp(60, 3.1415927410125732, 1.5707963705062866, 0, -5.5, 66, 33)
Sbp(60, 0, 1.5707963705062866, 0, -0.5, 20.200000762939453, 45)
Sbp(60, 0, 1.5707963705062866, 0, -2.5, 20.200000762939453, 45)
Sbp(60, 0, 1.5707963705062866, 0, 7.5, 20.200000762939453, 45)
Sbp(60, 0, 1.5707963705062866, 0, 9.5, 20.200000762939453, 45)
Sbp(60, 0, 1.5707963705062866, 0, 8.5, 20.200000762939453, 45)
Sbp(60, 3.1415927410125732, -0, 1.5707963705062866, -4.100006103515625, 50.10000228881836, -12.5)
Sbp(60, 0, 1.5707963705062866, 0, 10.5, 20.200000762939453, 45)
Sbp(60, 0, 1.5707963705062866, 0, 2.5, 20.200000762939453, 45)
Sbp(60, 0, 1.5707963705062866, 0, 4.5, 20.200000762939453, 45)
Sbp(60, -0, 0, -0, -16, 51.20000076293945, -4.5)
Sbp(60, -0, 0, -0, -16, 51.20000076293945, -2.5)
Sbp(60, -0, 0, -0, -16, 51.20000076293945, 5.5)
Sbp(60, -0, 0, -0, -16, 51.20000076293945, 13.5)
Sbp(60, -0, 0, -0, -16, 51.20000076293945, 1.5)
Sbp(60, -0, 0, -0, -16, 51.20000076293945, 3.5)
Sbp(60, -0, 0, -0, -16, 51.20000076293945, 9.5)
Sbp(60, -0, 0, -0, -16, 51.20000076293945, -0.5)
Sbp(60, -0, 0, -0, -16, 51.20000076293945, 11.5)
Sbp(60, -0, 0, -0, -16, 51.20000076293945, -1.5)
Sbp(60, -0, 0, -0, -16, 51.20000076293945, 7.5)
Sbp(60, -0, 0, -0, -16, 51.20000076293945, 10.5)
Sbp(60, -0, 0, -0, -16, 51.20000076293945, -3.5)
Sbp(60, -0, 0, -0, -16, 51.20000076293945, 8.5)
Sbp(60, -0, 0, -0, -16, 51.20000076293945, 0.5)
Sbp(60, -0, 0, -0, -16, 51.20000076293945, 6.5)
Sbp(60, -0, 0, -0, -16, 51.20000076293945, 2.5)
Sbp(60, 0, 1.5707963705062866, 0, 6.5, 20.200000762939453, 45)
Sbp(60, 0, 1.5707963705062866, 0, -1.5, 20.200000762939453, 45)
Sbp(60, -0, -0, -1.5707963705062866, -1.899993896484375, 50.10000228881836, -12.5)
Sbp(60, -0, 0, -0, -16, 51.20000076293945, 12.5)
Sbp(60, -0, 0, -0, -16, 51.20000076293945, 4.5)
Sbp(60, -1.5707963705062866, 1.5707963705062866, 0, 77.5, 45.70000076293945, -59.100006103515625)
Sbp(60, -1.5707963705062866, 1.5707963705062866, 0, 76.5, 45.70000076293945, -59.100006103515625)
Sbp(60, -1.5707963705062866, -1.5707963705062866, 0, 88.5, 10.100000381469727, -28.100006103515625)
Sbp(60, -3.1415927410125732, -1.5707963705062866, 0, 88.5, 14, -46)
Sbp(60, 3.1415927410125732, 1.5707963705062866, 0, 88.5, 14, -32)
Sbp(60, -3.1415927410125732, -1.5707963705062866, 0, 43.5, 16, -47)
Sbp(60, 3.1415927410125732, 1.5707963705062866, 0, 43.5, 16, -31)
Sbp(60, -3.1415927410125732, 0, -0, 83, 48, -3.5)
Sbp(60, -0, 0, -3.1415927410125732, 71, 48, -3.5)
Sbp(60, 1.5707963705062866, 1.5707963705062866, 0, 42.5, 28.100000381469727, -50.899993896484375)
Sbp(60, 3.1415927410125732, 1.5707963705062866, 0, 42.5, 32, -31)
Sbp(60, -1.5707963705062866, -1.5707963705062866, 0, 42.5, 28.100000381469727, -27.100006103515625)
Sbp(60, -3.1415927410125732, -1.5707963705062866, 0, 42.5, 32, -47)
Sbp(60, 3.1415927410125732, -0, 1.5707963705062866, 54.899993896484375, 42.10000228881836, -2.5)
Sbp(60, -1.5707963705062866, -1.5707963705062866, 0, 89.5, 21.100000381469727, -62.100006103515625)
Sbp(60, 3.1415927410125732, -0, 1.5707963705062866, 60.899993896484375, 54.10000228881836, -2.5)
Sbp(60, -3.1415927410125732, 0, -1.5707963705062866, 55.100006103515625, 42.10000228881836, -2.5)
Sbp(60, -3.1415927410125732, 0, -1.5707963705062866, 59.100006103515625, 50.10000228881836, -2.5)
Sbp(60, 3.1415927410125732, -0, 1.5707963705062866, 56.899993896484375, 46.10000228881836, -2.5)
Sbp(60, -3.1415927410125732, 0, -1.5707963705062866, 57.100006103515625, 46.10000228881836, -2.5)
Sbp(60, 0, 1.5707963705062866, 0, 89.5, 35.20000076293945, -66)
Sbp(60, 3.1415927410125732, -0, 1.5707963705062866, 58.899993896484375, 50.10000228881836, -2.5)
Sbp(60, 3.1415927410125732, 1.5707963705062866, 0, 52.5, 39, -74)
Sbp(60, 1.5707963705062866, 1.5707963705062866, 0, 43.5, 12.100000381469727, -50.899993896484375)
Sbp(60, -1.5707963705062866, -1.5707963705062866, 0, 43.5, 12.100000381469727, -27.100006103515625)
Sbp(60, 1.5707963705062866, 1.5707963705062866, 0, 88.5, 10.100000381469727, -49.899993896484375)
Sbp(60, -1.5707963705062866, -1.5707963705062866, 0, 89.5, 13.100000381469727, -6.100006103515625)
Sbp(60, 1.5707963705062866, 1.5707963705062866, 0, 89.5, 13.100000381469727, -25.899993896484375)
Sbp(60, -3.1415927410125732, -1.5707963705062866, 0, 89.5, 17, -22)
Sbp(60, 3.1415927410125732, 1.5707963705062866, 0, 89.5, 17, -10)
Sbp(60, -1.5707963705062866, 0, -1.5707963705062866, 15.100006103515625, 6.599999904632568, 2)
Sbp(60, 1.5707963705062866, 0, -1.5707963705062866, 15.100006103515625, 6.599999904632568, 27)
Sbp(61, -3.1415927410125732, 0, -0, 66.5, 38, -13.5)
Sbp(61, -3.1415927410125732, 0, -3.1415927410125732, 54.5, 50.20000076293945, -60.5)
Sbp(61, -3.1415927410125732, 0, -1.5707963705062866, 67.10000610351562, 53.60000228881836, -60.5)
Sbp(61, 0, 0, 1.5707963705062866, 88.89999389648438, 53.60000228881836, -60.5)
Sbp(61, -0, 0, -3.1415927410125732, 80.5, 54, -60.5)
Sbp(61, 1.5707963705062866, 0, -0, 25.5, 9.800000190734863, 39.100006103515625)
Sbp(61, -1.5707963705062866, 0, -1.5707963705062866, 26.100006103515625, 10.800000190734863, 54.5)
Sbp(61, 1.5707963705062866, 0, 1.5707963705062866, 25.899993896484375, 10.800000190734863, 34.5)
Sbp(61, 1.5707963705062866, -0, -3.1415927410125732, 26.5, 10.800000190734863, 38.899993896484375)
Sbp(61, -1.5707963705062866, -0, -0, 25.5, 10.800000190734863, 50.899993896484375)
Sbp(61, 1.5707963705062866, 0, -0, 25.5, 10.800000190734863, 39.100006103515625)
Sbp(61, -1.5707963705062866, 0, -3.1415927410125732, 42.5, 10.800000190734863, 55.100006103515625)
Sbp(61, -1.5707963705062866, 0, -3.1415927410125732, 42.5, 9.800000190734863, 55.100006103515625)
Sbp(61, -1.5707963705062866, -0, -0, 25.5, 9.800000190734863, 50.899993896484375)
Sbp(61, 0, 0, 1.5707963705062866, 3.899993896484375, 18.600000381469727, 46.5)
Sbp(61, 1.5707963705062866, 1.5707963705062866, 0, 58.5, 35.60000228881836, 1.100006103515625)
Sbp(61, -1.5707963705062866, 0, -1.5707963705062866, 51.100006103515625, 38.60000228881836, -7.5)
Sbp(61, -1.5707963705062866, 0, 1.5707963705062866, 50.899993896484375, 38.60000228881836, -6.5)
Sbp(61, -1.5707963705062866, -0, -0, 50.5, 38.60000228881836, -19.100006103515625)
Sbp(61, -3.1415927410125732, 0, -3.1415927410125732, 80.5, 50.20000076293945, -60.5)
Sbp(61, -3.1415927410125732, 0, -0, 75.5, 54, -60.5)
Sbp(61, -3.1415927410125732, 0, -1.5707963705062866, 54.100006103515625, 53.60000228881836, -60.5)
Sbp(61, -3.1415927410125732, 0, -3.1415927410125732, 67.5, 50.20000076293945, -60.5)
Sbp(61, 0, 0, 1.5707963705062866, 62.899993896484375, 53.60000228881836, -60.5)
Sbp(61, -0, 0, -0, 62.5, 50.20000076293945, -60.5)
Sbp(61, -0, 0, -0, 75.5, 50.20000076293945, -60.5)
Sbp(61, -0, 0, -0, 88.5, 50.20000076293945, -60.5)
Sbp(61, -3.1415927410125732, -1.5707963705062866, 0, 76.5, 49, 31.5)
Sbp(61, -3.1415927410125732, -1.5707963705062866, 0, 77.5, 49, 31.5)
Sbp(61, -3.1415927410125732, 0, -0, 51.5, 4, -55.5)
Sbp(61, 0, 0, 1.5707963705062866, 42.899993896484375, 3.6000001430511475, -49.5)
Sbp(61, -0, 0, -3.1415927410125732, 90.5, 4, -63.5)
Sbp(61, 1.5707963705062866, 1.5707963705062866, 0, 83.5, 19.600000381469727, 8.100006103515625)
Sbp(61, -0, -0, -1.5707963705062866, 79.10000610351562, 60.20000076293945, -56.5)
Sbp(61, -0, -0, -1.5707963705062866, 80.10000610351562, 52.20000076293945, -57.5)
Sbp(61, 3.1415927410125732, -0, 1.5707963705062866, 73.89999389648438, 52.20000076293945, -57.5)
Sbp(61, -0, -0, -1.5707963705062866, 80.10000610351562, 52.20000076293945, -56.5)
Sbp(61, -0, -0, -1.5707963705062866, 79.10000610351562, 60.20000076293945, -57.5)
Sbp(61, -0, 0, -0, 81.5, 41.20000076293945, -56.5)
Sbp(61, 1.5707963705062866, 1.5707963705062866, 0, 71.5, 37.20000076293945, -52.899993896484375)
Sbp(61, 0, 1.5707963705062866, 0, 71.5, 44.79999923706055, -52.5)
Sbp(61, -1.5707963705062866, -1.5707963705062866, 0, 71.5, 37.20000076293945, -60.100006103515625)
Sbp(61, -0, 0, -3.1415927410125732, 18.5, 51, -3.5)
Sbp(61, -0, -0, -1.5707963705062866, 18.100006103515625, 59.60000228881836, -3.5)
Sbp(61, 1.5707963705062866, 0, -0, 8.5, 10.600000381469727, 37.100006103515625)
Sbp(61, 1.5707963705062866, 0, 1.5707963705062866, 8.899993896484375, 16.600000381469727, 27.5)
Sbp(61, -3.1415927410125732, 0, -1.5707963705062866, 11.100006103515625, 61.60000228881836, 39.5)
Sbp(61, 0, 0, 1.5707963705062866, -3.100006103515625, 61.60000228881836, 39.5)
Sbp(61, -3.1415927410125732, -1.5707963705062866, 0, 3.5, 67, 49.5)
Sbp(61, -3.1415927410125732, -1.5707963705062866, 0, 4.5, 67, 49.5)
Sbp(61, -1.5707963705062866, -1.5707963705062866, 0, 3.5, 71.5999984741211, 49.899993896484375)
Sbp(61, -1.5707963705062866, -1.5707963705062866, 0, 4.5, 71.5999984741211, 49.899993896484375)
Sbp(61, 1.5707963705062866, -1.5707963705062866, 0, 3.5, 71.5999984741211, 50.100006103515625)
Sbp(61, -3.1415927410125732, -1.5707963705062866, 0, 3.5, 72, 46.5)
Sbp(61, 1.5707963705062866, -1.5707963705062866, 0, 4.5, 71.5999984741211, 50.100006103515625)
Sbp(61, -3.1415927410125732, -1.5707963705062866, 0, 4.5, 72, 46.5)
Sbp(61, -1.5707963705062866, -1.5707963705062866, 0, -2.5, 21.600000381469727, 31.899993896484375)
Sbp(61, 1.5707963705062866, 1.5707963705062866, 0, -2.5, 21.600000381469727, 30.100006103515625)
Sbp(61, 1.5707963705062866, 1.5707963705062866, 0, -2.5, 21.600000381469727, 20.100006103515625)
Sbp(61, -1.5707963705062866, -1.5707963705062866, 0, -2.5, 21.600000381469727, 21.899993896484375)
Sbp(61, -3.1415927410125732, 0, -0, 7.5, 19, 39.5)
Sbp(61, -0, 0, -3.1415927410125732, 0.5, 19, 39.5)
Sbp(61, -0, 0, -3.1415927410125732, -3.5, 20, -10.5)
Sbp(61, -3.1415927410125732, 0, -0, 7.5, 21, 39.5)
Sbp(61, -1.5707963705062866, 0, -1.5707963705062866, 2.100006103515625, 25.600000381469727, -9.5)
Sbp(61, -1.5707963705062866, 0, -1.5707963705062866, 2.100006103515625, 24.600000381469727, -9.5)
Sbp(61, -3.1415927410125732, 0, -0, -2.5, 20, -10.5)
Sbp(61, -1.5707963705062866, -0, -0, -8.5, 25.600000381469727, -9.100006103515625)
Sbp(61, -0, 0, -3.1415927410125732, 0.5, 21, 39.5)
Sbp(61, -1.5707963705062866, -1.5707963705062866, 0, -10.5, 5.599999904632568, -8.100006103515625)
Sbp(61, -1.5707963705062866, -1.5707963705062866, 0, -11.5, 5.599999904632568, -8.100006103515625)
Sbp(61, -1.5707963705062866, 0, -1.5707963705062866, 6.100006103515625, 28.600000381469727, -1.5)
Sbp(61, -0, 0, -3.1415927410125732, -22.5, 42.60000228881836, 2.5)
Sbp(61, -0, 0, -3.1415927410125732, -22.5, 42.60000228881836, 3.5)
Sbp(61, -3.1415927410125732, 0, -0, 0.5, 43, -12.5)
Sbp(61, -0, -0, -1.5707963705062866, 18.100006103515625, 59.60000228881836, 3.5)
Sbp(61, -3.1415927410125732, 0, -0, 17.5, 59, 3.5)
Sbp(61, -3.1415927410125732, 0, -0, 17.5, 59, -3.5)
Sbp(61, 1.5707963705062866, 0, -0, 8.5, 16.600000381469727, 37.100006103515625)
Sbp(61, 1.5707963705062866, 0, -1.5707963705062866, -0.899993896484375, 19.600000381469727, 37.5)
Sbp(61, 1.5707963705062866, 0, -1.5707963705062866, -0.899993896484375, 22.600000381469727, 37.5)
Sbp(61, -0, -1.5707963705062866, 0, 4.5, 60.79999923706055, 46.5)
Sbp(61, -0, -0, -1.5707963705062866, -22.899993896484375, 63.20000076293945, 3.5)
Sbp(61, 1.5707963705062866, 0, -0, -10.5, 53.60000228881836, 21.100006103515625)
Sbp(61, 1.5707963705062866, 0, -0, -10.5, 51.60000228881836, 24.100006103515625)
Sbp(61, -3.1415927410125732, 0, -0, -23.5, 42.60000228881836, 2.5)
Sbp(61, -0, -0, -1.5707963705062866, -22.899993896484375, 63.20000076293945, 2.5)
Sbp(61, 3.1415927410125732, -0, 1.5707963705062866, -23.100006103515625, 63.20000076293945, 2.5)
Sbp(61, -3.1415927410125732, 0, -0, -23.5, 42.60000228881836, 3.5)
Sbp(61, 3.1415927410125732, -0, 1.5707963705062866, -23.100006103515625, 63.20000076293945, 3.5)
Sbp(61, 1.5707963705062866, -1.5707963705062866, 0, -7.5, 30.600000381469727, 42.100006103515625)
Sbp(61, 3.1415927410125732, 1.5707963705062866, 0, -7.5, 21, 39.5)
Sbp(61, 3.1415927410125732, 1.5707963705062866, 0, -17.5, 50, 4.5)
Sbp(61, 0, 1.5707963705062866, 0, -7.5, 27.200000762939453, 44.5)
Sbp(61, 3.1415927410125732, 1.5707963705062866, 0, -17.5, 50, 0.5)
Sbp(61, 3.1415927410125732, 1.5707963705062866, 0, -17.5, 50, 10.5)
Sbp(61, 1.5707963705062866, 0, -1.5707963705062866, -0.899993896484375, 13.600000381469727, 37.5)
Sbp(61, 1.5707963705062866, -0, -3.1415927410125732, -0.5, 22.600000381469727, 14.899993896484375)
Sbp(61, 1.5707963705062866, 0, -1.5707963705062866, -0.899993896484375, 10.600000381469727, 37.5)
Sbp(61, 1.5707963705062866, -0, -3.1415927410125732, -0.5, 19.600000381469727, 14.899993896484375)
Sbp(61, 1.5707963705062866, 0, 1.5707963705062866, 8.899993896484375, 10.600000381469727, 27.5)
Sbp(61, -0, 0, -0, 2.5, 60.79999923706055, 47.5)
Sbp(61, 0, 1.5707963705062866, 0, 3.5, 60.79999923706055, 49.5)
Sbp(61, 3.1415927410125732, 1.5707963705062866, 0, -17.5, 50, 6.5)
Sbp(61, 3.1415927410125732, 1.5707963705062866, 0, -17.5, 50, 8.5)
Sbp(61, 3.1415927410125732, -0, 1.5707963705062866, 66.89999389648438, 37.70000076293945, 30.5)
Sbp(61, -0, 0, -3.1415927410125732, 87.5, 43.10000228881836, 29.5)
Sbp(61, -3.1415927410125732, 0, -0, 66.5, 43.10000228881836, 29.5)
Sbp(61, -0, 0, -3.1415927410125732, 87.5, 43.10000228881836, 30.5)
Sbp(61, -1.5707963705062866, 0, 1.5707963705062866, 50.899993896484375, 36.60000228881836, -6.5)
Sbp(61, -1.5707963705062866, -0, -0, 50.5, 36.60000228881836, -19.100006103515625)
Sbp(61, -1.5707963705062866, 0, -1.5707963705062866, 51.100006103515625, 36.60000228881836, -7.5)
Sbp(61, -1.5707963705062866, 0, -3.1415927410125732, 51.5, 38.60000228881836, -18.899993896484375)
Sbp(61, -1.5707963705062866, 0, -3.1415927410125732, 51.5, 36.60000228881836, -18.899993896484375)
Sbp(61, -0, -0, -1.5707963705062866, 87.10000610351562, 37.70000076293945, 29.5)
Sbp(61, 3.1415927410125732, -0, 1.5707963705062866, 66.89999389648438, 37.70000076293945, 29.5)
Sbp(61, -0, -0, -1.5707963705062866, 87.10000610351562, 37.70000076293945, 30.5)
Sbp(61, -3.1415927410125732, 0, -0, 66.5, 43.10000228881836, 30.5)
Sbp(61, -0, -1.5707963705062866, 0, 58.5, 36.20000076293945, 0.5)
Sbp(61, 1.5707963705062866, -1.5707963705062866, 0, 76.5, 53.60000228881836, 32.100006103515625)
Sbp(61, 1.5707963705062866, -1.5707963705062866, 0, 77.5, 53.60000228881836, 32.100006103515625)
Sbp(61, 1.5707963705062866, 1.5707963705062866, 0, 77.5, 53.60000228881836, 28.100006103515625)
Sbp(61, 1.5707963705062866, 1.5707963705062866, 0, 76.5, 53.60000228881836, 28.100006103515625)
Sbp(61, 0, 0, 1.5707963705062866, 42.899993896484375, 3.6000001430511475, -24.5)
Sbp(61, -3.1415927410125732, 0, -0, 51.5, 4, -54.5)
Sbp(61, -3.1415927410125732, 0, -1.5707963705062866, 90.10000610351562, 3.6000001430511475, -3.5)
Sbp(61, -0, 0, -3.1415927410125732, 90.5, 4, -62.5)
Sbp(61, 1.5707963705062866, 1.5707963705062866, 0, 70.5, 19.600000381469727, 8.100006103515625)
Sbp(61, -3.1415927410125732, 0, -0, -15.5, 6, 11.5)
Sbp(61, -0, 0, -3.1415927410125732, 18.5, 51, 3.5)
Sbp(61, -0, 0, -0, 17.5, 51.20000076293945, 3.5)
Sbp(61, 1.5707963705062866, -1.5707963705062866, 0, 15.5, 41.60000228881836, 28.100006103515625)
Sbp(61, -1.5707963705062866, 1.5707963705062866, 0, 15.5, 39.60000228881836, 20.899993896484375)
Sbp(61, 1.5707963705062866, 1.5707963705062866, 0, 15.5, 34.60000228881836, 17.100006103515625)
Sbp(61, 1.5707963705062866, -1.5707963705062866, 0, 15.5, 40.60000228881836, 16.100006103515625)
Sbp(61, 1.5707963705062866, -1.5707963705062866, 0, 15.5, 39.60000228881836, 17.100006103515625)
Sbp(61, -1.5707963705062866, 1.5707963705062866, 0, 15.5, 40.60000228881836, 21.899993896484375)
Sbp(61, -1.5707963705062866, 1.5707963705062866, 0, 15.5, 46.60000228881836, 14.899993896484375)
Sbp(61, 1.5707963705062866, -1.5707963705062866, 0, 15.5, 46.60000228881836, 23.100006103515625)
Sbp(61, 1.5707963705062866, 1.5707963705062866, 0, 15.5, 33.60000228881836, 16.100006103515625)
Sbp(61, 3.1415927410125732, 1.5707963705062866, 0, 15.5, 34, 21.5)
Sbp(61, 1.5707963705062866, 1.5707963705062866, 0, 15.5, 29.600000381469727, 26.100006103515625)
Sbp(61, 1.5707963705062866, 1.5707963705062866, 0, 15.5, 27.600000381469727, 23.100006103515625)
Sbp(61, -1.5707963705062866, 1.5707963705062866, 0, 15.5, 41.60000228881836, 9.899993896484375)
Sbp(61, -3.1415927410125732, -1.5707963705062866, 0, 15.5, 33, 28.5)
Sbp(61, 3.1415927410125732, 1.5707963705062866, 0, 15.5, 35, 20.5)
Sbp(61, -1.5707963705062866, 1.5707963705062866, 0, 15.5, 44.60000228881836, 11.899993896484375)
Sbp(61, 1.5707963705062866, -1.5707963705062866, 0, 15.5, 44.60000228881836, 26.100006103515625)
Sbp(61, 3.1415927410125732, 1.5707963705062866, 0, 15.5, 27.899999618530273, 14.5)
Sbp(61, 3.1415927410125732, -0, 1.5707963705062866, 74.89999389648438, 60.20000076293945, -57.5)
Sbp(61, 3.1415927410125732, -0, 1.5707963705062866, 74.89999389648438, 60.20000076293945, -56.5)
Sbp(61, 1.5707963705062866, 1.5707963705062866, 0, 80.5, 22.80000114440918, -61.899993896484375)
Sbp(61, 1.5707963705062866, 1.5707963705062866, 0, 80.5, 22.80000114440918, -51.899993896484375)
Sbp(61, -3.1415927410125732, -1.5707963705062866, 0, 73.5, 23.200000762939453, -61.5)
Sbp(61, -1.5707963705062866, -1.5707963705062866, 0, 80.5, 22.80000114440918, -53.100006103515625)
Sbp(61, 3.1415927410125732, 1.5707963705062866, 0, 73.5, 23.200000762939453, -58.5)
Sbp(61, -0, -1.5707963705062866, 0, 73.5, 23.399999618530273, -62.5)
Sbp(61, -3.1415927410125732, -1.5707963705062866, 0, 73.5, 23.200000762939453, -55.5)
Sbp(61, -1.5707963705062866, 1.5707963705062866, 0, 80.5, 23.80000114440918, -62.100006103515625)
Sbp(61, 1.5707963705062866, -1.5707963705062866, 0, 80.5, 23.80000114440918, -47.899993896484375)
Sbp(61, 1.5707963705062866, -1.5707963705062866, 0, 78.5, 24.600000381469727, -47.899993896484375)
Sbp(61, 1.5707963705062866, -1.5707963705062866, 0, 79.5, 24.600000381469727, -47.899993896484375)
Sbp(61, -3.1415927410125732, 0, -0, 77.5, 40, -53.5)
Sbp(61, -0, 0, -3.1415927410125732, 76.5, 40, -53.5)
Sbp(61, -0, 0, -0, 75.5, 39.79999923706055, -53.5)
Sbp(61, 0, 1.5707963705062866, 0, 73.5, 23.399999618530273, -47.5)
Sbp(61, -1.5707963705062866, -1.5707963705062866, 0, 80.5, 22.80000114440918, -48.100006103515625)
Sbp(61, 3.1415927410125732, 1.5707963705062866, 0, 73.5, 23.200000762939453, -48.5)
Sbp(61, -1.5707963705062866, -1.5707963705062866, 0, 80.5, 22.80000114440918, -58.100006103515625)
Sbp(61, 1.5707963705062866, 1.5707963705062866, 0, 80.5, 22.80000114440918, -56.899993896484375)
Sbp(61, 1.5707963705062866, 1.5707963705062866, 0, 69.5, 22.600000381469727, -39.899993896484375)
Sbp(61, 1.5707963705062866, 1.5707963705062866, 0, 84.5, 22.600000381469727, -39.899993896484375)
Sbp(61, -1.5707963705062866, -1.5707963705062866, 0, 84.5, 22.600000381469727, 6.899993896484375)
Sbp(61, -1.5707963705062866, -1.5707963705062866, 0, 69.5, 22.600000381469727, 6.899993896484375)
Sbp(61, -3.1415927410125732, 0, -3.1415927410125732, 12.5, 8.199999809265137, 12.5)
Sbp(61, -1.5707963705062866, 0, -1.5707963705062866, 15.100006103515625, 7.599999904632568, 3.5)
Sbp(61, -1.5707963705062866, 0, -3.1415927410125732, 15.5, 24.600000381469727, 12.100006103515625)
Sbp(61, -0, 0, -3.1415927410125732, 12.5, 24, 3.5)
Sbp(61, -3.1415927410125732, 0, -3.1415927410125732, 12.5, 8.199999809265137, 3.5)
Sbp(61, -1.5707963705062866, 0, -1.5707963705062866, 15.100006103515625, 24.600000381469727, 3.5)
Sbp(61, 1.5707963705062866, 0, -1.5707963705062866, -0.899993896484375, 16.600000381469727, 37.5)
Sbp(61, -1.5707963705062866, 0, -1.5707963705062866, -0.899993896484375, 13.600000381469727, 14.5)
Sbp(61, 1.5707963705062866, 0, 1.5707963705062866, -7.100006103515625, 27.600000381469727, -12.5)
Sbp(61, 1.5707963705062866, -0, -3.1415927410125732, -0.5, 16.600000381469727, 14.899993896484375)
Sbp(61, -1.5707963705062866, 0, -1.5707963705062866, -0.899993896484375, 10.600000381469727, 14.5)
Sbp(61, 1.5707963705062866, 0, -0, 8.5, 13.600000381469727, 37.100006103515625)
Sbp(61, 1.5707963705062866, 0, 1.5707963705062866, 8.899993896484375, 13.600000381469727, 27.5)
Sbp(61, -3.1415927410125732, 0, -3.1415927410125732, 5.5, 60.79999923706055, 47.5)
Sbp(61, -0, -1.5707963705062866, 0, 3.5, 60.79999923706055, 46.5)
Sbp(61, -0, 0, -0, 2.5, 60.79999923706055, 48.5)
Sbp(61, -3.1415927410125732, 0, -3.1415927410125732, 5.5, 60.79999923706055, 48.5)
Sbp(61, 0, 1.5707963705062866, 0, 4.5, 60.79999923706055, 49.5)
Sbp(61, -3.1415927410125732, 0, -0, -15.5, 6, 12.5)
Sbp(61, -3.1415927410125732, 0, -1.5707963705062866, -6.899993896484375, 42.60000228881836, -12.5)
Sbp(61, 3.1415927410125732, 1.5707963705062866, 0, 15.5, 30, 11.5)
Sbp(61, -0, -0, -1.5707963705062866, 12.100006103515625, 14.600000381469727, 34.5)
Sbp(61, -3.1415927410125732, 0, -1.5707963705062866, 12.100006103515625, 9.600000381469727, 34.5)
Sbp(61, -1.5707963705062866, 0, -1.5707963705062866, 15.100006103515625, 20.600000381469727, 3.5)
Sbp(61, -1.5707963705062866, 0, -3.1415927410125732, 15.5, 20.600000381469727, 25.100006103515625)
Sbp(61, -3.1415927410125732, 0, -1.5707963705062866, 12.100006103515625, 9.600000381469727, 30.5)
Sbp(61, 3.1415927410125732, -0, 1.5707963705062866, 11.899993896484375, 10.600000381469727, 34.5)
Sbp(61, 3.1415927410125732, -0, 1.5707963705062866, 11.899993896484375, 10.600000381469727, 30.5)
Sbp(61, 0, 0, 1.5707963705062866, 11.899993896484375, 13.600000381469727, 30.5)
Sbp(61, -3.1415927410125732, -1.5707963705062866, 0, 15.5, 12, 18.5)
Sbp(61, -0, 0, -3.1415927410125732, 0.5, 19, 46.5)
Sbp(61, -3.1415927410125732, 0, -0, 9.5, 19, 46.5)
Sbp(61, -3.1415927410125732, 0, -0, 5.5, 19, 46.5)
Sbp(61, -3.1415927410125732, 0, -0, -2.5, 19, 46.5)
Sbp(61, -3.1415927410125732, 0, -0, 1.5, 19, 46.5)
Sbp(61, -3.1415927410125732, 0, -0, -0.5, 19, 46.5)
Sbp(61, -3.1415927410125732, 0, -0, 7.5, 19, 46.5)
Sbp(61, 0, 1.5707963705062866, 0, -4.5, 61.20000076293945, 29.5)
Sbp(61, -1.5707963705062866, -0, -0, -7.5, 28.600000381469727, -12.100006103515625)
Sbp(61, -3.1415927410125732, 0, -3.1415927410125732, -5.5, 68.20000457763672, 19.5)
Sbp(61, -0, 0, -0, -6.5, 68.20000457763672, 30.5)
Sbp(61, -0, -1.5707963705062866, 0, -4.5, 61.20000076293945, 20.5)
Sbp(61, -1.5707963705062866, 0, -1.5707963705062866, 1.100006103515625, 28.600000381469727, -12.5)
Sbp(61, -0, -1.5707963705062866, 0, -4.5, 61.20000076293945, 32.5)
Sbp(61, -0, 0, -0, -6.5, 68.20000457763672, 18.5)
Sbp(61, -0, 0, -0, -6.5, 68.20000457763672, 19.5)
Sbp(61, -0, 0, -0, -6.5, 68.20000457763672, 31.5)
Sbp(61, 1.5707963705062866, -0, -3.1415927410125732, 1.5, 26.600000381469727, -12.100006103515625)
Sbp(61, 1.5707963705062866, 0, 1.5707963705062866, -7.100006103515625, 26.600000381469727, -12.5)
Sbp(61, -1.5707963705062866, -0, -0, -8.5, 24.600000381469727, -9.100006103515625)
Sbp(61, 3.1415927410125732, 1.5707963705062866, 0, 15.5, 12, 16.5)
Sbp(61, -1.5707963705062866, -1.5707963705062866, 0, 15.5, 32.60000228881836, 9.899993896484375)
Sbp(61, 1.5707963705062866, -1.5707963705062866, 0, 71.5, 44.20000076293945, -58.899993896484375)
Sbp(61, 0, 1.5707963705062866, 0, 71.5, 38.79999923706055, -53.5)
Sbp(61, -3.1415927410125732, 0, -1.5707963705062866, 82.10000610351562, 41.20000076293945, -56.5)
Sbp(61, 0, 1.5707963705062866, 0, 71.5, 39.79999923706055, -54.5)
Sbp(61, -0, -1.5707963705062866, 0, 71.5, 39.79999923706055, -58.5)
Sbp(61, 1.5707963705062866, -1.5707963705062866, 0, 71.5, 43.20000076293945, -57.899993896484375)
Sbp(61, -1.5707963705062866, 1.5707963705062866, 0, 71.5, 43.20000076293945, -55.100006103515625)
Sbp(61, -0, -1.5707963705062866, 0, 71.5, 38.79999923706055, -59.5)
Sbp(61, -1.5707963705062866, 1.5707963705062866, 0, 71.5, 44.20000076293945, -54.100006103515625)
Sbp(61, -0, 0, -0, 17.5, 51.20000076293945, -3.5)
Sbp(61, 3.1415927410125732, -0, 1.5707963705062866, 73.89999389648438, 52.20000076293945, -56.5)
Sbp(61, -3.1415927410125732, 0, -3.1415927410125732, 78.5, 39.79999923706055, -53.5)
Sbp(61, -0, 0, -3.1415927410125732, 12.5, 24, 12.5)
Sbp(61, 1.5707963705062866, -0, -3.1415927410125732, 15.5, 7.599999904632568, 16.899993896484375)
Sbp(61, -3.1415927410125732, 0, -3.1415927410125732, 12.5, 8.199999809265137, 25.5)
Sbp(61, -3.1415927410125732, 0, -3.1415927410125732, 12.5, 8.199999809265137, 16.5)
Sbp(61, -0, 0, -3.1415927410125732, 12.5, 24, 25.5)
Sbp(61, -0, 0, -3.1415927410125732, 12.5, 24, 16.5)
Sbp(61, 1.5707963705062866, 0, -1.5707963705062866, 15.100006103515625, 24.600000381469727, 25.5)
Sbp(61, 1.5707963705062866, 0, -1.5707963705062866, 15.100006103515625, 7.599999904632568, 25.5)
Sbp(61, 1.5707963705062866, -0, -3.1415927410125732, 15.5, 24.600000381469727, 16.899993896484375)
Sbp(61, 1.5707963705062866, 0, -1.5707963705062866, 15.100006103515625, 7.599999904632568, 12.5)
Sbp(61, -3.1415927410125732, -1.5707963705062866, 0, -12.5, 62, 10.5)
Sbp(61, 3.1415927410125732, 1.5707963705062866, 0, -12.5, 62, -4.5)
Sbp(61, -3.1415927410125732, -1.5707963705062866, 0, 12.5, 62, 10.5)
Sbp(61, 3.1415927410125732, 1.5707963705062866, 0, 12.5, 61, -3.5)
Sbp(61, 3.1415927410125732, 1.5707963705062866, 0, 12.5, 62, -4.5)
Sbp(61, -0, -0, -1.5707963705062866, 12.100006103515625, 14.600000381469727, 30.5)
Sbp(61, 0, 0, 1.5707963705062866, 11.899993896484375, 13.600000381469727, 34.5)
Sbp(61, -0, 0, -3.1415927410125732, -1.5, 19, 46.5)
Sbp(61, -0, 0, -3.1415927410125732, 4.5, 19, 46.5)
Sbp(61, -0, 0, -3.1415927410125732, 6.5, 19, 46.5)
Sbp(61, -0, 0, -3.1415927410125732, 2.5, 19, 46.5)
Sbp(61, -0, 0, -3.1415927410125732, 8.5, 19, 46.5)
Sbp(61, -0, 0, -3.1415927410125732, 10.5, 19, 46.5)
Sbp(61, 3.1415927410125732, 1.5707963705062866, 0, -17.5, 50, 2.5)
Sbp(61, 3.1415927410125732, 1.5707963705062866, 0, -17.5, 50, 12.5)
Sbp(61, 3.1415927410125732, 1.5707963705062866, 0, -17.5, 50, -1.5)
Sbp(61, 3.1415927410125732, 1.5707963705062866, 0, -17.5, 50, -3.5)
Sbp(61, -1.5707963705062866, 1.5707963705062866, 0, -7.5, 30.600000381469727, 29.899993896484375)
Sbp(61, 3.1415927410125732, 1.5707963705062866, 0, -7.5, 29, 39.5)
Sbp(61, -3.1415927410125732, -1.5707963705062866, 0, -17.5, 50, 11.5)
Sbp(61, -3.1415927410125732, -1.5707963705062866, 0, -17.5, 50, 13.5)
Sbp(61, -3.1415927410125732, -1.5707963705062866, 0, -17.5, 50, 3.5)
Sbp(61, -3.1415927410125732, -1.5707963705062866, 0, -17.5, 50, -2.5)
Sbp(61, -3.1415927410125732, -1.5707963705062866, 0, -17.5, 50, -0.5)
Sbp(61, -3.1415927410125732, -1.5707963705062866, 0, -17.5, 50, 9.5)
Sbp(61, 3.1415927410125732, 1.5707963705062866, 0, -17.5, 50, -5.5)
Sbp(61, -3.1415927410125732, -1.5707963705062866, 0, -17.5, 50, 1.5)
Sbp(61, -3.1415927410125732, -1.5707963705062866, 0, -17.5, 50, 5.5)
Sbp(61, -3.1415927410125732, -1.5707963705062866, 0, -17.5, 50, -4.5)
Sbp(61, -3.1415927410125732, -1.5707963705062866, 0, -17.5, 50, 7.5)
Sbp(61, -3.1415927410125732, -1.5707963705062866, 0, -7.5, 18, 42.5)
Sbp(61, -1.5707963705062866, -1.5707963705062866, 0, -7.5, 15.600000381469727, 32.899993896484375)
Sbp(61, -0, -1.5707963705062866, 0, -7.5, 19.200000762939453, 39.5)
Sbp(61, 0, 1.5707963705062866, 0, -7.5, 32.20000076293945, 39.5)
Sbp(61, -1.5707963705062866, -1.5707963705062866, 0, -7.5, 20.600000381469727, 27.899993896484375)
Sbp(61, -0, -1.5707963705062866, 0, -7.5, 32.20000076293945, 32.5)
Sbp(61, -1.5707963705062866, -1.5707963705062866, 0, -7.5, 17.600000381469727, 29.899993896484375)
Sbp(61, 1.5707963705062866, 1.5707963705062866, 0, -7.5, 20.600000381469727, 44.100006103515625)
Sbp(61, -0, -1.5707963705062866, 0, -7.5, 27.200000762939453, 27.5)
Sbp(61, -3.1415927410125732, -1.5707963705062866, 0, -7.5, 16, 39.5)
Sbp(61, 0, 1.5707963705062866, 0, -7.5, 19.200000762939453, 32.5)
Sbp(61, 1.5707963705062866, 1.5707963705062866, 0, -7.5, 20.600000381469727, 32.100006103515625)
Sbp(61, -1.5707963705062866, 1.5707963705062866, 0, -7.5, 27.600000381469727, 39.899993896484375)
Sbp(61, 1.5707963705062866, 1.5707963705062866, 0, -7.5, 28.600000381469727, 32.100006103515625)
Sbp(61, 0, 1.5707963705062866, 0, -7.5, 27.200000762939453, 32.5)
Sbp(61, -1.5707963705062866, -1.5707963705062866, 0, -8.5, 29.600000381469727, 24.899993896484375)
Sbp(61, -3.1415927410125732, -1.5707963705062866, 0, -8.5, 32, 34.5)
Sbp(61, -3.1415927410125732, -1.5707963705062866, 0, -8.5, 35, 36.5)
Sbp(61, -3.1415927410125732, -1.5707963705062866, 0, -8.5, 30, 31.5)
Sbp(61, -0, -1.5707963705062866, 0, -8.5, 46.20000076293945, 24.5)
Sbp(61, 1.5707963705062866, -1.5707963705062866, 0, -8.5, 41.60000228881836, 36.100006103515625)
Sbp(61, -0, -1.5707963705062866, 0, -8.5, 41.20000076293945, 19.5)
Sbp(61, -1.5707963705062866, -1.5707963705062866, 0, -8.5, 34.60000228881836, 19.899993896484375)
Sbp(61, 1.5707963705062866, -1.5707963705062866, 0, -8.5, 44.60000228881836, 34.100006103515625)
Sbp(61, 1.5707963705062866, -1.5707963705062866, 0, -8.5, 46.60000228881836, 31.100006103515625)
Sbp(61, -1.5707963705062866, 1.5707963705062866, 0, -8.5, 44.60000228881836, 21.899993896484375)
Sbp(61, 1.5707963705062866, 1.5707963705062866, 0, -8.5, 42.60000228881836, 24.100006103515625)
Sbp(61, 0, 1.5707963705062866, 0, -8.5, 41.20000076293945, 24.5)
Sbp(61, -1.5707963705062866, -1.5707963705062866, 0, -8.5, 31.600000381469727, 21.899993896484375)
Sbp(61, -0, -1.5707963705062866, 0, -8.5, 33.20000076293945, 31.5)
Sbp(61, 0, 1.5707963705062866, 0, -8.5, 34.20000076293945, 23.5)
Sbp(61, -1.5707963705062866, 1.5707963705062866, 0, -8.5, 41.60000228881836, 31.899993896484375)
Sbp(61, 3.1415927410125732, 1.5707963705062866, 0, -8.5, 43, 31.5)
Sbp(61, -1.5707963705062866, 1.5707963705062866, 0, -8.5, 34.60000228881836, 24.899993896484375)
Sbp(61, -1.5707963705062866, -1.5707963705062866, 0, -8.5, 34.60000228881836, 31.899993896484375)
Sbp(61, -1.5707963705062866, 1.5707963705062866, 0, -8.5, 22.600000381469727, 16.899993896484375)
Sbp(61, 0, 1.5707963705062866, 0, -8.5, 34.20000076293945, 17.5)
Sbp(61, 3.1415927410125732, 1.5707963705062866, 0, -8.5, 34, 16.5)
Sbp(61, -1.5707963705062866, -0, -0, -5.5, 18.600000381469727, 16.899993896484375)
Sbp(61, 1.5707963705062866, 1.5707963705062866, 0, -8.5, 21.600000381469727, 17.100006103515625)
Sbp(61, 1.5707963705062866, 0, -1.5707963705062866, -4.899993896484375, 18.600000381469727, 17.5)
Sbp(61, -1.5707963705062866, 0, -1.5707963705062866, -8.899993896484375, 18.600000381469727, 16.5)
Sbp(61, -1.5707963705062866, 0, 1.5707963705062866, -9.100006103515625, 18.600000381469727, 17.5)
Sbp(61, -1.5707963705062866, 0, -3.1415927410125732, 6.5, 28.600000381469727, -4.899993896484375)
Sbp(61, 1.5707963705062866, -0, -3.1415927410125732, 1.5, 27.600000381469727, -12.100006103515625)
Sbp(61, 0, 1.5707963705062866, 0, -4.5, 61.20000076293945, 17.5)
Sbp(61, -0, -0, -1.5707963705062866, -5.899993896484375, 68.5999984741211, 31.5)
Sbp(61, -3.1415927410125732, 0, -3.1415927410125732, -5.5, 68.20000457763672, 18.5)
Sbp(61, -0, -0, -1.5707963705062866, -5.899993896484375, 68.5999984741211, 30.5)
Sbp(61, -1.5707963705062866, 0, -1.5707963705062866, 42.100006103515625, 10.800000190734863, 50.5)
Sbp(61, -1.5707963705062866, -0, -0, 41.5, 10.800000190734863, 54.899993896484375)
Sbp(61, -1.5707963705062866, 0, -3.1415927410125732, 42.5, 10.800000190734863, 39.100006103515625)
Sbp(61, -1.5707963705062866, -0, -0, 41.5, 10.800000190734863, 38.899993896484375)
Sbp(61, -1.5707963705062866, 0, 1.5707963705062866, 25.899993896484375, 9.800000190734863, 55.5)
Sbp(61, 1.5707963705062866, -0, -3.1415927410125732, 42.5, 10.800000190734863, 34.899993896484375)
Sbp(61, 1.5707963705062866, -0, -3.1415927410125732, 42.5, 9.800000190734863, 34.899993896484375)
Sbp(61, -1.5707963705062866, 0, 1.5707963705062866, 25.899993896484375, 10.800000190734863, 55.5)
Sbp(61, 1.5707963705062866, 0, -0, 41.5, 10.800000190734863, 35.100006103515625)
Sbp(61, -1.5707963705062866, 0, -1.5707963705062866, 42.100006103515625, 9.800000190734863, 50.5)
Sbp(61, -1.5707963705062866, 0, -3.1415927410125732, 26.5, 10.800000190734863, 51.100006103515625)
Sbp(61, -1.5707963705062866, 0, 1.5707963705062866, 41.899993896484375, 10.800000190734863, 51.5)
Sbp(61, 1.5707963705062866, 0, -1.5707963705062866, 26.100006103515625, 10.800000190734863, 35.5)
Sbp(61, 1.5707963705062866, 0, 1.5707963705062866, 25.899993896484375, 9.800000190734863, 34.5)
Sbp(61, -1.5707963705062866, 0, -3.1415927410125732, 42.5, 9.800000190734863, 39.100006103515625)
Sbp(61, -3.1415927410125732, 0, -1.5707963705062866, 87.10000610351562, 37.60000228881836, -13.5)
Sbp(61, -0, 0, -0, 64.5, 43.20000076293945, -5.5)
Sbp(61, -0, 0, -0, 64.5, 43.20000076293945, -37.5)
Sbp(61, -0, 0, -0, 64.5, 43.20000076293945, -55.5)
Sbp(61, -0, 0, -0, 64.5, 43.20000076293945, -10.5)
Sbp(61, -0, 0, -0, 64.5, 43.20000076293945, -28.5)
Sbp(61, -0, 0, -3.1415927410125732, 65.5, 43, -55.5)
Sbp(61, -0, 0, -3.1415927410125732, 65.5, 43, -37.5)
Sbp(61, -0, 0, -0, 64.5, 43.20000076293945, -19.5)
Sbp(61, -0, 0, -0, 64.5, 43.20000076293945, -46.5)
Sbp(61, -0, 0, -3.1415927410125732, 65.5, 43, -46.5)
Sbp(61, -0, 0, -3.1415927410125732, 65.5, 43, -10.5)
Sbp(61, -0, 0, -3.1415927410125732, 65.5, 43, -28.5)
Sbp(61, -0, 0, -3.1415927410125732, 65.5, 43, -19.5)
Sbp(61, 0, 1.5707963705062866, 0, 80.5, 38.20000076293945, -13.5)
Sbp(61, 3.1415927410125732, 1.5707963705062866, 0, 80.5, 38, -14.5)
Sbp(61, 3.1415927410125732, 1.5707963705062866, 0, 86.5, 38, -14.5)
Sbp(61, -0, 0, -3.1415927410125732, 65.5, 43, -5.5)
Sbp(61, 3.1415927410125732, 1.5707963705062866, 0, 67.5, 38, -14.5)
Sbp(61, 0, 1.5707963705062866, 0, 86.5, 38.20000076293945, -13.5)
Sbp(61, 0, 1.5707963705062866, 0, 73.5, 38.20000076293945, -13.5)
Sbp(61, 0, 1.5707963705062866, 0, 67.5, 38.20000076293945, -13.5)
Sbp(61, 3.1415927410125732, 1.5707963705062866, 0, 73.5, 38, -14.5)
Sbp(61, 3.1415927410125732, -0, 1.5707963705062866, 86.89999389648438, 38.60000228881836, -4.5)
Sbp(61, -0, 0, -3.1415927410125732, 87.5, 38, -4.5)
Sbp(61, -1.5707963705062866, 1.5707963705062866, 0, 71.5, 45.20000076293945, -60.100006103515625)
Sbp(62, 3.1415927410125732, -0, 1.5707963705062866, 88.89999389648438, 43.10000228881836, -58)
Sbp(62, 3.1415927410125732, -0, 1.5707963705062866, 88.89999389648438, 43.10000228881836, -6)
Sbp(62, 3.1415927410125732, -0, 1.5707963705062866, 88.89999389648438, 43.10000228881836, -14)
Sbp(62, 3.1415927410125732, -0, 1.5707963705062866, 88.89999389648438, 43.10000228881836, -18)
Sbp(62, 3.1415927410125732, -0, 1.5707963705062866, 88.89999389648438, 43.10000228881836, -22)
Sbp(62, 3.1415927410125732, -0, 1.5707963705062866, 88.89999389648438, 43.10000228881836, -10)
Sbp(62, 3.1415927410125732, -0, 1.5707963705062866, 88.89999389648438, 43.10000228881836, -30)
Sbp(62, 3.1415927410125732, -0, 1.5707963705062866, 88.89999389648438, 43.10000228881836, -34)
Sbp(62, 3.1415927410125732, -0, 1.5707963705062866, 88.89999389648438, 43.10000228881836, -38)
Sbp(62, 3.1415927410125732, -0, 1.5707963705062866, 88.89999389648438, 43.10000228881836, -42)
Sbp(62, 3.1415927410125732, -0, 1.5707963705062866, 88.89999389648438, 43.10000228881836, -46)
Sbp(62, 3.1415927410125732, -0, 1.5707963705062866, 88.89999389648438, 43.10000228881836, -26)
Sbp(62, -0, -0, -1.5707963705062866, 13.100006103515625, 60.10000228881836, 37)
Sbp(62, -0, -0, -1.5707963705062866, 14.100006103515625, 60.10000228881836, 41)
Sbp(62, 0, 0, 1.5707963705062866, 12.899993896484375, 60.10000228881836, 41)
Sbp(62, -3.1415927410125732, 0, -3.1415927410125732, 8, 65.20000457763672, 37)
Sbp(62, -0, -0, -1.5707963705062866, 13.100006103515625, 60.10000228881836, 29)
Sbp(62, 3.1415927410125732, -0, 1.5707963705062866, -5.100006103515625, 60.10000228881836, 25)
Sbp(62, -3.1415927410125732, 0, -3.1415927410125732, 8, 65.20000457763672, 25)
Sbp(62, -3.1415927410125732, 0, -3.1415927410125732, 8, 65.20000457763672, 21)
Sbp(62, 3.1415927410125732, -0, 1.5707963705062866, -5.100006103515625, 60.10000228881836, 33)
Sbp(62, -3.1415927410125732, 0, -3.1415927410125732, 8, 65.20000457763672, 33)
Sbp(62, 3.1415927410125732, -0, 1.5707963705062866, -5.100006103515625, 60.10000228881836, 37)
Sbp(62, -3.1415927410125732, 0, -3.1415927410125732, 8, 65.20000457763672, 29)
Sbp(62, -0, -1.5707963705062866, 0, 10, 56.20000076293945, -12)
Sbp(62, -0, 0, -0, -0, 65.20000457763672, 37)
Sbp(62, 0, 1.5707963705062866, 0, -10, 56.20000076293945, 18)
Sbp(62, 0, 1.5707963705062866, 0, 6, 56.20000076293945, 18)
Sbp(62, -0, -1.5707963705062866, 0, -2, 56.20000076293945, -12)
Sbp(62, -3.1415927410125732, 0, -1.5707963705062866, -4.899993896484375, 60.10000228881836, 41)
Sbp(62, -0, -1.5707963705062866, 0, 14, 57.20000076293945, -12)
Sbp(62, -0, -1.5707963705062866, 0, -14, 57.20000076293945, -12)
Sbp(62, 0, 1.5707963705062866, 0, 10, 0.20000000298023224, 13)
Sbp(62, 0, 1.5707963705062866, 0, 10, 0.20000000298023224, 6)
Sbp(62, 1.5707963705062866, 0, 1.5707963705062866, -11.100006103515625, 18.100000381469727, -4)
Sbp(62, 1.5707963705062866, 0, 1.5707963705062866, -11.100006103515625, 14.100000381469727, -4)
Sbp(62, -3.1415927410125732, 0, -3.1415927410125732, 8, 65.20000457763672, 17)
Sbp(62, -3.1415927410125732, 0, -3.1415927410125732, 8, 65.20000457763672, 13)
Sbp(62, -0, -0, -1.5707963705062866, 13.100006103515625, 60.10000228881836, 17)
Sbp(62, -0, 0, -0, -0, 65.20000457763672, 13)
Sbp(62, -0, 0, -0, -0, 65.20000457763672, 29)
Sbp(62, -3.1415927410125732, 0, -3.1415927410125732, 8, 65.20000457763672, 9)
Sbp(62, 3.1415927410125732, -0, 1.5707963705062866, -5.100006103515625, 60.10000228881836, 13)
Sbp(62, -0, 0, -0, -0, 65.20000457763672, 17)
Sbp(62, -0, 0, -0, -0, 65.20000457763672, 25)
Sbp(62, -0, 0, -0, -0, 65.20000457763672, 33)
Sbp(62, 3.1415927410125732, -0, 1.5707963705062866, -5.100006103515625, 60.10000228881836, 21)
Sbp(62, 3.1415927410125732, -0, 1.5707963705062866, -5.100006103515625, 60.10000228881836, 29)
Sbp(62, -0, 0, -0, -0, 65.20000457763672, 21)
Sbp(62, -0, 0, -0, -0, 65.20000457763672, 9)
Sbp(62, 3.1415927410125732, -0, 1.5707963705062866, -5.100006103515625, 60.10000228881836, 17)
Sbp(62, -0, -0, -1.5707963705062866, 13.100006103515625, 60.10000228881836, 33)
Sbp(62, 3.1415927410125732, -0, 1.5707963705062866, -6.100006103515625, 60.10000228881836, 41)
Sbp(62, -0, -0, -1.5707963705062866, 88.10000610351562, 43.10000228881836, 7)
Sbp(62, 0, 0, 1.5707963705062866, 86.89999389648438, 43.10000228881836, 7)
Sbp(62, 0, 0, 1.5707963705062866, 86.89999389648438, 43.10000228881836, -1)
Sbp(62, 3.1415927410125732, -0, 1.5707963705062866, 65.89999389648438, 43.10000228881836, 7)
Sbp(62, -3.1415927410125732, 0, -1.5707963705062866, 67.10000610351562, 43.10000228881836, 7)
Sbp(62, -3.1415927410125732, 0, -1.5707963705062866, 67.10000610351562, 43.10000228881836, -1)
Sbp(62, -0, -0, -1.5707963705062866, 88.10000610351562, 43.10000228881836, -1)
Sbp(62, 3.1415927410125732, -0, 1.5707963705062866, 65.89999389648438, 43.10000228881836, -1)
Sbp(62, -3.1415927410125732, 0, -3.1415927410125732, 81, 48.20000076293945, 11)
Sbp(62, -3.1415927410125732, 0, -0, 83, 47, 11)
Sbp(62, -3.1415927410125732, 0, -0, 81, 48, 3)
Sbp(62, -3.1415927410125732, 0, -3.1415927410125732, 81, 48.20000076293945, 3)
Sbp(62, -3.1415927410125732, 0, -0, 81, 48, 11)
Sbp(62, -0, 0, -0, 71, 47.20000076293945, 3)
Sbp(62, -3.1415927410125732, 0, -0, 83, 47, 3)
Sbp(62, -0, 0, -3.1415927410125732, 71, 47, 11)
Sbp(62, -0, 0, -3.1415927410125732, 73, 48, 11)
Sbp(62, -0, 0, -0, 71, 47.20000076293945, 11)
Sbp(62, -0, 0, -3.1415927410125732, 73, 48, 3)
Sbp(62, -3.1415927410125732, 0, -3.1415927410125732, 83, 47.20000076293945, 3)
Sbp(62, -0, 0, -0, 73, 48.20000076293945, 3)
Sbp(62, -0, 0, -3.1415927410125732, 71, 47, 3)
Sbp(62, -3.1415927410125732, 0, -3.1415927410125732, 83, 47.20000076293945, 11)
Sbp(62, -0, 0, -0, 73, 48.20000076293945, 11)
Sbp(62, 0, 0, 1.5707963705062866, 86.89999389648438, 43.10000228881836, 3)
Sbp(62, -3.1415927410125732, 0, -1.5707963705062866, 67.10000610351562, 43.10000228881836, 3)
Sbp(62, 3.1415927410125732, -0, 1.5707963705062866, 66.89999389648438, 43.10000228881836, 3)
Sbp(62, 3.1415927410125732, -0, 1.5707963705062866, 66.89999389648438, 43.10000228881836, 11)
Sbp(62, 0, 0, 1.5707963705062866, 86.89999389648438, 43.10000228881836, 11)
Sbp(62, -0, -0, -1.5707963705062866, 87.10000610351562, 43.10000228881836, 11)
Sbp(62, -3.1415927410125732, 0, -1.5707963705062866, 67.10000610351562, 43.10000228881836, 11)
Sbp(62, -0, -0, -1.5707963705062866, 87.10000610351562, 43.10000228881836, 3)
Sbp(62, -0, -0, -1.5707963705062866, 88.10000610351562, 43.10000228881836, 15)
Sbp(62, 0, 0, 1.5707963705062866, 86.89999389648438, 43.10000228881836, 15)
Sbp(62, 3.1415927410125732, -0, 1.5707963705062866, 65.89999389648438, 43.10000228881836, 15)
Sbp(62, -3.1415927410125732, 0, -1.5707963705062866, 67.10000610351562, 43.10000228881836, 15)
Sbp(62, -0, -1.5707963705062866, 0, -6, 56.20000076293945, -12)
Sbp(62, 0, 1.5707963705062866, 0, 10, 56.20000076293945, 18)
Sbp(62, -0, -1.5707963705062866, 0, 2, 56.20000076293945, -12)
Sbp(62, 1.5707963705062866, 0, 1.5707963705062866, -11.100006103515625, 22.100000381469727, -4)
Sbp(62, -0, -0, -1.5707963705062866, 13.100006103515625, 60.10000228881836, 25)
Sbp(62, 0, 1.5707963705062866, 0, -2, 56.20000076293945, 18)
Sbp(62, 0, 1.5707963705062866, 0, 2, 56.20000076293945, 18)
Sbp(62, -0, -1.5707963705062866, 0, -10, 56.20000076293945, -12)
Sbp(62, -0, -1.5707963705062866, 0, 6, 56.20000076293945, -12)
Sbp(62, 0, 1.5707963705062866, 0, -6, 56.20000076293945, 18)
Sbp(62, 1.5707963705062866, 0, 1.5707963705062866, -11.100006103515625, 10.100000381469727, -4)
Sbp(62, 0, 1.5707963705062866, 0, -14, 57.20000076293945, 18)
Sbp(62, -0, -0, -1.5707963705062866, 13.100006103515625, 60.10000228881836, 21)
Sbp(62, 0, 1.5707963705062866, 0, 14, 57.20000076293945, 18)
Sbp(62, 3.1415927410125732, -0, 1.5707963705062866, 88.89999389648438, 43.10000228881836, -50)
Sbp(62, 3.1415927410125732, -0, 1.5707963705062866, 88.89999389648438, 43.10000228881836, -54)
Sbp(63, 3.1415927410125732, 1.5707963705062866, 0, 89.5, 30, -69.5)
Sbp(63, 1.5707963705062866, 1.5707963705062866, 0, 14.5, 63.60000228881836, -4.899993896484375)
Sbp(63, 1.5707963705062866, 1.5707963705062866, 0, 13.5, 63.60000228881836, -4.899993896484375)
Sbp(63, -1.5707963705062866, -1.5707963705062866, 0, 15.5, 63.60000228881836, 10.899993896484375)
Sbp(63, -1.5707963705062866, -1.5707963705062866, 0, 14.5, 63.60000228881836, 10.899993896484375)
Sbp(63, -1.5707963705062866, -1.5707963705062866, 0, 13.5, 63.60000228881836, 10.899993896484375)
Sbp(63, -1.5707963705062866, -1.5707963705062866, 0, -14.5, 63.60000228881836, 10.899993896484375)
Sbp(63, 1.5707963705062866, 1.5707963705062866, 0, 15.5, 63.60000228881836, -4.899993896484375)
Sbp(63, 1.5707963705062866, 1.5707963705062866, 0, -15.5, 63.60000228881836, -4.899993896484375)
Sbp(63, -0, -0, -1.5707963705062866, 0.100006103515625, 46.60000228881836, -12.5)
Sbp(63, -3.1415927410125732, 0, -1.5707963705062866, -5.899993896484375, 44.60000228881836, -12.5)
Sbp(63, 0, 0, 1.5707963705062866, -0.100006103515625, 44.60000228881836, -12.5)
Sbp(63, 3.1415927410125732, -0, 1.5707963705062866, -6.100006103515625, 46.60000228881836, -12.5)
Sbp(63, 3.1415927410125732, 1.5707963705062866, 0, 5.5, 22, 41.5)
Sbp(63, 3.1415927410125732, 1.5707963705062866, 0, 3.5, 22, 41.5)
Sbp(63, 3.1415927410125732, 1.5707963705062866, 0, -0.5, 22, 41.5)
Sbp(63, 3.1415927410125732, 1.5707963705062866, 0, 9.5, 22, 41.5)
Sbp(63, 3.1415927410125732, 1.5707963705062866, 0, 1.5, 22, 41.5)
Sbp(63, 3.1415927410125732, 1.5707963705062866, 0, -2.5, 22, 41.5)
Sbp(63, 1.5707963705062866, 1.5707963705062866, 0, -3.5, 4.599999904632568, 41.100006103515625)
Sbp(63, 1.5707963705062866, 1.5707963705062866, 0, -2.5, 4.599999904632568, 41.100006103515625)
Sbp(63, 0, 0, 1.5707963705062866, -4.100006103515625, 4.599999904632568, 40.5)
Sbp(63, 1.5707963705062866, 1.5707963705062866, 0, 11.5, 4.599999904632568, 41.100006103515625)
Sbp(63, 0, 0, 1.5707963705062866, -4.100006103515625, 4.599999904632568, 39.5)
Sbp(63, 1.5707963705062866, 1.5707963705062866, 0, 10.5, 4.599999904632568, 41.100006103515625)
Sbp(63, 3.1415927410125732, 1.5707963705062866, 0, 7.5, 22, 41.5)
Sbp(63, 3.1415927410125732, 1.5707963705062866, 0, 10.5, 22, 41.5)
Sbp(63, -1.5707963705062866, -1.5707963705062866, 0, -15.5, 63.60000228881836, 10.899993896484375)
Sbp(63, 1.5707963705062866, 1.5707963705062866, 0, -13.5, 63.60000228881836, -4.899993896484375)
Sbp(63, -1.5707963705062866, -1.5707963705062866, 0, -13.5, 63.60000228881836, 10.899993896484375)
Sbp(63, 1.5707963705062866, 1.5707963705062866, 0, -14.5, 63.60000228881836, -4.899993896484375)
Sbp(63, 3.1415927410125732, 1.5707963705062866, 0, 52.5, 29, -67.5)
Sbp(63, -1.5707963705062866, -1.5707963705062866, 0, 52.5, 23.600000381469727, -62.100006103515625)
Sbp(63, 1.5707963705062866, -1.5707963705062866, 0, 52.5, 23.600000381469727, -61.899993896484375)
Sbp(63, 0, 1.5707963705062866, 0, 52.5, 29.200000762939453, -67.5)
Sbp(63, -1.5707963705062866, -1.5707963705062866, 0, 89.5, 24.600000381469727, -64.10000610351562)
Sbp(63, 1.5707963705062866, -1.5707963705062866, 0, 89.5, 24.600000381469727, -63.899993896484375)
Sbp(63, 0, 1.5707963705062866, 0, 89.5, 30.200000762939453, -69.5)
Sbp(64, -1.5707963705062866, -1.5707963705062866, 0, 89.5, 53.10000228881836, -25.100006103515625)
Sbp(64, 1.5707963705062866, 1.5707963705062866, 0, 89.5, 53.10000228881836, -20.899993896484375)
Sbp(64, -3.1415927410125732, -1.5707963705062866, 0, 89.5, 54, -58)
Sbp(64, 3.1415927410125732, 1.5707963705062866, 0, 89.5, 54, -46)
Sbp(64, 0, 1.5707963705062866, 0, 89.5, 46.20000076293945, -58)
Sbp(64, -1.5707963705062866, -1.5707963705062866, 0, 89.5, 53.10000228881836, -5.100006103515625)
Sbp(64, -0, -1.5707963705062866, 0, 89.5, 46.20000076293945, -6)
Sbp(64, -0, -1.5707963705062866, 0, 89.5, 46.20000076293945, -46)
Sbp(64, 0, 1.5707963705062866, 0, 52.5, 42.20000076293945, -59)
Sbp(64, 3.1415927410125732, 1.5707963705062866, 0, 52.5, 40, -61)
Sbp(64, 0, 1.5707963705062866, 0, 71.5, 71.20000457763672, -73)
Sbp(64, 3.1415927410125732, 1.5707963705062866, 0, 72.5, 71, -75)
Sbp(64, 0, 1.5707963705062866, 0, 72.5, 71.20000457763672, -73)
Sbp(64, -3.1415927410125732, -1.5707963705062866, 0, 72.5, 71, 11)
Sbp(64, -0, -1.5707963705062866, 0, 71.5, 71.20000457763672, 9)
Sbp(64, -0, -1.5707963705062866, 0, 72.5, 71.20000457763672, 9)
Sbp(64, 3.1415927410125732, 1.5707963705062866, 0, 71.5, 71, -75)
Sbp(64, -3.1415927410125732, -1.5707963705062866, 0, 71.5, 71, 11)
Sbp(64, 1.5707963705062866, 1.5707963705062866, 0, 65.5, 55.10000228881836, 1.100006103515625)
Sbp(64, 1.5707963705062866, 1.5707963705062866, 0, 86.5, 56.10000228881836, 3.100006103515625)
Sbp(64, -1.5707963705062866, 1.5707963705062866, 0, 64.5, 59.10000228881836, 2.899993896484375)
Sbp(64, -1.5707963705062866, 1.5707963705062866, 0, 65.5, 59.10000228881836, 2.899993896484375)
Sbp(64, 1.5707963705062866, 1.5707963705062866, 0, 64.5, 55.10000228881836, 1.100006103515625)
Sbp(64, -0, -1.5707963705062866, 0, 65.5, 56.20000076293945, -0)
Sbp(64, -0, -1.5707963705062866, 0, 86.5, 55.20000076293945, -0)
Sbp(64, 1.5707963705062866, 1.5707963705062866, 0, 64.5, 57.10000228881836, 3.100006103515625)
Sbp(64, -0, -1.5707963705062866, 0, 64.5, 56.20000076293945, -0)
Sbp(64, -1.5707963705062866, 1.5707963705062866, 0, 86.5, 58.10000228881836, 2.899993896484375)
Sbp(64, -1.5707963705062866, 1.5707963705062866, 0, 87.5, 58.10000228881836, 2.899993896484375)
Sbp(64, 1.5707963705062866, 1.5707963705062866, 0, 86.5, 54.10000228881836, 1.100006103515625)
Sbp(64, 1.5707963705062866, 1.5707963705062866, 0, 65.5, 57.10000228881836, 3.100006103515625)
Sbp(64, -0, -1.5707963705062866, 0, 87.5, 55.20000076293945, -0)
Sbp(64, 1.5707963705062866, 1.5707963705062866, 0, 87.5, 54.10000228881836, 1.100006103515625)
Sbp(64, 3.1415927410125732, 1.5707963705062866, 0, 89.5, 28, -67)
Sbp(64, -1.5707963705062866, -1.5707963705062866, 0, 52.5, 26.100000381469727, -64.10000610351562)
Sbp(64, 1.5707963705062866, -1.5707963705062866, 0, 52.5, 26.100000381469727, -63.899993896484375)
Sbp(64, 1.5707963705062866, -1.5707963705062866, 0, 52.5, 28.100000381469727, -65.89999389648438)
Sbp(64, 1.5707963705062866, -1.5707963705062866, 0, 89.5, 29.100000381469727, -67.89999389648438)
Sbp(64, 1.5707963705062866, -1.5707963705062866, 0, 89.5, 27.100000381469727, -65.89999389648438)
Sbp(64, -3.1415927410125732, 0, -3.1415927410125732, 76, 34.20000076293945, 13.5)
Sbp(64, 1.5707963705062866, 1.5707963705062866, 0, 89.5, 53.10000228881836, -40.899993896484375)
Sbp(64, 1.5707963705062866, 1.5707963705062866, 0, 87.5, 56.10000228881836, 3.100006103515625)
Sbp(64, 0, 1.5707963705062866, 0, 51.5, 42.20000076293945, -59)
Sbp(64, 3.1415927410125732, 1.5707963705062866, 0, 51.5, 40, -61)
Sbp(64, -1.5707963705062866, 1.5707963705062866, 0, 42.5, 31.100000381469727, -49.100006103515625)
Sbp(64, 1.5707963705062866, -1.5707963705062866, 0, 42.5, 31.100000381469727, -28.899993896484375)
Sbp(64, -0, 0, -3.1415927410125732, 68, 46, -3.5)
Sbp(64, 0, 0, 1.5707963705062866, 86.89999389648438, 45.10000228881836, -3.5)
Sbp(64, 0, 1.5707963705062866, 0, 89.5, 46.20000076293945, -40)
Sbp(64, 0, 1.5707963705062866, 0, 89.5, 46.20000076293945, -20)
Sbp(64, -0, -1.5707963705062866, 0, 89.5, 46.20000076293945, -26)
Sbp(64, -0, -1.5707963705062866, 0, 53.5, 46.20000076293945, -26)
Sbp(64, 1.5707963705062866, 1.5707963705062866, 0, 53.5, 53.10000228881836, -58.899993896484375)
Sbp(64, 0, 0, 1.5707963705062866, 84.89999389648438, 32.10000228881836, 12.5)
Sbp(64, -0, 0, -0, 78, 34.20000076293945, 13.5)
Sbp(64, -0, -0, -1.5707963705062866, 83.10000610351562, 34.10000228881836, 12.5)
Sbp(64, -3.1415927410125732, 0, -1.5707963705062866, 69.10000610351562, 32.10000228881836, 12.5)
Sbp(64, -0, 0, -3.1415927410125732, 78, 34, 13.5)
Sbp(64, -3.1415927410125732, 0, -1.5707963705062866, 71.10000610351562, 34.10000228881836, 12.5)
Sbp(64, 3.1415927410125732, -0, 1.5707963705062866, 70.89999389648438, 34.10000228881836, 12.5)
Sbp(64, -3.1415927410125732, 0, -0, 74, 36, 13.5)
Sbp(64, -0, 0, -3.1415927410125732, 80, 36, 13.5)
Sbp(64, -3.1415927410125732, 0, -0, 76, 34, 13.5)
Sbp(64, 0, 0, 1.5707963705062866, 82.89999389648438, 34.10000228881836, 12.5)
Sbp(64, 0, 1.5707963705062866, 0, 88.5, 12.199999809265137, -29)
Sbp(64, -0, -1.5707963705062866, 0, 88.5, 12.199999809265137, -49)
Sbp(64, 0, 1.5707963705062866, 0, 89.5, 15.199999809265137, -7)
Sbp(64, -0, -1.5707963705062866, 0, 89.5, 15.199999809265137, -25)
Sbp(64, 1.5707963705062866, 1.5707963705062866, 0, 70.5, 18.100000381469727, 6.100006103515625)
Sbp(64, 1.5707963705062866, 1.5707963705062866, 0, 83.5, 18.100000381469727, 6.100006103515625)
Sbp(64, 1.5707963705062866, -1.5707963705062866, 0, 84.5, 24.100000381469727, 6.100006103515625)
Sbp(64, -0, -0, -1.5707963705062866, -1.899993896484375, 62.10000228881836, 39.5)
Sbp(64, 3.1415927410125732, 1.5707963705062866, 0, 15.5, 36, 17)
Sbp(64, -0, -1.5707963705062866, 0, 15.5, 38.20000076293945, 17)
Sbp(64, 1.5707963705062866, -1.5707963705062866, 0, 15.5, 39.10000228881836, 20.100006103515625)
Sbp(64, -3.1415927410125732, 0, -1.5707963705062866, -9.899993896484375, 41.10000228881836, -12.5)
Sbp(64, 3.1415927410125732, -0, 1.5707963705062866, -8.100006103515625, 44.10000228881836, -12.5)
Sbp(64, 1.5707963705062866, -1.5707963705062866, 0, -8.5, 36.10000228881836, 31.100006103515625)
Sbp(64, -3.1415927410125732, 0, -0, 3, 42, -12.5)
Sbp(64, -3.1415927410125732, 0, -3.1415927410125732, 3, 43.20000076293945, -12.5)
Sbp(64, -3.1415927410125732, -1.5707963705062866, 0, 15.5, 36, 21)
Sbp(64, -1.5707963705062866, -1.5707963705062866, 0, 15.5, 39.10000228881836, 16.899993896484375)
Sbp(64, 1.5707963705062866, 1.5707963705062866, 0, 15.5, 39.10000228881836, 21.100006103515625)
Sbp(64, 1.5707963705062866, 1.5707963705062866, 0, 71.5, 42.70000076293945, -54.899993896484375)
Sbp(64, 0, 1.5707963705062866, 0, 69.5, 23.200000762939453, 7)
Sbp(64, 3.1415927410125732, 1.5707963705062866, 0, 12.5, 60, -2)
Sbp(64, -3.1415927410125732, 0, -0, 11, 63, 42.5)
Sbp(64, -3.1415927410125732, 0, -0, 11, 63, 41.5)
Sbp(64, 3.1415927410125732, -0, 1.5707963705062866, 9.899993896484375, 62.10000228881836, 39.5)
Sbp(64, -3.1415927410125732, 0, -0, 11, 63, 40.5)
Sbp(64, -0, 0, -3.1415927410125732, -3, 63, 42.5)
Sbp(64, -0, 0, -3.1415927410125732, -3, 63, 40.5)
Sbp(64, -0, 0, -3.1415927410125732, -3, 63, 41.5)
Sbp(64, -1.5707963705062866, 1.5707963705062866, 0, -8.5, 40.10000228881836, 30.899993896484375)
Sbp(64, 1.5707963705062866, 1.5707963705062866, 0, -8.5, 40.10000228881836, 31.100006103515625)
Sbp(64, 3.1415927410125732, 1.5707963705062866, 0, -8.5, 41, 24)
Sbp(64, 0, 1.5707963705062866, 0, -7.5, 21.200000762939453, 44)
Sbp(64, -1.5707963705062866, -1.5707963705062866, 0, -7.5, 16.100000381469727, 38.899993896484375)
Sbp(64, -0, -1.5707963705062866, 0, -7.5, 31.200000762939453, 38)
Sbp(64, -0, 0, -0, -2, 63.20000076293945, 34.5)
Sbp(64, -0, 0, -0, -4, 61.20000076293945, 15.5)
Sbp(64, 1.5707963705062866, 1.5707963705062866, 0, -13.5, 48.10000228881836, -5.899993896484375)
Sbp(64, -1.5707963705062866, -1.5707963705062866, 0, -13.5, 48.10000228881836, 2.899993896484375)
Sbp(64, 1.5707963705062866, 1.5707963705062866, 0, -13.5, 48.10000228881836, 5.100006103515625)
Sbp(64, -1.5707963705062866, -1.5707963705062866, 0, -13.5, 48.10000228881836, 13.899993896484375)
Sbp(64, 3.1415927410125732, 1.5707963705062866, 0, 1.5, 40, -13)
Sbp(64, -1.5707963705062866, -1.5707963705062866, 0, 71.5, 42.70000076293945, -58.100006103515625)
Sbp(64, -3.1415927410125732, -1.5707963705062866, 0, 71.5, 39.60000228881836, -58)
Sbp(64, 3.1415927410125732, 1.5707963705062866, 0, 71.5, 39.60000228881836, -55)
Sbp(64, -1.5707963705062866, 1.5707963705062866, 0, 15.5, 35.10000228881836, 16.899993896484375)
Sbp(64, 1.5707963705062866, -1.5707963705062866, 0, 15.5, 35.10000228881836, 21.100006103515625)
Sbp(64, 0, 1.5707963705062866, 0, -8.5, 39.20000076293945, 26)
Sbp(64, 1.5707963705062866, -1.5707963705062866, 0, -8.5, 46.10000228881836, 25.100006103515625)
Sbp(64, 1.5707963705062866, 1.5707963705062866, 0, -8.5, 34.10000228881836, 25.100006103515625)
Sbp(64, -1.5707963705062866, -1.5707963705062866, 0, -8.5, 40.10000228881836, 20.899993896484375)
Sbp(64, -1.5707963705062866, -1.5707963705062866, 0, -8.5, 36.10000228881836, 30.899993896484375)
Sbp(64, 3.1415927410125732, 1.5707963705062866, 0, -8.5, 31, 30)
Sbp(64, -1.5707963705062866, 1.5707963705062866, 0, -8.5, 36.10000228881836, 26.899993896484375)
Sbp(64, 1.5707963705062866, 1.5707963705062866, 0, -8.5, 40.10000228881836, 35.100006103515625)
Sbp(64, -1.5707963705062866, 1.5707963705062866, 0, -8.5, 46.10000228881836, 30.899993896484375)
Sbp(64, -1.5707963705062866, 1.5707963705062866, 0, -8.5, 36.10000228881836, 20.899993896484375)
Sbp(64, 1.5707963705062866, 1.5707963705062866, 0, -8.5, 30.100000381469727, 25.100006103515625)
Sbp(64, 0, 1.5707963705062866, 0, -8.5, 35.20000076293945, 36)
Sbp(64, -1.5707963705062866, 1.5707963705062866, 0, -7.5, 22.100000381469727, 32.899993896484375)
Sbp(64, 1.5707963705062866, 1.5707963705062866, 0, -7.5, 22.100000381469727, 33.100006103515625)
Sbp(64, 3.1415927410125732, 1.5707963705062866, 0, -7.5, 27, 32)
Sbp(64, 1.5707963705062866, 1.5707963705062866, 0, -7.5, 26.100000381469727, 39.100006103515625)
Sbp(64, 3.1415927410125732, 1.5707963705062866, 0, -7.5, 23, 38)
Sbp(64, -1.5707963705062866, 1.5707963705062866, 0, -7.5, 26.100000381469727, 38.899993896484375)
Sbp(64, 0, 1.5707963705062866, 0, -7.5, 21.200000762939453, 40)
Sbp(64, -0, -1.5707963705062866, 0, -7.5, 21.200000762939453, 28)
Sbp(64, -3.1415927410125732, -1.5707963705062866, 0, -7.5, 17, 34)
Sbp(64, 0, 1.5707963705062866, 0, -7.5, 31.200000762939453, 34)
Sbp(64, -1.5707963705062866, -1.5707963705062866, 0, -7.5, 26.100000381469727, 28.899993896484375)
Sbp(64, 0, 1.5707963705062866, 0, -7.5, 25.200000762939453, 34)
Sbp(64, 1.5707963705062866, 1.5707963705062866, 0, -7.5, 26.100000381469727, 43.100006103515625)
Sbp(64, -0, 0, -0, -4, 61.20000076293945, 27.5)
Sbp(64, -0, 0, -0, -2, 63.20000076293945, 27.5)
Sbp(64, -0, 0, -0, -4, 61.20000076293945, 22.5)
Sbp(64, -0, 0, -0, -2, 63.20000076293945, 22.5)
Sbp(64, -0, 0, -0, -2, 63.20000076293945, 15.5)
Sbp(64, -0, 0, -0, -4, 61.20000076293945, 34.5)
Sbp(64, 3.1415927410125732, 1.5707963705062866, 0, -7.5, 40, -13)
Sbp(64, -0, -1.5707963705062866, 0, 43.5, 14.199999809265137, -50)
Sbp(64, 0, 1.5707963705062866, 0, 43.5, 14.199999809265137, -28)
Sbp(64, 0, 1.5707963705062866, 0, 53.5, 46.20000076293945, -40)
Sbp(64, -3.1415927410125732, -1.5707963705062866, 0, 53.5, 54, -20)
Sbp(64, 3.1415927410125732, 1.5707963705062866, 0, 53.5, 54, -6)
Sbp(64, -1.5707963705062866, 1.5707963705062866, 0, 53.5, 47.10000228881836, -5.100006103515625)
Sbp(64, -1.5707963705062866, -1.5707963705062866, 0, 53.5, 53.10000228881836, -45.100006103515625)
Sbp(64, 1.5707963705062866, 1.5707963705062866, 0, 53.5, 53.10000228881836, -40.899993896484375)
Sbp(64, 1.5707963705062866, -1.5707963705062866, 0, 53.5, 47.10000228881836, -20.899993896484375)
Sbp(64, -1.5707963705062866, -1.5707963705062866, 0, 53.5, 53.10000228881836, -25.100006103515625)
Sbp(64, -1.5707963705062866, 1.5707963705062866, 0, 53.5, 47.10000228881836, -45.100006103515625)
Sbp(64, 1.5707963705062866, -1.5707963705062866, 0, 53.5, 47.10000228881836, -58.899993896484375)
Sbp(66, -1.5707963705062866, 1.5707963705062866, 0, 69.5, 23.600000381469727, -40.100006103515625)
Sbp(66, 0, 1.5707963705062866, 0, 12.5, 58.20000076293945, 0.5)
Sbp(66, -3.1415927410125732, -1.5707963705062866, 0, 12.5, 61, 8.5)
Sbp(66, -0, -1.5707963705062866, 0, 12.5, 61.20000076293945, 8.5)
Sbp(66, 0, 1.5707963705062866, 0, 12.5, 61.20000076293945, -2.5)
Sbp(66, -3.1415927410125732, -1.5707963705062866, 0, 12.5, 58, 5.5)
Sbp(66, -0, 0, -0, 6.5, 58.20000076293945, 39.5)
Sbp(66, 0, 1.5707963705062866, 0, -12.5, 61.20000076293945, -2.5)
Sbp(66, 3.1415927410125732, 1.5707963705062866, 0, -12.5, 58, 0.5)
Sbp(66, -0, -1.5707963705062866, 0, -12.5, 61.20000076293945, 8.5)
Sbp(66, -3.1415927410125732, 0, -1.5707963705062866, 8.100006103515625, 59.60000228881836, 39.5)
Sbp(66, 0, 1.5707963705062866, 0, -12.5, 58.20000076293945, 0.5)
Sbp(66, -3.1415927410125732, -1.5707963705062866, 0, -12.5, 58, 5.5)
Sbp(66, -0, -1.5707963705062866, 0, -12.5, 58.20000076293945, 5.5)
Sbp(66, -0, -1.5707963705062866, 0, 12.5, 58.20000076293945, 5.5)
Sbp(66, -3.1415927410125732, -1.5707963705062866, 0, -12.5, 61, 8.5)
Sbp(66, 3.1415927410125732, 1.5707963705062866, 0, -12.5, 61, -2.5)
Sbp(66, 1.5707963705062866, -1.5707963705062866, 0, 9.5, 23.600000381469727, 40.100006103515625)
Sbp(66, 0, 1.5707963705062866, 0, 8.5, 22.200000762939453, 41.5)
Sbp(66, 0, 1.5707963705062866, 0, 10.5, 22.200000762939453, 41.5)
Sbp(66, 0, 1.5707963705062866, 0, 2.5, 22.200000762939453, 41.5)
Sbp(66, 0, 1.5707963705062866, 0, 6.5, 22.200000762939453, 41.5)
Sbp(66, 0, 1.5707963705062866, 0, -1.5, 22.200000762939453, 41.5)
Sbp(66, 0, 1.5707963705062866, 0, 4.5, 22.200000762939453, 41.5)
Sbp(66, 0, 1.5707963705062866, 0, 0.5, 22.200000762939453, 41.5)
Sbp(66, 1.5707963705062866, -1.5707963705062866, 0, 3.5, 23.600000381469727, 40.100006103515625)
Sbp(66, 1.5707963705062866, -1.5707963705062866, 0, 5.5, 23.600000381469727, 40.100006103515625)
Sbp(66, 1.5707963705062866, -1.5707963705062866, 0, 7.5, 23.600000381469727, 40.100006103515625)
Sbp(66, 1.5707963705062866, -1.5707963705062866, 0, 1.5, 23.600000381469727, 40.100006103515625)
Sbp(66, 1.5707963705062866, -1.5707963705062866, 0, -2.5, 23.600000381469727, 40.100006103515625)
Sbp(66, 1.5707963705062866, -1.5707963705062866, 0, -0.5, 23.600000381469727, 40.100006103515625)
Sbp(66, -0, -0, -1.5707963705062866, 0.100006103515625, 59.60000228881836, 39.5)
Sbp(66, 0, 0, 1.5707963705062866, 2.899993896484375, 56.60000228881836, 39.5)
Sbp(66, 0, 0, 1.5707963705062866, -0.100006103515625, 59.60000228881836, 39.5)
Sbp(66, -0, 0, -3.1415927410125732, 6.5, 58, 39.5)
Sbp(66, 3.1415927410125732, 1.5707963705062866, 0, 12.5, 58, 0.5)
Sbp(66, -1.5707963705062866, 1.5707963705062866, 0, 84.5, 23.600000381469727, -40.100006103515625)
Sbp(19, 3.1415927410125732, -0, 1.5707963705062866, 64.89999389648438, 58.10000228881836, -4.5)
Sbp(19, 1.5707963705062866, 0, -1.5707963705062866, 57.100006103515625, 56.60000228881836, -4)
Sbp(20, 3.1415927410125732, -0, 1.5707963705062866, 56.899993896484375, 58.10000228881836, -4.5)
Sbp(20, 1.5707963705062866, 0, -1.5707963705062866, 53.100006103515625, 56.60000228881836, -4)
Sbp(19, 3.1415927410125732, -0, 1.5707963705062866, 72.89999389648438, 58.10000228881836, -4.5)
Sbp(19, 1.5707963705062866, 0, -1.5707963705062866, 65.10000610351562, 56.60000228881836, -4)
Sbp(19, 3.1415927410125732, -0, 1.5707963705062866, 80.89999389648438, 58.10000228881836, -4.5)
Sbp(19, 1.5707963705062866, 0, -1.5707963705062866, 73.10000610351562, 56.60000228881836, -4)
Sbp(19, 1.5707963705062866, 0, -1.5707963705062866, 81.10000610351562, 56.60000228881836, -4)
Sbp(19, 3.1415927410125732, -0, 1.5707963705062866, 88.89999389648438, 58.10000228881836, -4.5)
Sbp(19, -3.1415927410125732, 0, -1.5707963705062866, 54.100006103515625, 55.10000228881836, -60.5)
Sbp(19, 1.5707963705062866, -1.5707963705062866, 0, 53.5, 57.100032806396484, -12.899993896484375)
Sbp(19, 1.5707963705062866, -1.5707963705062866, 0, 53.5, 57.100032806396484, -20.899993896484375)
Sbp(19, 1.5707963705062866, -1.5707963705062866, 0, 53.5, 57.100032806396484, -28.899993896484375)
Sbp(19, 1.5707963705062866, -1.5707963705062866, 0, 53.5, 57.100032806396484, -36.899993896484375)
Sbp(19, 1.5707963705062866, -1.5707963705062866, 0, 53.5, 57.10006332397461, -44.899993896484375)
Sbp(19, 1.5707963705062866, -1.5707963705062866, 0, 53.5, 57.100032806396484, -52.899993896484375)
Sbp(19, -0, -0, -1.5707963705062866, 54.100006103515625, 58.100032806396484, -59.5)
Sbp(19, -1.5707963705062866, 0, 1.5707963705062866, 61.899993896484375, 56.59994125366211, -60)
Sbp(19, 1.5707963705062866, -1.5707963705062866, 0, 53.5, 57.100032806396484, -60.899993896484375)
Sbp(19, -1.5707963705062866, 0, 1.5707963705062866, 69.89999389648438, 56.59994125366211, -60)
Sbp(19, -0, -0, -1.5707963705062866, 62.100006103515625, 58.100032806396484, -59.5)
Sbp(20, -1.5707963705062866, 0, 1.5707963705062866, 73.89999389648438, 56.59994125366211, -60)
Sbp(20, -0, -0, -1.5707963705062866, 70.10000610351562, 58.100032806396484, -59.5)
Sbp(19, 1.5707963705062866, 0, -1.5707963705062866, 80.10000610351562, 56.59994125366211, -60)
Sbp(19, 3.1415927410125732, -0, 1.5707963705062866, 87.89999389648438, 58.099971771240234, -59.5)
Sbp(4, 1.5707963705062866, -0, -3.1415927410125732, 89, 58.10000228881836, -59.100006103515625)
Sbp(4, 3.1415927410125732, 1.5707963705062866, 0, 89, 56.999942779541016, -60)
Sbp(19, -1.5707963705062866, -1.5707963705062866, 0, 89.5, 57.100032806396484, -3.100006103515625)
Start()